scan,thickness_um,snr_db,pigment,fouling,outer_mae_px,inner_mae_px,outer_mae_um,inner_mae_um,dice_above,dice_coating,dice_core,coverage,separated
0,18.03915618507397,28.4661180687271,0.13845572651903995,0.08026724347489975,0.5988061428070068,1.6902503967285156,0.21781139849740525,0.6148163427256079,0.9978567054500919,0.983212476408066,0.996750924658234,0.75,True
1,4.305322082780098,32.19004503538292,0.06147274848230888,0.10588134454054904,0.5795699474858302,0.7375974468156403,0.21081437173840437,0.2682957303442516,0.9992939515180043,0.9789857102829924,0.9992489539000751,1.0,True
2,17.510789741586432,26.83496121902553,0.6387524678474144,0.2379047288832874,0.5604668082771721,22.911133483216002,0.20386574317687428,8.333758905256193,0.88389343706183,0.8862170390629032,0.9353005464480875,0.8125,False
3,6.682062886007827,28.860889431727443,0.14560786015884639,0.16818683994616632,0.47982770746404474,0.4185000332919034,0.17453385416293446,0.15222635675582702,0.9989373007438895,0.9828734538534729,0.9990881632187838,0.55,True
4,19.54402253680315,20.65337686971625,0.0751002587904943,0.06340325402809432,0.4933259608381886,0.9969265178098516,0.1794437460870762,0.362624802119467,0.9812988080558981,0.9952376505742833,0.99585264698707,0.8194444444444444,True
5,12.345354875035657,19.620845846514356,0.011607209310378463,0.006576078498200365,0.5848377506907393,0.6783041605135289,0.21273049701008542,0.2467282267938875,0.9396551724137931,0.9936018065487392,0.9933022755271095,0.9761904761904762,True
6,3.5322999717365073,23.79416543334316,0.04572723376107587,0.0242261189744641,0.5287601030789889,0.6675934424767127,0.19233265874893607,0.24283228066418622,0.9754624871531347,0.9824046920821115,0.9954421768707483,1.0,True
7,34.9890522230998,28.924704740797534,0.03239475546131549,0.09359831748620155,0.4861214835688753,1.1918003874005012,0.17682316964790354,0.43350876110353587,0.9995387690257777,0.9961490764310423,0.9981332100224357,1.0,True
8,3.992556400513903,40.05685010436427,0.13951035838075748,0.01521709884165238,0.6254171976229039,0.6900355641434832,0.2274909769963348,0.2509954399173197,0.9970305048141815,0.9694943585457585,0.9994323181289205,1.0,True
9,31.79979753611989,22.46734078112187,0.13092063142301666,0.14830229877751652,0.47486432393391925,0.8194236755371094,0.17272845934365644,0.29805942853887063,0.9696036578253668,0.9953554841014648,0.9227344619530198,1.0,True
10,6.060221500990758,41.28474438781011,0.5930513710326609,0.11456834345293143,0.577529059516059,1.4751346164279513,0.21007201351744728,0.5365695352922586,0.9852712250029937,0.9392084863321093,0.9947574234025182,0.8035714285714286,True
11,2.4535138523278963,23.168591561989647,0.10117889944552087,0.12267318162594047,0.4891285997755984,2.721532294090758,0.17791698639360395,0.9899376653903343,0.9874578323674422,0.8970315398886828,0.9957716958044076,1.0,True
12,13.53416319173931,20.558357135315298,0.11230984274199875,0.1544019205011423,0.586789748247932,11.8630843817019,0.21344052198712157,4.3151110433815365,0.9981884057971014,0.8859536082474226,0.9850515463917526,0.8793103448275862,True
13,24.23256233926626,32.533255743068814,0.1274604123398375,0.01617189027763831,0.5078257918357849,1.8403170108795166,0.18471795461933632,0.6694019869923447,0.9964790190961434,0.9926516746058122,0.9966938008766437,1.0,True
14,26.62673689472817,36.855693664871744,0.020013629025474555,0.42138492241046227,0.5302277926740975,0.6334415304249731,0.19286652021163272,0.23040976994898257,0.9994549951788035,0.9972636307943639,0.9992334554126565,1.0,True
15,15.857087128997629,39.57350896927355,0.1034933116705917,0.07695618720269584,0.4815915822982788,1.6572520732879639,0.17517545086168898,0.6028134415146015,0.9996763005780347,0.990524460114588,0.9981926721069062,1.0,True
16,7.655327724785837,24.542980971996272,0.6623242853622904,0.29326136602902797,0.4919889944571036,11.633883723506221,0.17895743424691526,4.2317409636022845,0.9992858163119555,0.8464044099223252,0.986276634163958,1.0,False
17,26.81943826119048,27.195749139200657,0.5732694166127843,0.022743316263662487,0.4630131312779018,11.991431971958706,0.16841767382938477,4.361796549973971,0.9804436277726736,0.9180547112462006,0.973531888966543,0.8974358974358975,True
18,6.999922234176585,40.8299558530982,0.7262625215444103,0.012284641057215833,0.5943446641557673,2.1945313871576544,0.2161885679435343,0.7982449015011444,0.989881764438381,0.9360580092287409,0.994049626921053,0.9468085106382979,True
19,30.659445285733185,34.369965825485465,0.10487386197249647,0.20469815143734946,0.567026722815729,0.7116642613564769,0.20625186459000586,0.25886272191538934,0.9947378196000742,0.9971089910378722,0.9985448160575339,1.0,True
20,22.04920972142471,30.02457914389945,0.02510084873146246,0.12340114198476136,0.5437281994109459,0.987391045752992,0.19777719540586575,0.35915634320503176,0.9984565254673298,0.9944796805261922,0.998667969096883,1.0,True
21,8.505894368207446,26.378872894051085,0.11841695055461522,0.21240549326605038,0.5641113008771624,0.5231445857456752,0.20519140097039024,0.190290054980842,0.9994895354772844,0.9957829631712117,0.9997606145676917,1.0,True
22,26.77855492981258,20.288695113480152,0.059085874650947,0.016123343533471165,0.5099953787667411,0.6699066162109375,0.18550712615551668,0.2436736808603451,0.9997485120295079,0.9960411718131433,0.9989432071705351,0.9722222222222222,True
23,31.22804903692656,24.955555622925978,0.07394511515074687,0.1326580885476412,0.5153514438205296,0.8062089708116319,0.18745535603562455,0.29325267538250865,0.9728127168359301,0.996227739275375,0.9909462353978796,0.9782608695652174,True
24,4.722166346492719,18.937368705692897,0.08986382903891578,0.1424072794112139,0.75446531507704,3.334898418850369,0.27443129528428856,1.2130451518943315,0.9964819700967458,0.8979278587874137,0.9962447802445399,1.0,True
25,31.54156249096719,42.8843792334246,0.8658626017787807,0.09135256556814839,0.5880499175100615,12.90303594415838,0.21389889943134954,4.693385893947344,0.9975499677627337,0.9458927693064437,0.9802364283254906,1.0,True
26,25.475366947337317,41.14998671676797,0.08044174035989268,0.0404828505286778,0.4390742778778076,1.1238126754760742,0.15971008924607266,0.4087787231892941,0.9998537263219484,0.9953958116738453,0.9989797276316373,1.0,True
27,4.131146333631473,24.780646266770614,0.022286554521885344,0.20934566547763342,0.44891764322916666,0.9479728698730469,0.16329054211693012,0.3448182671552764,0.9980394719644491,0.9641662685140946,0.998697529026496,0.967741935483871,True
28,9.940990503662873,30.378216134466335,0.7030644278728482,0.2306085090541656,0.5485551313920455,3.082280800559304,0.19953295696222978,1.121157322442331,0.9953205428170332,0.9658830871645517,0.995531246363319,1.0,True
29,2.8251776020021273,44.870457420424415,0.033282933466438624,0.10270894980536888,1.1101096272468567,0.9297114014625549,0.40379433861953656,0.33817579025205036,0.9952889311492414,0.9309734513274336,0.9991818095328703,1.0,True
30,13.794744474280948,31.90255622918019,0.8889653122552664,0.2862918155608159,0.5126109000964042,4.238858410435864,0.1864585031002207,1.541854053269275,0.7230685031469488,0.9545205479452055,0.9266405843040332,0.9590163934426229,True
31,8.287801016219252,34.011674214826954,0.07502025919449393,0.34462639272450474,0.4923518636952276,1.1422212020210598,0.17908942530475075,0.4154746914240959,0.9995544995544996,0.9850093691442848,0.9989126495106923,1.0,True
32,4.039883724986069,40.77015965002926,0.791668048698533,0.015885497643469075,0.7771725654602051,4.592868423461914,0.2826908931882165,1.6706226321249196,0.9975031777737425,0.8058017727639001,0.9926548890041778,1.0,False
33,7.362861178002913,21.657110327220465,0.015141210434416762,0.12937636652984877,0.6019057249411558,0.6821381006485376,0.21893884905466204,0.24812279475647891,0.9990796134376438,0.9905348888399735,0.9994747662709906,1.0,True
34,10.89261837266084,27.520585844677328,0.019513885672455742,0.20746758043785532,0.5557221077583931,0.7078432650179476,0.2021398927194923,0.25747286216504145,0.9804462847941109,0.9936772046589019,0.9971181556195965,1.0,True
35,3.0720771422409183,40.16736898737375,0.07309313909072869,0.2678707663630551,0.5119970148259944,2.3622615467418324,0.18623520677824557,0.8592555325176625,0.9835582441445634,0.9160405096373734,0.9957764881042812,0.9821428571428571,True
36,7.722813689296452,22.473863367546166,0.03756941798300709,0.028880389280658034,0.6347536127618019,1.0812837316634807,0.2308870303982304,0.393309127829074,0.943001112492638,0.9822784810126582,0.9878569677261172,0.9791666666666666,True
37,23.411874080173078,23.266888525250234,0.12005108925437956,0.20667784682745194,0.4833004760742188,3.549964599609375,0.17579704859860623,1.2912739178535886,0.939778779188857,0.9807572936064556,0.8780464853674602,0.9615384615384616,True
38,3.77925225524701,38.7895966744574,0.6707258161422451,0.10404108134511685,0.5811667442321777,0.7426836490631104,0.21139519499250073,0.2701457995826347,0.9990708947687336,0.9686003193187865,0.9990737039167699,1.0,True
39,3.453146380945593,26.840795211228414,0.9891879933282006,0.17079843494221797,0.5825668191010097,1.8443238600245062,0.21190446208811176,0.6708594493552843,0.9816915781259379,0.9245342595516262,0.9943370865742679,0.9814814814814815,True
40,15.538395131245416,16.42381527602924,0.8813090743976197,0.33706673601029397,0.5507665780874399,25.167466970590446,0.20033735468461847,9.15448387320287,0.9976011994002999,0.654425266250459,0.9546338617135077,1.0,False
41,4.843044072759724,23.55975933913158,0.021905287533602897,0.1033003580155239,0.5355513436453683,5.468397594633556,0.19480292332965887,1.9890900284415796,0.9559029101537679,0.8910891089108911,0.8835304403847039,0.9545454545454546,False
42,4.227847166878483,32.25736415274655,0.10966707094424452,0.16874536748074082,0.4968536083514874,0.5385589599609375,0.18072690232638208,0.1958969219863308,0.9994450610432852,0.9896193771626297,0.9996840157089333,1.0,True
43,5.717189806972548,28.17211088584179,0.11717044379273397,0.25196385444192476,0.5446871881899626,0.5513600888459579,0.19812602063020598,0.20055323992542456,0.999247554552295,0.9906357811729917,0.9996357012750455,1.0,True
44,3.436851567214722,24.15274907674668,0.019186002647928486,0.2158738616052207,0.6139555431547619,0.580814452398391,0.22332188317726112,0.2112670513889021,0.9980549682875264,0.9761347683668694,0.9995558886390763,1.0,True
45,6.209687692815925,20.280556931748634,0.02861876884546817,0.2595812630962222,0.510039234161377,2.100587844848633,0.18552307823775907,0.7640736182303864,0.9972477064220183,0.9452423698384201,0.9969796814936848,0.9523809523809523,True
46,4.939590392088119,41.77670409105668,0.066203059282028,0.1296055626958493,0.5756545179472194,0.8311860092042938,0.2093901625953166,0.30233789223938123,0.9985790039164039,0.944909480241386,0.9975072619023094,0.9921875,True
47,21.481169201796323,41.510900578866405,0.5965244361890476,0.03353928051692572,0.61278563279372,18.052378336588543,0.2228963367547401,6.566421902862622,0.9996232710833647,0.8845707656612529,0.9752408447610381,0.9285714285714286,True
48,4.548603658707616,19.861350661600838,0.6381793630889638,0.08769432095071714,0.4789610076368901,25.942677949604235,0.1742185983765708,9.43646125352503,0.997588424437299,0.6236120552911851,0.9734632611452698,0.8142857142857143,False
49,32.56309150899231,41.16299440480874,0.5879259584556258,0.0011992264322956145,0.5808813715555582,4.765418179063912,0.21129139274776076,1.7333863562942784,0.9719146439832808,0.9687539214456017,0.9815710587273471,0.8829787234042553,True
50,3.4779882980932015,16.43636813572728,0.5616990080547621,0.08652820227617741,0.6010022163391113,0.6050810813903809,0.21861020434296413,0.2200938619703468,0.9974630021141649,0.9696202531645569,0.9993921588491541,1.0,True
51,3.9869501690963127,39.11526752532103,0.07891121136891606,0.07971213458252364,0.6301409403483073,0.7967946491544209,0.22920920420813154,0.2898282840486969,0.9984261263033641,0.966594568613314,0.9989763802125685,1.0,True
52,33.14006597878158,21.44957730131832,0.002961282277399785,0.02103582487362667,0.5262784957885742,1.301214599609375,0.19142999206633862,0.4733073885274157,0.9991255465334166,0.99429845243709,0.9975092907408871,1.0,True
53,26.445915185394046,25.149385615353225,0.005434397717744383,0.13729307315805717,0.5908214024135044,0.9875712492028061,0.21490700699668544,0.3592218909050505,0.9954200471080868,0.9948388896638304,0.9974984660404965,1.0,True
54,5.016650167845671,34.01999359149633,0.035202905219849645,0.3915015315454501,0.4746321316423087,2.016301122205011,0.17264400107888492,0.7334149331879934,0.9994051160023796,0.9615537059056679,0.9981016837240013,1.0,True
55,38.014272858384004,42.47482105725458,0.0068209485130193755,0.05748397130824586,0.5717391274192116,1.4211212158203126,0.20796596764205316,0.5169225519316653,0.9983794186164286,0.9954793798707602,0.9976951633618946,1.0,True
56,6.835803766302733,20.475382595859955,0.017147727783235183,0.03148719305047931,0.6449967434531764,1.6855621337890625,0.23461289501682206,0.6131110210290418,0.9966833914448507,0.9685840707964601,0.9974165244942725,1.0,True
57,7.715451219800143,29.893669261733493,0.13517519856740243,0.0179311554976786,0.5351649390326606,0.6610827975802951,0.194662371449738,0.24046408072662184,0.9896300260921924,0.9838459148803976,0.997477776407681,1.0,True
58,9.294000178584092,26.134645675080385,0.025366162739171017,0.2021706808894066,0.5137195587158203,0.5207862854003906,0.18686176964524853,0.18943224030667138,0.9944225275472725,0.9897992760776572,0.9969216055470875,1.0,True
59,2.3963401393776484,23.071627953721542,0.02267541679496804,0.4339533703978089,0.4714230195975598,3.5502983375831887,0.17147670980975224,1.2913953126249704,0.9029958414665196,0.8456575682382134,0.9803096181007505,0.9642857142857143,False
60,24.09309980818586,43.61475147688255,0.1093901907353262,0.4357821079069705,0.4612770080566406,2.745072541413484,0.16778617157890002,0.998500259899306,0.9996023856858847,0.9884995507637017,0.9967540966441547,1.0,True
61,2.3038009784745626,39.01458406596542,0.023662041306477775,0.23192987472717289,0.7679684021893669,1.550712361055262,0.2793429454456933,0.5640603926428317,0.997145081754477,0.9152276295133438,0.9985820747873112,1.0,True
62,2.032098790885156,24.004609456261253,0.005989604228629097,0.07825966402080088,0.487509944982696,3.6211067333556057,0.17732821243334712,1.317151353864378,0.9974713090838359,0.8439661798616449,0.9967847835651673,0.890625,False
63,4.676044971098372,40.317830604955454,0.019892482570775093,0.06981079060440816,0.4823443635981134,0.8156602737751413,0.17544926960862275,0.2966905183987052,0.997793468667255,0.9803591470258137,0.9990391423080813,1.0,True
64,2.236618654413018,42.17345267680584,0.05976042507154599,0.4952199258599341,0.602936037125126,2.101561515561996,0.2193136176511021,0.7644277839020335,0.999152143193594,0.9136577708006279,0.9980425977247621,1.0,True
65,10.997724179985333,34.42351111042599,0.05887158131258621,0.0951898288899764,0.5691482189089753,0.48529815673828125,0.2070235434321945,0.17652369047497543,0.9994196169471852,0.9958847736625515,0.9996774583719711,0.7413793103448276,True
66,9.390506469989628,37.06206644508532,0.05267303363619829,0.11254800054125759,0.4799312353134155,0.8849990963935852,0.17457151166849907,0.32191201304451805,0.9994488333639537,0.9911047345767575,0.9991561828781835,1.0,True
67,34.60881623951244,21.182865550099265,0.9753798633157686,0.05997274501281702,0.5156300391679929,21.763304533781827,0.1875566930759585,7.916244436316213,0.9792671166827387,0.8593127017277388,0.9486073615592283,0.9204545454545454,True
68,2.031046899735376,26.10121321653116,0.80501723524942,0.19492336849267763,0.5608841124035063,2.938427243913923,0.20401753453113378,1.068831632854583,0.9992163886712191,0.8735919899874843,0.9974167053056898,1.0,True
69,2.8328141446753827,31.520313568512282,0.07084247592296354,0.004415845293589186,0.4272654765361064,0.8390649331582559,0.1554147232654285,0.3052037937764339,0.999817701212287,0.9781553398058253,0.9995696280356594,0.9736842105263158,True
70,26.593323923676454,44.97748934182414,0.9655042533425289,0.09200249489456745,0.6784684581141318,26.91178451045867,0.2467879888564297,9.788966747745965,0.8105785720732918,0.8849793415966947,0.6607710294382158,0.96875,False
71,10.661077378580314,23.52702194702016,0.08450295794515679,0.37731691962730224,0.5656929969787597,40.203989028930664,0.2057667314743023,14.62390989263455,0.9973386560212908,0.6940726577437859,0.951350690624618,1.0,False
72,16.6141521472276,27.415763682938685,0.00893109147810796,0.08052056161236938,0.573067824045817,0.6293436686197916,0.20844927141890332,0.22891920238991975,0.9992854080320137,0.9980230642504119,0.9998060135790494,1.0,True
73,3.3941394627435386,21.983059638533973,0.09020090979474908,0.1528585533975262,0.7050209045410156,2.1490264892578126,0.2564462489782384,0.7816928243905382,0.997934493951018,0.8967795210569777,0.9973034035420159,0.8333333333333334,True
74,2.772256778777466,38.040177416167886,0.030063603512525825,0.06084786927658901,0.6186938285827637,0.9046237468719482,0.2250454001918245,0.32905033755414603,0.9989258861439313,0.9532967032967034,0.9989415589324866,1.0,True
75,4.820638007258797,18.565378693455145,0.07088359173365598,0.07250130305873244,0.5925699869791666,3.264967261420356,0.2155430419709636,1.1876081997499002,0.9419295839048926,0.9236019952743503,0.9884261651338224,1.0,True
76,30.928897019757244,35.319587531523055,0.04462757015382769,0.03617804159088377,0.46131054560343426,0.9796530405680338,0.1677983706187012,0.356341699849813,0.9999509057882076,0.9959022613446653,0.9986899563318777,0.9230769230769231,True
77,8.853910424242931,44.08154536144272,0.05623493412831751,0.5869418356577334,0.48370494013247284,1.01092761495839,0.17594416947107638,0.36771759982545854,0.9995914365092335,0.9864670313849697,0.9986431478968792,1.0,True
78,19.135487816704885,19.082108566706992,0.032979328648149266,0.04136024047816554,0.5643935293521521,0.6594514666863207,0.20529405953455448,0.23987069592638757,0.9979892761394102,0.9969223484848485,0.9997022796869683,0.8833333333333333,True
79,33.53704922918818,38.15906552259059,0.13048602578816576,0.3244279592513007,0.5778615067644817,0.7426921565358232,0.21019293879681417,0.2701488941142315,0.9727272727272728,0.9954138150003528,0.9956926568827216,0.7321428571428571,True
80,4.778793925419059,34.190389210478926,0.07914168679143924,0.15795699477811934,0.4924004077911377,0.6148831844329834,0.1791070828681308,0.22365930597517397,0.9998557123481372,0.9895749799518845,0.9997300580375219,0.9411764705882353,True
81,11.693670132137713,41.96272354422659,0.14538090397897468,0.03612742687779172,0.5054994240785257,0.7369431715745193,0.1838717551928364,0.26805774246289354,0.9996701629395078,0.9868292682926829,0.9985860273796516,0.975,True
82,2.539348881918575,20.022417338428717,0.027206138946830966,0.04255636967633097,0.4796867370605469,0.9187217125525842,0.17448257719942722,0.33417837048726406,0.9992809311941037,0.9163346613545816,0.9974313551815767,1.0,True
83,13.90520510408644,39.40398693626532,0.6293733658850214,0.4674999815734087,0.6167226072217598,2.018069407978996,0.22432838269535135,0.7340581343341429,0.9989680082559339,0.9808711006474397,0.9974469171524616,0.9838709677419355,True
84,21.44834082750258,25.38402653843599,0.10678596784117521,0.119126745602729,0.5512599621788931,0.7367501986228814,0.20051681957529582,0.2679875499490503,0.9992906543713425,0.9962867457452295,0.9992901148492762,1.0,True
85,19.482380158660934,25.10977918665457,0.04485983859923775,0.19062544280353366,0.5734152392806294,2.7462637357622666,0.2085756411949365,0.9989335482182506,0.9992411924119241,0.9826361483820047,0.9960485995376592,0.9907407407407407,True
86,12.542390027855715,33.94680333134768,0.057375081405616035,0.0054607347229738935,0.39609336853027344,0.6306811741420201,0.14407609469519533,0.22940571033876767,0.9997395607257574,0.9918641669614432,0.9995170566799841,1.0,True
87,2.31710474904574,23.886018148695932,0.1076544041600153,0.14148918785394274,0.5946346330054012,0.9415710825978973,0.21629404201292743,0.3424896633892115,0.9655774943211602,0.9516876240900066,0.9939305178071003,0.9878048780487805,True
88,8.951817537016236,36.416247474740096,0.14011757627057445,0.06260964858803791,0.4836949157714844,1.9716238403320312,0.17594052318235312,0.7171638954144,0.9993225442228076,0.9762150982419855,0.9980349913586969,1.0,True
89,5.723641372101164,15.833551868067676,0.7312016661992111,0.04469182800163066,0.6103915214538574,2.9833868026733397,0.22202549609059877,1.085185346801654,0.9993025283347864,0.914180252230083,0.9959672018928853,1.0,True
90,20.329906324086302,25.665526041337454,0.10965860394697037,0.006460268018220719,0.3817744899440456,4.358912699931377,0.1388677062922961,1.585522931761488,0.9977511244377811,0.9761904761904762,0.9945838837516513,0.8809523809523809,True
91,15.441290185535108,31.93894549273186,0.05915223229900569,0.07245717549022805,0.48514011928013395,1.4009315854027158,0.17646620549392183,0.5095787200601545,0.9999615960674373,0.9921779940900399,0.9986118122160526,1.0,True
92,9.30438695221761,35.124807777568506,0.09179409695492838,0.12923471034560277,0.5433860778808594,0.7581024863503196,0.197652751176595,0.27575428999822715,0.9834566826295168,0.9905392620624409,0.9970133404128227,1.0,True
93,2.645042941840676,40.66290356858652,0.8806617495795205,0.12831931141039749,0.5459925106593541,1.1678495407104492,0.1986008222266216,0.42479681404784486,0.9986824769433466,0.9287974683544303,0.9983157319737801,1.0,True
94,32.153750450497924,31.995771575304055,0.585539368944214,0.06933020902899066,0.5485783012545838,53.43460036297234,0.19954138483195538,19.436448962682174,0.947196612113459,0.7664988073151339,0.9043114074822153,0.8909090909090909,False
95,4.552264669479434,31.413676865669586,0.005839247103120748,0.38365707252010045,0.5796648661295573,0.7253104315863715,0.21084889770775522,0.2638264175247461,0.9990822881615172,0.9882515549412578,0.9996343883839967,0.8571428571428571,True
96,15.040629546399517,22.039061767320305,0.13154674643291345,0.12754323328232314,0.48814041137695313,0.6238790893554688,0.177557540019058,0.22693150125148018,0.9223567393058918,0.9958714772931251,0.9875741745701678,1.0,True
97,31.896869463801234,21.05338258770434,0.006427723899892218,0.007102727935720813,0.6178228405938633,1.60611669568048,0.22472858461767636,0.5842133181805818,0.883829275623685,0.9890513999164229,0.9678088926113397,0.7666666666666667,True
98,8.838359024418562,21.097393752643796,0.7961089765604255,0.16736968497677354,0.5118433469301694,5.561732998141995,0.18617931119384676,2.023040105627152,0.9992363914039489,0.9122915379864114,0.9920281926306964,0.9166666666666666,True
99,7.5917554243398335,31.039159602869347,0.10098835893961437,0.06598175190083845,0.5396928191184998,0.6289668083190918,0.19630935504463246,0.22878212218438143,0.9994054696789536,0.988479262672811,0.9992378048780488,1.0,True
100,5.54381252802868,18.931191784228503,0.5670100402443226,0.07171953292050093,0.5693985865666316,0.9938997121957632,0.20711461285475755,0.36152382349440826,0.9988934993084371,0.9703429101019463,0.9987232102143183,1.0,True
101,13.769515818175243,36.218434680954886,0.9385630899203601,0.35162246407839987,0.5559139564389088,27.800028566454277,0.20220967628785572,10.112059091349002,0.9993273758047468,0.8084686265906099,0.9622063329928499,0.953125,False
102,2.9973370314316106,24.65119489933852,0.7319745972898493,0.1289370799698608,0.5461482654918324,0.5219114130193537,0.19865747691911656,0.1898414973310326,0.9980584562103164,0.9662629757785467,0.9991125330061027,1.0,True
103,21.65471746534657,33.68008425875416,0.11598050397510246,0.009024036532141982,0.49119458879743305,0.6864689418247768,0.1786684749404927,0.24969810687476293,0.9999397166683412,0.9969666329625885,0.9994808341265035,0.9333333333333333,True
104,3.712599042730822,37.52407869787487,0.04384601377985942,0.3747239024092892,0.5721769025248866,0.760101318359375,0.20812520516681776,0.2764813506680006,0.9963898916967509,0.9752808988764045,0.9995727104401082,1.0,True
105,3.1286230044669874,29.82225330083771,0.04211333851387982,0.279965923228407,0.5576251983642578,0.8156440734863282,0.2028321281471176,0.29668462566095555,0.9980678995307756,0.96579476861167,0.9928025191183086,1.0,True
106,10.645222455888453,40.10337508757155,0.051203134333785205,0.2750411870417375,0.5782394409179688,0.7248825073242188,0.21033040960852806,0.26367076317298294,0.9973836878625867,0.9887406171809842,0.9993787699645298,0.967741935483871,True
107,10.913328186125772,31.480724549989155,0.05800359252101919,0.03246647521872541,0.5174901144845145,0.6965209415980748,0.18823328200355852,0.2533544490058811,0.9986633994208064,0.993461295085425,0.9995644699140401,1.0,True
108,9.107567083698976,44.85130404735574,0.8986369199895867,0.3268428199672451,0.5805673599243164,1.8481152852376301,0.2111771732906513,0.6722385528228902,0.9997025137587386,0.9466214131440913,0.9955942431443753,0.5454545454545454,True
109,3.4960723492014276,17.920993228556956,0.0943132429716734,0.10883585511532792,0.5313978830973307,0.4278591156005859,0.19329213213047203,0.15563065517659902,0.9990622906898862,0.9781209781209781,0.9994849392419068,1.0,True
110,9.922838220924545,37.721804116364666,0.0278764262388256,0.046153414961520416,0.47144107818603515,0.3409740447998047,0.17148327849054812,0.12402683980664958,0.9995868270749787,0.9948353776630084,0.9993150888895507,1.0,True
111,28.41567410971115,19.304711563219307,0.10865936246870384,0.35080859626768685,0.7568306642420152,0.9651812385110294,0.2752916739155812,0.351077686641736,0.9959982214317474,0.9956344176876496,0.9991361030393466,1.0,True
112,2.678236193563249,17.824507716829054,0.1073435711359139,0.09736499251296823,0.4805942658455141,3.0953260852444555,0.1748126842235532,1.1259024502857928,0.9988773055332799,0.8900126422250316,0.9970002335147563,1.0,True
113,13.272399134791737,32.11301998614188,0.13713152199860187,0.3190087774408187,0.4858327405206088,1.1442376498518319,0.17671814145488182,0.41620815972146286,1.0,0.989514348785872,0.9984977862112587,0.90625,True
114,23.38485318404385,39.662364835512435,0.13296767438039192,0.26359746532583983,0.6145178658621652,1.4309260777064732,0.22352642399030656,0.5204889994458599,0.9989836459392035,0.9926744989633725,0.997952012417272,1.0,True
115,11.191359022041533,34.62107165422588,0.9610046636260194,0.07716200176465633,0.42070858295147234,12.895294776329628,0.15302970070241162,4.690570100203345,0.990133836650652,0.8287937743190662,0.9650434782608696,1.0,True
116,13.144798141001152,35.166672772051804,0.09134526700929882,0.05159812119169423,0.5631924129667736,0.6574220203218006,0.20485716214664346,0.23913249950649204,0.999321245030544,0.9947942488844819,0.9994825164485843,1.0,True
117,12.323739314067415,37.19692614488783,0.05846318266680817,0.1667672105138444,0.6915607028537326,2.2520999484592013,0.25155019807966045,0.8191850488212676,0.9978152309612984,0.9789957991598319,0.9977131656321464,0.9,True
118,2.1650628255244015,15.74556998304571,0.9929720845142297,0.08204835230478161,0.6015442934903231,3.4733541662042793,0.2188073809815428,1.2634074274377842,0.9981879368366554,0.8320355951056729,0.9964262669380056,1.0,False
119,6.43805006983018,44.50079661847218,0.10634362284479436,0.16318839583635544,0.4755059778690338,0.9128615260124207,0.17296185631634534,0.33204677006682537,0.9992124212421242,0.9470760233918128,0.9967310438115278,1.0,True
120,2.3062643975213,42.22964754231113,0.563418652770743,0.3501132694332447,0.648972299363878,0.8808785544501411,0.2360589746923835,0.3204131957493888,0.9977872340425532,0.945141065830721,0.9992751474416,1.0,True
121,7.289433366320916,30.47897815319571,0.8430283951942177,0.06940689213519724,0.5296788619736493,1.4403598591432734,0.19266685064414582,0.5239204691335891,0.954057000467217,0.9617640159512081,0.9929572996637269,0.8194444444444444,True
122,28.094575216237818,23.706874439716163,0.016115894927001828,0.2043538998660355,0.49007056741153493,2.3842926025390625,0.17825962030039866,0.8672691695372741,0.9746452663410096,0.9894892126129449,0.9915782419300793,1.0,True
123,6.677209313580625,39.013691441059365,0.0019813948534076753,0.1384845464936523,0.5032723949801537,0.9574651410502772,0.18306168948419663,0.3482710120625636,0.9987405541561712,0.985958485958486,0.9993291768605477,1.0,True
124,16.545030974667785,31.26688889633187,0.0821166872143033,0.2933587103512095,0.5463156266645952,0.6895346901633522,0.19871835333384863,0.25081325063387,0.9993534589943801,0.9955176093916756,0.9993628787685721,1.0,True
125,24.06432773408859,27.92403692095768,0.6607617738029261,0.1474473609468758,0.5021112690801206,10.53436163197393,0.18263933834575935,3.831797764434692,0.8932269285860446,0.9382694716834421,0.9465841478963026,0.7666666666666667,True
126,2.418761214278702,25.954248157386207,0.03608309601851135,0.025119141899761062,0.6143423381604647,2.6686290941740336,0.22346257705980715,0.9706945094921102,0.9996842437638144,0.9,0.9973474801061007,1.0,True
127,10.78188702773781,24.70397046099499,0.07186338325306504,0.01407664544755874,0.5155261846689078,0.7303251119760367,0.1875189167539256,0.2656504712052417,0.9985065073607852,0.9933554817275747,0.9995473650177821,0.9629629629629629,True
128,22.529536990796764,28.466061232753404,0.05200935996734226,0.37218451276185965,0.5926861052817487,1.0944791753241356,0.21558527916271647,0.3981088749125759,0.9986421429453154,0.991516620498615,0.9978107149148192,0.8103448275862069,True
129,26.54296527741646,34.24558999136457,0.08704553085145302,0.16941580015359792,0.4814356486002604,1.5876654730902777,0.17511873110814896,0.577501819568494,0.9984202211690363,0.9927363234621832,0.9979357871002572,1.0,True
130,2.0226568921823613,40.50019863912107,0.07459709093322149,0.13237326437326424,0.8709668447805006,1.5921496457831805,0.31680788312763697,0.5791329049156926,0.9956559513466551,0.9053606882859033,0.9987138094863113,1.0,True
131,11.705003805711831,16.13379286451332,0.9177545996977324,0.1405027041807118,0.8146302700042725,5.262994289398193,0.2963158619852975,1.9143760634852731,0.918090289054888,0.9388335704125178,0.785065477848983,1.0,True
132,6.79898434805346,16.404465696311565,0.14584230447587043,0.028911833907054676,0.5422643713048987,0.7993828026024071,0.1972447385318542,0.2907697061246115,0.9985670419651996,0.9843043362596435,0.9992770735939082,1.0,True
133,19.081007868956135,25.719843545826905,0.023842250174963914,0.14919353673681254,0.6628325178816512,1.0516277003932644,0.24110052881653482,0.38252196119352655,0.997822299651568,0.9878248653711075,0.9977705042455292,0.6851851851851852,True
134,18.51801459878739,34.009136080305936,0.14590253534564557,0.1130497943602098,0.46738788059779574,0.7188380105154855,0.17000895721698484,0.2614721212269406,0.9875,0.9964651162790698,0.996858483941309,0.7368421052631579,True
135,11.968993866329553,44.435755789573065,0.06191875338119204,0.03211127164886097,0.6814617156982422,0.8725330352783203,0.24787676462850486,0.3173775735804508,0.9996956028447298,0.9920132194987606,0.9994699646643109,1.0,True
136,19.818351545605957,36.488663398379735,0.1117751191526934,0.03626665264823531,0.49842120083895597,0.7916460904208097,0.18129710274277896,0.2879555330900026,0.9884629165173773,0.9963412509437249,0.9976431885694645,1.0,True
137,4.114146019052445,21.359397465940518,0.11414238946902933,0.23600252545759395,0.46472265554028885,0.538073694983194,0.16903950090118183,0.1957204103644749,0.9982238010657194,0.9913294797687862,0.9998286707296179,0.9772727272727273,True
138,20.64597353577747,39.57613331010198,0.08665035225645946,0.038176828347286036,0.5511856973171234,0.6480358839035034,0.20048980626957816,0.2357183603492462,0.9987223587223587,0.9960681520314548,0.9994278420844153,1.0,True
139,6.162967149272336,29.765394440579644,0.06307719152716482,0.026458079237974372,0.5253618028428819,1.0936058892144098,0.1910965516451065,0.3977912234136182,0.9998035170448963,0.9687150837988827,0.9984626225097688,1.0,True
140,17.87035699678472,17.107554613050336,0.9025848790844411,0.09859819409191274,0.6083532969156901,38.6645253499349,0.22128410667360168,14.063941126639278,0.7838124778816329,0.6251993620414673,0.5712738804238533,1.0,False
141,23.79665876281599,19.841151769241982,0.5746104990855645,0.04821009953018362,0.6158770047701322,8.242493849534254,0.2240208009265698,2.998147453961472,0.865443226768692,0.9229349330872173,0.8152461182689131,1.0,True
142,2.181668906448017,32.8848251442744,0.007177437302466693,0.43404490312068095,0.5775005412551591,0.9072481551260319,0.21006164020654536,0.33000494705325784,0.9985528219971056,0.9661016949152542,0.9995084384728822,0.9814814814814815,True
143,4.124653710837716,31.46735183450891,0.09195477009889945,0.024537808193485316,0.4135316212972005,0.6618487040201823,0.15041913286897005,0.24074267364821075,0.9994320118141543,0.9838472834067548,0.9994465746926513,1.0,True
144,15.077166062511486,31.103227593487397,0.12812585545854752,0.06982367467117567,0.6101660436513473,0.8018615099848533,0.22194348017261797,0.2916713179866836,0.999128377537044,0.9948431081199196,0.9993822839023185,1.0,True
145,17.42531196383718,23.7760626599714,0.0468755964150884,0.24458288719887933,0.6271203530801309,0.5945457252296241,0.22811048746137133,0.21626170245326873,0.9990684194182797,0.9974489795918368,0.9997354823919445,1.0,True
146,5.231685021000914,28.218104873163504,0.13838858647604252,0.23200588107275463,0.5649065157262291,0.6210771886313834,0.2054806546135963,0.22591233015162623,0.9988903273534308,0.9871603463720514,0.9995559057374114,1.0,True
147,8.833846827895567,24.52824015516809,0.07882912673851067,0.15905122360818094,0.6123189192551833,0.7799976055438702,0.22272657308456495,0.28371848106256575,0.9997392268074842,0.9832026875699889,0.9990364400840925,1.0,True
148,6.20231778226516,41.043318176850846,0.08867639437853149,0.02822632367563916,0.5883641242980957,0.6306764284769694,0.2140131898753291,0.2294039841374688,0.9989178790429242,0.9872872225813403,0.999467732931753,1.0,True
149,13.363826246945896,32.60107349165596,0.06685436060197097,0.02521756561616406,0.5465222735737645,0.5729609644690226,0.198793519650731,0.20841040202161337,0.998941281863344,0.9953084682148722,0.9995985667345634,1.0,True
150,10.780372500224118,23.123364296727708,0.7489398509340739,0.04957067469735098,0.5117579187665667,0.7590735299246651,0.18614823731792068,0.27610750006707957,0.9993784959602238,0.9929142857142857,0.99941838727099,1.0,True
151,10.247944415592347,19.583503352093597,0.10428281360016917,0.012094581274432477,0.4932827419704861,0.660895029703776,0.17942802553689677,0.24039578152116314,0.9991460290350128,0.9937924918711203,0.999553297224859,0.8181818181818182,True
152,16.590446349321446,18.86713032995905,0.9962529872831336,0.038224284286367934,0.599625825881958,62.32909917831421,0.21810955228060266,22.671758501795438,0.9095716078150207,0.7267351384998444,0.8462417367175386,1.0,False
153,3.4174165558736784,43.38301717648496,0.1418454424371261,0.07417582790659165,0.571556958285245,0.7238461754538796,0.20789970493865748,0.2632938049592146,0.9975874547647768,0.952638700947226,0.9990218541892779,1.0,True
154,18.938778874654542,37.63366607767867,0.8344583668421368,0.06786334059162352,0.627314859185337,4.847906065381263,0.2281812376487235,1.7633907276483443,0.8723044543353,0.9550525289721651,0.9463185965583631,0.9453125,True
155,13.479698100297574,21.69911589377719,0.05305986184987584,0.15894988478641348,0.5947616213843936,0.7091692969912574,0.21634023311626446,0.2579551966935501,0.9986481919567421,0.9854497354497355,0.9983237963123519,0.9545454545454546,True
156,16.258019210157563,16.856576783607956,0.14103183391246227,0.018802633732228166,0.5314953244965652,1.2653000930259968,0.1933275757338715,0.46024374681425606,0.9983914209115281,0.9882352941176471,0.9983436229483511,1.0,True
157,2.017113735452132,40.88016090828454,0.023041273614749256,0.018887717023666886,0.9021792113780975,1.6081729531288147,0.32816115546911223,0.5849612669380762,0.996624553958916,0.9061190276613579,0.9985733871864231,1.0,True
158,7.613911173910802,34.75265564931468,0.8180846855548904,0.04127294392123653,0.5971443176269531,1.2137593587239583,0.2172069216214184,0.4414961779177754,0.9889603709561025,0.962874251497006,0.9667567451636426,0.5769230769230769,True
159,8.588250474333933,17.45633722141053,0.024507555744610793,0.061916215248244796,0.6000648632384183,0.7960441990902549,0.21826924893995048,0.2895553132718572,0.997889404812157,0.991313789359392,0.9995683735530705,0.9827586206896551,True
160,2.768296540869077,25.11013023976063,0.08562735674697614,0.05024920506423463,0.7189492618336397,0.9790970297420726,0.2615125880883496,0.35613945493793786,0.9995811720738426,0.9472140762463344,0.999275978216388,1.0,True
161,24.20101708347557,15.562535696301662,0.033713458223768346,0.033936191622846994,0.5138035728817895,71.91270810081845,0.18689232918977416,26.15772685255036,0.9093351964314506,0.5205410821643287,0.8236562300945661,0.875,False
162,14.67642455625747,42.54452352016116,0.058757077978842887,0.040506332968491085,0.48693156019549505,1.700077092536142,0.17711782915508062,0.6183907321706366,0.9992653731472279,0.9807856865033061,0.99699911278117,0.9727272727272728,True
163,2.0522602907116223,41.175012612582975,0.03792515671862899,0.1304993519936101,0.7399732372428798,0.9324850734276108,0.26915990690908775,0.33918469334521145,0.9963811821471653,0.9148778682457439,0.9989991571849979,0.9186046511627907,True
164,8.522768742986822,28.721619253068326,0.14556362268378478,0.1853177100907647,0.5345975274909033,1.1078827740394905,0.19445597961004446,0.40298433688997654,0.9208110992529349,0.9793395726646654,0.9807723224333623,0.9125,True
165,6.9168336275151985,28.17436930021686,0.032362329833133086,0.07628378264898085,0.42939998081752234,0.9017889840262276,0.15619113374187168,0.32801921309550147,0.9982879643896593,0.9873221216041397,0.9989489248748508,1.0,True
166,5.834267741807028,28.657746953525503,0.10023992417254417,0.09089225916646992,0.4814098064716046,2.6679171048677883,0.17510933122097297,0.9704355285374702,0.999972754270768,0.9558998808104887,0.9973117289633585,0.8125,True
167,9.185574416762813,42.88087785585422,0.031878549806242454,0.06949745017325128,0.5027923882007599,0.703384518623352,0.18288709049391588,0.2558510254497406,0.9995584501600618,0.9921736408222894,0.9993518491646594,1.0,True
168,9.722176163558654,35.96537620240947,0.07094322867019964,0.12202431643367954,0.4990476989746094,1.2081600952148437,0.18152498690315683,0.43945948636054,0.9995924466784404,0.9854381119758976,0.9986200321156162,1.0,True
169,2.1775117330166567,15.275657905754334,0.05879921384818259,0.16654238774144836,0.5262396070692275,11.3619753519694,0.191415846576269,4.132836262341271,0.957244272345918,0.5886654478976234,0.8978987529183987,1.0,False
170,8.123362770398534,34.30403937896328,0.6273192539382946,0.22300867215086445,0.48831315092988065,0.7192752544696515,0.17762037278063017,0.2616311655491898,0.8754956383822363,0.9881545064377683,0.982078146185135,0.9479166666666666,True
171,29.940612004207647,39.062227589264744,0.11539823702266712,0.4420074719524345,0.45614298652200136,0.9039728501263786,0.165918708421068,0.3288135785760812,0.9990602306706535,0.9960789355274153,0.9988199197545433,1.0,True
172,2.586091508143772,18.268098331608297,0.1077284173944298,0.2824937093185293,0.418937259250217,0.522263420952691,0.15238539453221528,0.18996953766789845,0.993092497022628,0.956268221574344,0.9794199632287527,1.0,True
173,5.002790790602136,16.61534941152998,0.06821330331096444,0.3046448945959256,0.4377251986799569,1.1819368559738685,0.15921937145652199,0.42992097296882,0.9978097622027534,0.9219098616688978,0.9968281487026931,1.0,True
174,5.048404174472135,17.96552175093381,0.07353929019764717,0.023928472094814673,0.5432252883911133,2.2654685974121094,0.19759426516397477,0.8240477980756491,0.9980372914622179,0.9275834011391375,0.9971187417375682,1.0,True
175,27.676150640143174,28.226772079348486,0.013435304533885828,0.13425394048454967,0.5127193927764893,1.285818099975586,0.18649796652700734,0.46770702327150815,0.9078664565123943,0.9942182001005531,0.977641301218693,0.9795918367346939,True
176,23.145980458103224,40.16374186364983,0.0978508531052598,0.036208481336007556,0.4890051018701841,1.6634594642952696,0.17787206492475646,0.6050713350458594,0.9990371991247264,0.9925849874515172,0.9978851912633021,0.8488372093023255,True
177,28.399159775888283,32.91378316304112,0.046789706701556494,0.20666018486879936,0.4838690161705017,1.468982458114624,0.17600385094183663,0.534331732253496,0.9993593850096092,0.9943506411070204,0.9978594597433978,1.0,True
178,2.380809391711743,21.738998011513125,0.08450814320522074,0.0633180795078957,0.5733837371176862,3.535995645725981,0.2085641825112727,1.2861928120275443,0.9983136593591906,0.863932898415657,0.9963383420894718,1.0,False
179,8.539003538990046,26.332957078699643,0.013571941174221003,0.3788130611641413,0.5781530380249024,2.278751754760742,0.21029898118181756,0.8288794503780191,0.9925595013507599,0.9719753930280246,0.9712474035202798,1.0,True
180,3.2384630771237983,16.129157417304064,0.5852575028529652,0.10937095788288188,0.5627569198608399,2.2479084014892576,0.20469875468276083,0.8176604039618959,0.999791013584117,0.9176262178919398,0.997374878730811,1.0,True
181,37.357377572185825,19.659625234365976,0.020674567083674066,0.1945792468718865,0.49269228203352106,3.6995505399482194,0.17921325001033958,1.345684720501707,0.998177557927623,0.9875200446210695,0.9935992855016373,0.9772727272727273,True
182,31.423747535048744,31.88588519052031,0.5032512672323988,0.03229826238611982,0.5405515897071967,19.60732696015956,0.19662172662792268,7.13202320532083,0.9990720692854933,0.9125400667233597,0.9681083023840901,0.9516129032258065,True
183,10.617011205072684,23.50765044614235,0.0680051189833683,0.08917793136359989,0.5230997989052221,1.5588346782483553,0.19027376409192817,0.5670148267082106,0.967402376910017,0.9829676231394814,0.9955806330620831,0.7916666666666666,True
184,18.739479297525097,27.643861700664026,0.5950050920226317,0.23196917346641616,0.6339521697073272,82.20472740404534,0.23059551129040548,29.901374349701435,0.9984317825405122,0.671350959797175,0.9019012725735469,1.0,False
185,3.5449176183701114,37.12760504852965,0.027464836467749814,0.026054174807027892,0.5019330978393555,1.202763557434082,0.182574529847067,0.4374965348190582,0.9994121105232217,0.9642267473858007,0.9987772569798248,0.8275862068965517,True
186,19.049490438366163,41.049313060686586,0.8545624707494389,0.21013906427161547,0.45198417432380444,7.59279170180812,0.16440597059788692,2.7618230022121417,0.7632083919662275,0.9230219362909351,0.882628744139187,0.515625,True
187,2.022982852406441,36.0512869254441,0.7758227197343082,0.0672038519674116,0.5890895298549107,2.0059800829206194,0.21427705089396695,0.7296607298828272,0.9999121522693997,0.905587668593449,0.9983063531450628,1.0,True
188,2.3927717312180037,16.25781703296742,0.04168208041405923,0.2038639562234271,0.5264903174506294,6.85802502102322,0.19150704066211285,2.4945569425140266,0.9018109650210866,0.748898678414097,0.8030566840781582,1.0,False
189,15.00018418985548,44.23149818221627,0.06288688708693188,0.14923229044507427,0.5549512116805367,1.6447170091711956,0.20185948485322197,0.5982539027083874,0.9778574171253039,0.9852421533984619,0.9950806465435972,0.9324324324324325,True
190,5.056859547896805,37.3448584894051,0.019291002005944507,0.05354263758798997,0.5145582834879557,0.6523460388183594,0.187166849707916,0.2372861479897411,0.9999190296513417,0.9832214765100671,0.9994479001803526,1.0,True
191,8.379742408284796,38.46922142223062,0.0542198850159622,0.03610017348298849,0.5498457551002502,0.681391716003418,0.2000024119906973,0.24785130274637956,0.9991252551339193,0.9928753180661578,0.9996471952018547,1.0,True
192,18.80093992217541,24.037532882549527,0.5544901542530221,0.0673388838176968,0.6004750868853401,59.715130525476795,0.2184184648210934,21.720946332043873,0.9452911293474013,0.7251845775225595,0.8772288115623281,1.0,False
193,4.790072444456244,28.175597719902708,0.07794132282172903,0.0028807556220561354,0.6081731796264649,0.7631998062133789,0.2212185903138733,0.27760840318877833,0.9985358711566618,0.9846483398786148,0.999536101758324,1.0,True
194,15.801750934393654,28.218357755427984,0.06994332447744789,0.027015053725218535,0.5011623751732611,0.691407726657006,0.1822941850580695,0.25149455409580007,0.9995584988962473,0.9974120082815735,0.9996528132339426,1.0,True
195,5.575835350075212,27.341432599377995,0.09957120049985112,0.030269529736373278,0.4782816130539467,0.7392546555091595,0.17397147351651376,0.2688985280066894,0.9989364530709918,0.9873804971319312,0.9994518323012892,1.0,True
196,35.67091958197934,15.038977765995092,0.0014678613868645551,0.039691576411621604,0.4821482691271552,0.6019150306438578,0.1753779416647296,0.2189422339366374,0.9989644459785986,0.9989310193045338,0.9997081841092983,1.0,True
197,21.696417059651477,23.64697299719515,0.06698366395305892,0.1658320382445961,0.5879036042748428,0.6832392622784871,0.21384567905149124,0.24852333432587384,0.9485106854168973,0.9974656324399047,0.9921829575553976,1.0,True
198,22.19431413847138,42.292755100296205,0.13236702334118336,0.39864801982476195,0.5571850715799535,1.2269730263567986,0.20267203521628005,0.4463025538392002,0.9958650707290533,0.9933797127468582,0.9980364735630235,0.94,True
199,9.57347613500287,30.73624619152403,0.13823277092943795,0.16944594398862112,0.6026736450195312,0.7474714660644531,0.21921817442267033,0.27188733334834325,0.999311199889792,0.9943934760448522,0.9996146260739465,0.9259259259259259,True
200,33.75296223243177,18.157985460283165,0.057048132046483596,0.028922060576235673,0.7929224286760602,1.0377259027390253,0.28841979188839884,0.37746528295955983,0.989587852494577,0.9955880259974382,0.9971821885600445,1.0,True
201,19.33500827021648,18.528066289550534,0.9234051330344615,0.10678901744504003,0.5262871962327224,51.06394277719351,0.19143315678989767,18.574139431760432,0.9260967246068346,0.6380086165629488,0.936554755501576,0.7558139534883721,False
202,28.65319890688946,43.06056632523376,0.03890794470982361,0.1240283596747841,0.4807962877997037,0.447406111092403,0.17488616824655093,0.16274073324716978,0.9995496330834238,0.9964912280701754,0.9995204494074125,0.6904761904761905,True
203,23.780407940994273,33.57176781549722,0.0024106842593534794,0.03307218549954852,0.6270608168381911,0.5226718217898638,0.22808883158446702,0.19011809051519415,0.9958904109589041,0.996349075491697,0.9996416857308233,0.8125,True
204,29.305648574944463,29.239715125726836,0.058227179399425975,0.04481310077137183,0.5418859100341797,1.2631271362304688,0.19710707598506405,0.45945334951423883,0.9993130924577552,0.9942472408062385,0.9980582524271845,1.0,True
205,4.657262141907654,42.440500050165895,0.08917240808047174,0.01508336691893547,0.7110068111096398,2.94667182534428,0.25862357914869233,1.0718305396509524,0.9863170988422161,0.9297935103244838,0.9942307493833404,0.9833333333333333,True
206,27.645317898476424,39.44249193191445,0.7525109267987855,0.025590423067943867,0.5325442722865513,13.213654109409877,0.1937091228970596,4.806371002374883,0.9989494221822002,0.9396673011669288,0.9812943675838126,1.0,True
207,18.10402959991736,36.50405964675757,0.07263982132946935,0.07882882335218921,0.5228343539767795,1.1085974799262153,0.19017721042129096,0.40324430598109523,0.9992427684385885,0.9941684161418242,0.9990165373034966,1.0,True
208,4.988343409143152,31.217776930056726,0.749842626851215,0.015249839320154042,0.5991888537849348,5.125968854451917,0.21795060684442058,1.8645340537232207,0.893603744149766,0.8370118845500849,0.9781823960769178,0.9509803921568627,False
209,5.118584452609025,28.679114506572493,0.07014040201600578,0.22781723050477218,0.5784010419658586,1.0244995565975414,0.2103891908195466,0.3726542953224209,0.9988563960137232,0.9753894784375705,0.9989177119290931,1.0,True
210,3.8850199540780914,38.40141591126407,0.13881458618941217,0.10294202649714267,0.6090734327161634,0.9669709076752534,0.2215460508565285,0.3517286658412479,0.9936519132428143,0.9698189134808853,0.9977239342039419,1.0,True
211,16.87038677274579,29.471238524331177,0.7006765447282575,0.03488254287042487,0.5810201009114583,10.09631830851237,0.2113418545464317,3.6724626773924,0.8834730115916899,0.9160375200183024,0.8673639331157151,0.9375,True
212,12.850172060666964,36.7634445154287,0.11107080981481911,0.5504875911372039,0.574251708984375,0.6678489176432292,0.2088799009928061,0.24292520790611372,0.9560954816709293,0.9931794333683106,0.9932215923095884,0.9375,True
213,20.886839899740156,44.898764509567826,0.00551609609818674,0.24925143289909993,0.4880438542020494,0.7996209186056386,0.17752241804585617,0.2908563190965916,0.9990574929311969,0.9920629245620307,0.9980418015425808,0.9078947368421053,True
214,19.843564503614868,39.996856711221255,0.11335946182683526,0.11991081187745249,0.5448208090699749,1.9712946385513117,0.19817462425776314,0.7170441506504097,0.9988161369638466,0.9876332622601279,0.997267342193255,0.9878048780487805,True
215,4.624849739991456,28.93050037192238,0.018432410249151147,0.10538198876991846,0.3921034676688058,0.7892445155552456,0.1426247971476644,0.28708197762243065,0.999931868506217,0.983739837398374,0.9995056438988218,1.0,True
216,3.118210221613475,35.88060421162141,0.0758854704300682,0.19176541881645895,0.5665042805221846,0.5798023871655734,0.20606182998872796,0.21089891998881782,0.9975181998676373,0.9720582447855175,0.9995634350210296,1.0,True
217,3.835340303668899,36.33957345776704,0.09289611939997268,0.21030662436413766,0.4841770481418919,1.5722480980125633,0.17611589534097372,0.5718938610210174,0.9997925633978115,0.9537037037037037,0.9984645367034785,0.9736842105263158,True
218,5.073485855085236,25.4238394774654,0.03525275267544723,0.0881775118075977,0.5190908370479461,0.9706683005056074,0.18881553324519243,0.35307356571050863,0.9994758451996156,0.9734121122599705,0.9986621531226563,1.0,True
219,3.5312440611458102,26.94639520622077,0.04095246742820114,0.32774986282326296,0.6251129876999628,0.4906957717168899,0.22738032283964565,0.17848703383937406,0.9941424214551968,0.9844559585492227,0.9901953094360342,0.75,True
220,4.610551115824867,24.876996445047993,0.08956575079619478,0.11995661237548674,0.6354795837402344,0.52010498046875,0.2311510970848874,0.18918442057110854,0.9994363021420518,0.9812925170068028,0.99952842899488,0.7352941176470589,True
221,14.823142368581724,31.108565037892586,0.6029248969593928,0.15205606806041655,0.5656534143396326,6.523431726404138,0.20575233357593725,2.3728510543826733,0.8964005844069598,0.9427892918825561,0.9665445586280675,0.8809523809523809,True
222,16.934303177669854,43.87445422028849,0.03302434621255688,0.07726316651603356,0.8400705470595249,1.5252034386923148,0.3055695785513814,0.5547817068431338,0.9967839750068915,0.9890178362800841,0.9983525535420099,1.0,True
223,29.155192764767282,19.02021081727531,0.5310616813390392,0.28800206004113127,0.6020401000976563,71.61967224121094,0.21898772704483008,26.05113718048754,0.9977308430790713,0.552738963769012,0.9035951209073401,1.0,False
224,6.290489320829026,21.53563032636105,0.019556871238028472,0.04169424070796281,0.48740047878689235,0.8439395238482763,0.17728839489726705,0.3069768908430717,0.8021602557037364,0.967710843373494,0.9722404180677467,0.7875,True
225,6.150207696026096,34.04084349312349,0.13894784307075847,0.15729208580049994,0.5160785675048828,0.7607703072684152,0.1877198420107135,0.2767246905395227,0.9976290832455216,0.9803346052245377,0.9992435586705157,0.9459459459459459,True
226,12.011118431166018,22.52291440070943,0.07812114984082523,0.013301348884020327,0.5731807035558364,1.4153171314912685,0.2084903305233136,0.5148113582842857,0.9585877355986195,0.9823114487249051,0.9892599213442974,0.9239130434782609,True
227,18.96179140643826,39.812001768316605,0.020797265400471603,0.0196258339848758,0.536028139518969,0.7107490770744554,0.1949763543762075,0.2585298302596433,0.9991749174917491,0.9963875903102423,0.9994499017681728,1.0,True
228,12.807691561712147,32.51972582098591,0.1219928394309422,0.06059616271466573,0.5866495279165415,1.0795327700101411,0.21338951785691215,0.39267222820636566,0.999274556270252,0.9885759134908869,0.9984398536690338,1.0,True
229,4.765409667979954,34.62668605796209,0.04279831894785946,0.12379473796271787,0.4831191698710124,2.171419620513916,0.17573109978002613,0.7898381637365306,0.999094085673612,0.9592592592592593,0.9980393580713093,0.96,True
230,38.166244427491456,20.086212243513696,0.12213852867552823,0.07635492810015265,0.5368554732378792,19.348751292509192,0.1952772910257468,7.037968178556552,0.9989004947773502,0.93851844446666,0.9736898764156224,0.9444444444444444,True
231,2.8630719863766347,30.45326250535511,0.5443265757655041,0.02552800120062709,0.6191801913948947,0.47469870988712753,0.2252223111429894,0.17266821843334543,0.9198713466648021,0.9632107023411371,0.9836316140506892,1.0,True
232,2.943739016273687,39.608518156064804,0.051624718594839115,0.28876240625573113,1.0139480202884998,1.1571510444253177,0.36881625039356447,0.4209053134918213,0.9956450094161958,0.9300508010941774,0.9989632803783532,1.0,True
233,19.262623934264262,30.16709606036565,0.07850124091994785,0.2088370011662873,0.49630341163048375,0.4466241689828726,0.1805267722530854,0.16245630746686224,0.9660640659689185,0.9956717763751127,0.9934995563764101,0.7027027027027027,True
234,8.92569303083029,31.527259634856986,0.9262916087818578,0.42406245480195637,0.5469260533650716,1.7220352172851563,0.19894039162605395,0.6263778410495525,0.9990557129367328,0.9737294377608642,0.99804117375941,1.0,True
235,29.11387672822636,22.94735753095195,0.09446941678803737,0.17800879157086916,0.5429403615552325,0.9264703794967296,0.19749062509057522,0.3369968919801855,0.9979633401221996,0.9966494060310691,0.9991630761600694,0.9772727272727273,True
236,10.049694142353138,36.01094914630838,0.08062396179796369,0.13154339896729125,0.573454350233078,1.3474061489105225,0.20858986752068767,0.49010923011321156,0.9994647983262784,0.9841537740271917,0.9984176898271476,1.0,True
237,33.65649201423491,19.134460908373836,0.031162141740879428,0.15362793818503856,0.5865807471337257,18.311979814009234,0.2133644993452038,6.660850060502978,0.9509764200632039,0.9404575368223127,0.9612642979499365,0.8555555555555555,True
238,6.568346261014345,30.821339465312164,0.10219426538247367,0.02558701972755864,0.5231452433268229,2.3883782958984376,0.19029029417122292,0.8687553109122865,0.9984570546888394,0.9533091568449683,0.9968022071041164,0.9615384615384616,True
239,2.447937053704975,37.41257841343928,0.8477568635193173,0.09979554823222841,0.5640688538551331,0.9013603925704956,0.20517596117348547,0.32786331605690494,0.9989686291362269,0.9336384439359268,0.9985738733599544,1.0,True
240,2.208138744844291,24.90752425243124,0.056679165807748656,0.24196227536547035,0.581338148850661,7.72032723060021,0.21145754218133508,2.808213127326914,0.9997936726272352,0.701062215477997,0.9918754519545706,1.0,False
241,2.1846007028320065,31.57557574613693,0.04697773459567048,0.030152076471346042,0.5629041459825304,1.8843739827473958,0.204752307118463,0.6854273914932406,0.9992062792133345,0.9274891774891775,0.9984171805553796,1.0,True
242,11.210609903872998,21.737880879063578,0.027518346490168478,0.024654055279978108,0.6056489054361979,0.5142340087890624,0.2203004038554051,0.18704889713426306,0.9982778935919514,0.9946422943586511,0.9997518405161717,0.9868421052631579,True
243,2.902134631581909,33.43270802616799,0.07516099316554246,0.19808536581345595,0.50604248046875,0.776151483709162,0.1840692880225152,0.2823194820949162,0.9998738011105502,0.9628099173553719,0.9995022894684451,1.0,True
244,5.173018167317582,44.584851817724086,0.048164792872792885,0.0628293907725742,0.4595985965452332,1.1596187646838203,0.16717566154498473,0.4218029288671166,0.9968423609424338,0.9685371391501784,0.9988237827808426,0.9857142857142858,True
245,3.3204158694382624,44.17753709712409,0.12499505974513497,0.01370291889898593,0.6487771914555476,0.6808014649611253,0.2359880056035025,0.24763660320374684,0.9973365617433414,0.9564891222805701,0.9991753521933341,1.0,True
246,4.719551670871444,38.77517695814519,0.041819851197945894,0.0774202649765651,0.6201920942826704,0.9079546841708097,0.22559038349124025,0.3302619418773268,0.9943455497382199,0.976039119804401,0.9991291267516428,0.9821428571428571,True
247,26.27471506197151,15.68479874815312,0.06316167632121354,0.1007627705405156,0.577499042857777,21.551558754660867,0.21006109517534746,7.8392234424098035,0.9996494917630564,0.9113705972434916,0.9708707290190521,1.0,True
248,38.365266189442835,28.12538487947277,0.01367466138071941,0.1941950979940074,0.539813074572333,0.7563555487271013,0.19635309709519588,0.27511885408733744,0.9991944867090307,0.9983223487118035,0.9993973801896666,1.0,True
249,27.82949454155095,19.38919906451617,0.11079380276057328,0.09596205062007164,0.509133497873942,2.2512724134657116,0.18519362322163102,0.8188840389595575,0.9986100386100386,0.9883385290382173,0.9961346658388576,1.0,True
250,2.358310046688323,17.663337371890712,0.7800426304821761,0.08198861151446783,0.7284869602748326,3.027329799107143,0.26498185683396486,1.1011692935636999,0.9983721152925404,0.8687415426251691,0.9970381030472397,1.0,True
251,9.701500552788838,30.187317567982888,0.003524578570704251,0.06301312297897246,0.4647240889699836,0.7601308320697985,0.16904002230085383,0.2764920860664587,0.9995639661637743,0.9937745740498034,0.9994523094285762,1.0,True
252,10.911711657916621,44.20011396497226,0.005491996217613237,0.04116217274957341,0.5453974682351818,0.9290821241295856,0.1983843798535245,0.33794689517877297,0.9996723047062086,0.9884036516160869,0.9989527699235522,1.0,True
253,8.318079790862932,40.55660436836172,0.02170439000608864,0.2073515131105753,0.6564112345377604,1.1071580674913195,0.23876483349663605,0.4027207301306714,0.9981761143941053,0.9829139484311898,0.9988196903422898,1.0,True
254,11.120713351809428,29.751543664227437,0.07647544196434784,0.007683688894960177,0.5723905290876116,2.3242268153599333,0.20820291028214138,0.8454206743865651,0.8674607676309322,0.9731766792285524,0.9777563395810364,0.7777777777777778,True
255,5.5995137955628405,19.20138678286144,0.6906967514261304,0.11602022191331343,0.5054010193923424,42.31466951041386,0.1838359612007845,15.391654634360089,0.9989965436503512,0.528418317635596,0.9448119412089903,0.8787878787878788,False
256,20.319721785820054,31.146440825321893,0.11496848980042351,0.14433827551154566,0.5686621118764408,0.8060690457703638,0.2068467255190057,0.293201778661943,0.9465121462001337,0.9892340818209782,0.9894352326039466,0.8026315789473685,True
257,4.0634700082988475,42.533037941187104,0.1408613612913671,0.09221431646266061,0.4935034513473511,0.5457262396812439,0.17950830697457723,0.19850396808639922,0.9989684340829379,0.9611602753195674,0.9987176628010704,1.0,True
258,27.684043960371863,35.05918535396922,0.043244485664070985,0.11877887054887165,0.5289983491639834,1.453621529244088,0.19241931903721554,0.5287443056051542,0.9993255092405234,0.9950467184509738,0.9983595865367512,1.0,True
259,2.7260967793405078,18.798551382453162,0.802934696655487,0.0009037457020271626,0.5076590507261215,0.7176636726625504,0.18465730374806677,0.2610449643363028,0.9990499313839333,0.956386292834891,0.9991086836964973,1.0,True
260,4.303696494354185,20.651370580650823,0.09831359790200542,0.026674949809389406,0.639198899269104,1.253537893295288,0.2325039711769912,0.45596533183216864,0.9989764585465711,0.9596344249809596,0.9985862838113788,0.8888888888888888,True
261,2.111701290192556,26.7154637507221,0.025459463909340813,0.04233016369013428,0.5928061210503013,1.072203684661348,0.21562893402949462,0.39000632648056793,0.9977542932628798,0.9429153924566769,0.9989202737877181,1.0,True
262,5.735765275741736,36.67246317802481,0.08531568970529081,0.08848457849035453,0.5988451109992133,0.6616324318779839,0.21782557289515211,0.2406640062225103,0.9989835922753013,0.9851760345892526,0.9993553763187271,1.0,True
263,10.027398792289661,41.64963825171013,0.042534062693640996,0.17179235582771618,0.8619256700788226,0.9042946951729911,0.31351922129694737,0.32893064738131006,0.9973521624007061,0.9897594665396523,0.9994605907609986,1.0,True
264,4.7947425931309064,17.679565456701198,0.12292918831329361,0.03053891409682308,0.5679386683872768,0.6034409659249442,0.2065835781882686,0.21949728184585213,0.9994686691934398,0.9776422764227642,0.9992094203803104,1.0,True
265,38.69906479912937,25.547749454770617,0.1417476862345563,0.4602062324307502,0.5614191691080729,114.21078660753038,0.2042121575330802,41.54334662944915,0.7973280077129674,0.5410235580828595,0.4458929823837617,1.0,False
266,6.526455011661916,32.46818676231739,0.11660935304348352,0.5002177495981427,0.6051406860351562,2.517223612467448,0.2201155427282873,0.9156218618467546,0.9998768371787503,0.9620253164556962,0.9975515362135692,1.0,True
267,12.663892085666058,42.495333772695616,0.1385702893826646,0.25540448277309086,0.5024693806966146,0.5793275378999256,0.1827695988531768,0.2107261970068167,0.9909453911478544,0.9940469973890339,0.9973423201271302,0.8571428571428571,True
268,12.762664555464085,21.389440155312975,0.9346102179493745,0.019969827822379018,0.5970172175654659,58.59360716078017,0.21716068989438256,21.313000329073727,0.9989945257513128,0.640959040959041,0.9194870527994251,0.8709677419354839,False
269,16.07590084370602,35.9423170612377,0.6805558767966282,0.6347258090458914,0.5770875327607505,4.509801359258146,0.20991141135729413,1.6404075890084904,0.8650052920234773,0.9575199239599327,0.9621000486331814,0.975,True
270,5.250739449484847,23.565423995616296,0.10486628226821357,0.0890378126955648,0.5392730466781124,0.755995596608808,0.19615666585900915,0.27498792411071754,0.9875798866513927,0.9868682849184242,0.997851280425517,0.9393939393939394,True
271,2.3517359843165657,40.82124156144401,0.09502476268556787,0.3267369645800052,0.5622673369290536,0.9696311616061026,0.20452067243638816,0.35269631394572504,0.9980585316746962,0.9400660689004248,0.9990070499453877,1.0,True
272,7.21511168509269,24.654786338065914,0.9365364118817735,0.1334020161769611,0.47154953900505514,20.33103015376072,0.17152273032810306,7.395265001666448,0.9981696156192801,0.7703592251269513,0.9782987201809338,0.7727272727272727,False
273,30.7509089865027,36.39990523821928,0.14189977538498158,0.22432164645963343,0.48113274952721974,1.0442599341982888,0.17500855376361923,0.3798419895900175,0.9984140311596231,0.9950013154433044,0.9985105899578421,0.984375,True
274,11.61516469510406,35.102010661220454,0.08748611845146352,0.10339996146257129,0.6048682775252905,1.0052803235176282,0.2200164561053306,0.3656634384558562,0.9836980996127173,0.9884276729559749,0.9959058846741972,1.0,True
275,29.984100070300652,30.20242684178367,0.9148695172270163,0.1921192368233491,0.5361169779075766,42.17932675919443,0.19500866869678574,15.342424688619385,0.9501998350567785,0.7942813115315469,0.9263263766658285,0.9464285714285714,False
276,4.5381079144193475,39.511190175372356,0.03201457540760146,0.03609938606734444,0.499303144567153,1.2298578000536151,0.18161790338776587,0.4473518693828028,0.9991375931007448,0.9720642768850433,0.9988362541073385,1.0,True
277,11.456467883829763,30.06968588860923,0.11906170514392043,0.5428427896644518,0.5872546687270656,3.6184302821303858,0.21360963344492237,1.316177814111358,0.9828009828009828,0.9534982332155477,0.9934181097833727,0.8918918918918919,True
278,9.206331370435375,41.4233422596038,0.10610384789206763,0.13988348049459215,0.6023210540531189,1.9881690318190206,0.2190899220117451,0.7231820890142442,0.9986567832446147,0.9743741961017117,0.9976998730964467,0.9921875,True
279,6.778450781690849,23.8740246587233,0.14295711075073567,0.08303766382627879,0.5762697492327009,0.6834865025111607,0.20961394852052756,0.2486132661702451,0.9810155327459351,0.9833064081852451,0.9956633951928648,1.0,True
280,5.269790280356437,41.47640924558023,0.08635046029934032,0.17025632593872783,0.5158475702459162,0.6922341086647728,0.187635818430413,0.2517951445673023,0.9907609608600706,0.9544018058690745,0.99910198344526,0.9482758620689655,True
281,2.037339313058411,18.23307497151501,0.053543666235513224,0.07821584056661729,0.6767715005313649,1.5271774740780102,0.2461707328233493,0.5554997479207121,0.9963316214233309,0.9158878504672897,0.9988908255427033,1.0,True
282,2.039431319064927,20.847683164162106,0.010417386574224812,0.04200424484185243,0.6522281964619955,2.445868810017904,0.2372432836859089,0.8896670691350668,0.9978192105935284,0.8853932584269663,0.9930307362401716,1.0,True
283,2.4462018321388257,22.289717130973784,0.005381202047204864,0.1704365030386127,0.4824003922311883,1.0161690962942023,0.17546964961820105,0.369624150707852,0.9991925716592652,0.9603072983354674,0.9992334989354152,0.95,True
284,3.71274429872062,35.57553759203006,0.013539831390007655,0.3759261728059228,0.6191482543945312,1.082792802290483,0.2252106942903627,0.39385804134248237,0.9973524962178517,0.9636627906976745,0.9990623046468015,1.0,True
285,17.554830073499872,18.32024444732454,0.11677051596644777,0.17550280285879638,0.47327692368451285,12.978162877699909,0.17215105399728248,4.720712772029781,0.9992942836979535,0.9248412138320395,0.9830100012049644,1.0,True
286,5.343157925937868,43.94640957463349,0.7949371861134547,0.011749578971988556,0.5972903802142879,7.157598914169684,0.21726005082992386,2.6035247769348127,0.998262328479837,0.7868589743589743,0.9904471117367973,0.9609375,False
287,20.300845248119657,37.716741893373445,0.0014007641554730776,0.4284208301410375,0.5231620788574218,0.5545522054036458,0.19029641797357238,0.20171434920920292,0.9959597255178606,0.9967032227679472,0.9987914161065912,0.9375,True
288,15.13666433541218,44.3248869120293,0.1251034174239965,0.11824946431114204,0.5867323875427246,1.408844687721946,0.21341965744595062,0.5124570537300883,0.9982558580420111,0.9832517392424632,0.9975208279281617,0.9565217391304348,True
289,21.154824465817445,21.317169737454478,0.006708296319809786,0.005916520173139778,0.4856200679655998,2.605894519436744,0.1766407833529569,0.9478752621917815,0.9987282746926663,0.9857485536898547,0.9967415537643629,0.8157894736842105,True
290,31.447003446645308,39.59958064649645,0.14905607300852813,0.009017114928714631,0.5783036947250366,1.0162379741668701,0.2103537814655879,0.36964920453529104,0.9989927252378288,0.995571132706707,0.9984632693943635,1.0,True
291,5.7212542486122455,18.450903122868475,0.12692163280677907,0.12510575653544037,0.48095130920410156,0.6859984927707248,0.17494255615989238,0.24952698443786792,0.998666962897134,0.9869521579123453,0.9995626609650615,1.0,True
292,2.732763528584558,17.760446151011998,0.032153294144251915,0.05626709970812065,0.5159640644871911,0.7236566765363827,0.18767819236714325,0.2632248761001347,0.9974313376803003,0.9681742043551089,0.9991464327454662,1.0,True
293,4.215246968424488,16.661770989793876,0.11726686535855523,0.14422714784885368,0.4789020538330078,18.53711929321289,0.17419715435729247,6.742742915830833,0.9881300533287459,0.6567717996289425,0.955355077492482,1.0,False
294,17.435048870558113,20.222149189610565,0.0582830053652397,0.1597571661299362,0.5251057942708334,0.6835992275140225,0.19100343038077908,0.24865426907379556,0.9987456883035434,0.9958978183852322,0.9993056244420196,0.9512195121951219,True
295,39.20731713299296,23.63317492031362,0.14830072129039923,0.0485781583309515,0.5715195277951798,5.9338091004569575,0.20788608986893004,2.1583800936452864,0.9933389851035485,0.9807736854296966,0.990461554766573,0.803030303030303,True
296,24.0361884971085,36.084624381898294,0.0616522438275543,0.43241021084163006,0.461149289057805,0.716831794151893,0.16773971471788543,0.26074237455167426,0.9978336221837089,0.9969508989590999,0.9995143273433705,1.0,True
297,3.8490455129394245,33.95185676781466,0.07894463835110378,0.18615887888812027,0.5001990795135498,0.9183959364891052,0.1819437932370627,0.33405987180311447,0.9928871464575749,0.9611503531786074,0.9977208863829826,1.0,True
298,6.89931355570838,23.12859516463304,0.04547964898028945,0.14171995289122288,0.5392382772345292,1.8840436433490955,0.19614401872567092,0.6853072329290928,0.9996657754010695,0.9745470232959448,0.9981378634433192,1.0,True
299,10.872947744322154,38.12108262912683,0.10371622945523425,0.1000227935126033,0.5946799779342393,0.8615476963883739,0.21631053590245017,0.31338173610395,0.9987843423292001,0.9903225806451613,0.9991261722080136,1.0,True
300,8.881814710046466,34.258230368479786,0.09919447904778987,0.008586277971645207,0.5508768717447917,1.0767275492350261,0.20037747320384505,0.3916518494619901,0.9994508047822229,0.9877049180327869,0.9989494055847388,1.0,True
301,4.473208920335207,36.63189307692261,0.09221476104084574,0.03632030851043097,0.47844409942626953,0.8094452540079753,0.1740305767578842,0.2944298499612878,0.99899304284145,0.975609756097561,0.9991419148738201,1.0,True
302,30.707562180780606,31.169940059104945,0.14960698236787406,0.1590889256535547,0.4917931478531634,0.7628426473648822,0.17888619646285514,0.2774784892438209,0.9975077881619938,0.9964445019070399,0.9987525008826644,0.9242424242424242,True
303,12.162883485700695,20.03873499984556,0.0017649967836947333,0.15726510474259425,0.6052808125813802,0.5389902750651042,0.2201665127448215,0.19605380973232353,0.9990248130891755,0.9925322471147319,0.999244370560677,1.0,True
304,21.7297104947423,26.578023705325307,0.13967726921766524,0.04486138969425058,0.5017450877598354,0.6966532752627418,0.1825061425420205,0.25340258441817715,0.9065288868013152,0.996524064171123,0.9849423494599362,0.9130434782608695,True
305,17.36796508804505,39.597075960844556,0.13982649050197454,0.2047571860178525,0.5512358578768644,0.7998395052823153,0.20050805180997186,0.290935828417449,0.9985625299472928,0.9941344778254649,0.9992923722609927,1.0,True
306,21.824429634663225,43.45560380130901,0.10743142739454843,0.05500220973595498,0.47934669672056684,2.5276939924373183,0.17435888998798782,0.9194303867448897,0.9987770077456176,0.9857032457496137,0.9963017161101503,0.7962962962962963,True
307,20.94004322723967,38.386976241631885,0.060969121042047054,0.17893283872656163,0.7109735929048978,0.7447932316706731,0.25861149626725005,0.27091314498067137,0.994824016563147,0.9906195715112912,0.9985030307492209,0.75,True
308,35.66844185431962,21.814037597878638,0.07977481227169457,0.1735767971868279,0.5803559621175131,22.203102111816406,0.21110027886915578,8.076217620756903,0.9968275941627732,0.864821882951654,0.9417653522158467,1.0,True
309,30.074792386174565,40.597242188196816,0.07725135410014858,0.15463362740642247,0.4614516364203559,1.3147481282552083,0.1678496913817194,0.47823011157620665,0.9907397985142974,0.9943652635067949,0.996222624948143,1.0,True
310,4.645706517817597,18.766641117446085,0.14122835589672328,0.21817249020544993,0.5364965200424194,0.7660486698150635,0.19514672440007444,0.2786446566953013,0.9984182220816198,0.9788172992056487,0.9993327245908548,1.0,True
311,16.849773174451858,30.496945540131566,0.8508654760877077,0.02280278051929569,0.573119722563645,7.955787395608836,0.20846814912896666,2.8938600573843565,0.9987998799879988,0.9496039490299621,0.9902078836760195,1.0,True
312,4.649690529933043,26.374962708330912,0.09070628756991607,0.007771773625549447,0.47621104591771174,2.040951779014186,0.173218319713662,0.7423814311071981,0.9995602462620933,0.9571741169115349,0.9979703642662028,1.0,True
313,12.284853478114442,25.975720297533712,0.08452332952940941,0.02769884901425689,0.6128459729646382,0.926077591745477,0.22291828505498906,0.33685401827983913,0.9997647058823529,0.9876116392970326,0.9987528950650276,0.5588235294117647,True
314,7.697254296073605,42.39031511597942,0.7737022163108048,0.03124852553042544,0.5190807435570693,2.411134859410728,0.18881186181097284,0.8770328461098579,0.9992127533950009,0.9582614694722318,0.9968690255188274,0.9318181818181818,True
315,2.7035943724597766,25.97597271856607,0.08646771001520266,0.09180717444674169,0.7584639839504076,0.6303301272184952,0.275885782132659,0.2292780195622624,0.9982420554428668,0.9729257641921397,0.9996311777723137,0.8214285714285714,True
316,7.429989794230505,34.92538701445109,0.11960216037697131,0.09496641039630942,0.4233422350527635,1.772299467627682,0.1539876725840106,0.6446610981487666,0.9991218441273326,0.9654491609081934,0.997662475650788,0.9852941176470589,True
317,13.164728163482993,32.75032131288437,0.04068255693151427,0.09225070916265599,0.49923011779785154,0.8170266723632813,0.18159134042921848,0.29718753599106407,0.9984785916105194,0.9926226484691996,0.9991985817325206,1.0,True
318,7.944967973730599,27.9464511307533,0.1437132584940339,0.01436385215378088,0.5282397588094075,0.8088843027750651,0.19214338728868294,0.29422580801215836,0.9991228070175439,0.9842336521064875,0.9989008898564816,1.0,True
319,6.582767725915289,42.48708780648016,0.1300133010819554,0.5851978134790798,0.42900819044846755,2.207516303429237,0.15604862283207774,0.8029680707712977,0.9999703272899914,0.9705689993459777,0.9981488656420853,1.0,True
320,4.911650643056429,34.88907255376385,0.024178866893691867,0.014138487988391003,0.5453742774757179,0.7829958941485431,0.19837594438269354,0.28480908683194095,0.9923931233835387,0.9827642276422764,0.9977847952113871,0.9487179487179487,True
321,9.711104841759036,32.10087000413992,0.7386052714431386,0.5130926163631854,0.5180670601981027,2.0416246686662944,0.18844314182921867,0.7426261898457661,0.9985904803209368,0.9694984646878199,0.9974293059125964,1.0,True
322,9.883323177765465,31.146271814739006,0.03272019229932061,0.04281243756934703,0.4782760499969242,0.7170730951264148,0.17396944999480388,0.26083014603389887,0.9995055216746332,0.9901775254573308,0.9989864900164043,0.9921875,True
323,9.79580131876945,43.692687480001524,0.044483981757433,0.012594292380704695,0.49287805031603715,1.070095032218873,0.17928082187795874,0.3892393194233466,0.9991861096039066,0.9547573347957226,0.9951333979492935,0.9921875,True
324,3.1448345192453764,20.44519138340254,0.0289348317448887,0.019135164633022898,0.5234314889618845,0.5538123159697561,0.1903944139482751,0.20144521978515675,0.9430596844271667,0.9808126410835214,0.9920622758895461,0.8918918918918919,True
325,27.061158808804397,30.551906866452406,0.023554177333538085,0.23307437298643935,0.5121327913724459,1.0970382690429688,0.18628459451386084,0.3990397267224322,0.9970674486803519,0.9918738049713193,0.9976879534401658,0.7222222222222222,True
326,21.25354050536028,31.309058733667115,0.08940629805596008,0.019798550156015296,0.5150536431206597,0.890000745985243,0.18734703318741847,0.32373132686659434,0.9990726429675425,0.9918374435567906,0.998149316508938,0.703125,True
327,13.861875836841472,37.573246536378704,0.1491363413292626,0.1296891929442686,0.58782958984375,2.1311851501464845,0.2138187568381189,0.7752031664777315,0.9984783931832014,0.983617246719374,0.9976489537194592,1.0,True
328,3.413283108466632,29.888481400688452,0.9303476292117363,0.09079333984166169,0.5272071838378907,0.7145009358723958,0.1917677956196576,0.25989454173022614,0.9998269663353393,0.9326145552560647,0.9978858350951374,0.5357142857142857,True
329,2.8106553849178115,15.377935342677938,0.9691830398946023,0.061428185654779546,0.5098732396175987,73.9331034610146,0.18546269892442438,26.892631035161298,0.9986431478968792,0.2440901594282573,0.9110592506158434,1.0,False
330,20.832503647458942,38.426459417971884,0.6621873884864982,0.0168105318687402,0.41523094897000296,6.70846903099204,0.1510372510051391,2.4401570340734513,0.9989124524197933,0.95670775185902,0.9896193771626297,0.9464285714285714,True
331,19.23942987742081,21.04102985358049,0.9346432214083396,0.2914903139351331,0.46139686584472656,38.32686065673828,0.16782976898142737,13.941118039515311,0.9993177786874062,0.718198105963655,0.9320476367082869,0.7575757575757576,False
332,35.44779055827213,32.412401244885984,0.07355426256924882,0.02038487556351258,0.54979261567321,0.7687540175039557,0.1999830829088934,0.2796287073277432,0.9988354941386538,0.9970267591674926,0.9989112102645119,0.9875,True
333,15.819373711707193,24.120777102563302,0.06509199017610391,0.12752510481710416,0.5259070502387153,0.6975548638237847,0.19129488143721055,0.25373053072886376,0.9941092182773443,0.9914461373964181,0.998338670454819,0.8333333333333334,True
334,25.472415869918702,41.92441909180647,0.07721298419665427,0.10140101011274535,0.46925902948146914,0.850372314453125,0.1706895740744527,0.30931677184581996,0.9990314099903141,0.9955571352408032,0.9988410312921551,1.0,True
335,5.418311063573685,43.63845597264533,0.8815912096050647,0.0478981657026292,0.6057484745979309,9.008751571178436,0.2203366214170063,3.276868151745873,0.9985369818477378,0.7318518518518519,0.9885070255440626,1.0,False
336,18.87188270960764,44.88242837282097,0.0015830617200122132,0.38479533661141346,0.541165968951057,0.6294059753417969,0.19684520262916352,0.22894186600888686,0.9990492489066363,0.997163695299838,0.99963445838918,1.0,True
337,10.018965903152331,20.47780017048774,0.05818505562329487,0.2793914993003912,0.48948686019234033,0.6292482459026835,0.1780473010260341,0.22888449306752648,0.996595481275147,0.992375366568915,0.9996292909571708,1.0,True
338,27.474490494372386,17.70053466910619,0.019334360230905217,0.07029000829797251,0.49743495267980237,2.245637332691866,0.18093836211629882,0.8168343191316286,0.9847387081856019,0.9890542368712335,0.9944329501098479,1.0,True
339,25.63714675452681,28.28872513327029,0.12126401725290312,0.22207397220981612,0.4966040084611124,1.3658741054250234,0.18063611217360823,0.49682681556909286,0.9988172678888232,0.992442958872257,0.9980450454119659,0.9852941176470589,True
340,33.14331111071988,41.71107629522451,0.048650960156672474,0.13510143058676893,0.4948867406600561,1.2341232299804688,0.18001146844569113,0.448903388632765,0.9670224411603722,0.9935915492957746,0.989492119089317,0.78,True
341,5.007427064835024,35.149968414487546,0.005924778272335251,0.11357427773765828,0.6592559814453125,0.7584783380681818,0.2397995895854773,0.27589100333906136,0.9997164958891904,0.9803108808290155,0.9991591396099493,1.0,True
342,2.2461067245922637,33.148189444034706,0.9248049978627915,0.00694722398388346,0.5403630065917969,2.3483102416992185,0.19655313088522425,0.854180846329657,0.9998364829825503,0.8807588075880759,0.997316192306418,0.7352941176470589,True
343,5.15837302219581,19.265154965387225,0.1285504988736322,0.014092039058517625,0.5473983764648438,0.5523159027099609,0.19911219573350977,0.20090091029741808,0.9729364513344094,0.9933244325767691,0.9267401127075189,1.0,True
344,3.446767251744984,40.9079732933083,0.047788004533236735,0.07379979954852812,0.5406649720435049,0.728639939252068,0.19666296863175453,0.26503750182921515,0.997264218862491,0.9570119802677942,0.9990642545227698,0.9807692307692307,True
345,3.5451377731737885,28.77125766443711,0.04411738773228351,0.20867089229482325,0.5117137908935547,3.0288658142089844,0.186132186123642,1.1017280079347263,0.9970791887089198,0.9134860050890585,0.9907453840893549,0.8333333333333334,True
346,25.06678445261018,20.634946269501018,0.1362934127301902,0.13097735700232604,0.4590187072753906,28.38981192452567,0.16696473102205125,10.326588517232711,0.999770484278173,0.8795940335229894,0.9591654872359385,1.0,False
347,19.281127471586792,28.620346473609406,0.12286657830010131,0.25514647042318905,0.4017770940607244,1.2682259299538352,0.14614350870110332,0.4613079988108045,0.9993183367416496,0.9896727272727273,0.9979265311175068,0.75,True
348,28.83812472586333,43.76809209139183,0.0814293840972169,0.23606340344354854,0.48540916442871096,1.8371218594637784,0.17656406871856378,0.6682397738009258,0.9953423705248523,0.9926812560839312,0.9966099826364965,0.9821428571428571,True
349,10.305380682828616,23.991119905612305,0.11516578154327078,0.2207599238125597,0.6309534708658854,0.6139034695095487,0.22950475630037612,0.2233029417658795,0.9604073711622352,0.9900426742532006,0.8682400836221599,1.0,True
350,5.1338179676466105,28.40899335074154,0.08162382092821016,0.2918763067983527,0.5424882842273246,0.6165557489162539,0.19732618523603565,0.22426768919494272,0.9939367691641403,0.9917302798982188,0.9985665223234284,1.0,True
351,12.30115609396979,38.180423898101694,0.07104744066580283,0.07160416782997571,0.5129418453927768,1.0478325536695576,0.186578882055405,0.3811415040533936,0.9983351171364014,0.9905990210550851,0.9989796254237846,1.0,True
352,9.759298782952893,20.460388722470995,0.8617175154385903,0.19623408922307087,0.5764018214026163,18.353222248166105,0.20966198881600118,6.67585169729153,0.9916193565828603,0.6314560840385176,0.9495751587496605,0.86,True
353,3.225841146013043,24.386577003665707,0.1410640546365714,0.1083349782205913,0.6131235758463541,0.9037861679539536,0.22301926109309386,0.32874567428762513,0.9362634153464262,0.9269372693726937,0.9882213968491953,0.9705882352941176,True
354,3.032956084315351,43.348980819583474,0.002645862192734,0.40193189935265716,0.5874951680501302,2.4474432203504772,0.21369711333223423,0.8902397494932526,0.9998814519761956,0.9159067882472138,0.9974479780133491,1.0,True
355,3.427046835746181,39.61758442411852,0.06838126387145281,0.1473486106595635,0.5263327294653588,0.557408930181147,0.19144971917356354,0.20275346216150655,0.9977692151693368,0.9665703673132481,0.9991427680798005,0.9891304347826086,True
356,17.745354140613333,39.216303558305256,0.5490199708055841,0.012820103601257493,0.6857416706700479,39.37028552639869,0.24943356725839266,14.320656280426368,0.9990952794876798,0.5826112936958471,0.9496930783884852,0.8611111111111112,False
357,31.99388809175096,43.650727679158706,0.055239587318199924,0.18486128734994783,0.4756584167480469,1.2096168362364477,0.1730173048547781,0.4399893653589028,0.9989048360136031,0.9956772334293948,0.9981717140633203,1.0,True
358,7.18739041453342,20.352306626836643,0.1380053796617799,0.03456398839749783,0.5537459794865098,0.8801085006359012,0.20142109036971764,0.3201330942504102,0.9995419987175964,0.9783333333333334,0.9986315949521058,1.0,True
359,2.2841718372311264,28.840237473509433,0.020294173908825795,0.2734983399383084,0.4973174469380439,1.2857601310633406,0.18089562025359196,0.4676859374994312,0.94,0.9457364341085271,0.9878113712567095,0.9634146341463414,True
360,2.215429231412082,38.117934608917224,0.07730018358008874,0.010603662866230486,0.6136015937441871,0.8896686008998326,0.2231931366421083,0.3236105114968352,0.9993002989631703,0.951048951048951,0.9993823983530623,1.0,True
361,9.724624008873986,23.589310192427845,0.08007100094719745,0.41142429070258196,0.531600605357777,1.8834408846768467,0.1933658708847997,0.6850879838266312,0.9990243902439024,0.9615967660434563,0.996446996982381,0.88,True
362,7.165368434768984,39.16395079821037,0.07377502396159698,0.0482251733445596,0.6122451581453022,0.8550587704307154,0.22269974301494908,0.31102143627309264,0.9998550154305006,0.9853372434017595,0.9991591591591592,1.0,True
363,26.28305185256775,37.22108750008924,0.045857953845198286,0.5184776924105969,0.5881835089789497,0.6607636951264881,0.21394749236082325,0.2403480095196669,0.9796353555816185,0.9970740490659464,0.9948808726437661,1.0,True
364,2.8953120189768136,24.030039827352528,0.07712616827215192,0.21746383323938492,0.5983808517456055,1.8175548553466796,0.21765670195334838,0.6611224177377911,0.9988439306358381,0.9112426035502958,0.9977176393870232,0.9523809523809523,True
365,10.658268940325087,33.83422567931964,0.09923230726470572,0.22777300835114458,0.6088380410637654,2.1053584998762105,0.22146042884743705,0.7658089094524076,0.9987858410385729,0.9712769278801124,0.9969089463922989,0.9861111111111112,True
366,2.8569706438934834,34.857792903493575,0.09845520711421411,0.19581757234761582,0.49777520936110925,0.9022920542749865,0.18106212802032934,0.32820220125576144,0.9643828519621811,0.9557028252528775,0.9936601144563324,1.0,True
367,5.833837038495172,23.298019343475477,0.009293884495779963,0.17817304706499315,0.5143309831619263,5.214937686920166,0.18708417086020193,1.8968958223112165,0.9920415786909209,0.9123107683518995,0.9938437309853609,1.0,True
368,3.2053268536329567,16.50969137280969,0.5503525408312406,0.09759263524370332,0.6319515521709735,1.4031439561110277,0.22986780114800628,0.5103834538855512,0.9543759811616954,0.9135399673735726,0.9594746248805021,1.0,True
369,5.797270579888988,29.785244574228674,0.08744342409133188,0.31849786340593683,0.4939888000488281,1.0094099256727431,0.17968484905033494,0.3671655513373758,0.9910013089005235,0.97265625,0.9973364978902953,1.0,True
370,2.184475964821423,35.50123717163858,0.044621927254231336,0.06922294760831794,1.0679478963216147,1.4397048950195312,0.3884583142881061,0.5236822306761659,0.9995609756097561,0.8955823293172691,0.9986966188760255,1.0,True
371,38.026462709167845,41.29464445333343,0.021844587496217427,0.6515570610374909,0.4721870422363281,1.9013466058775437,0.17175461751232476,0.691601060258256,0.9828099931239972,0.9946801063978721,0.9926730098449981,0.9772727272727273,True
372,2.2659900631291867,28.995408438812234,0.005750440455954025,0.24944848645658332,0.4978956075815054,1.1584340609036958,0.18110592200119627,0.4213720014455233,0.9991770631028013,0.9512893982808023,0.9983203240786483,0.7647058823529411,True
373,19.12469055332696,36.6485422639968,0.001399743220897348,0.2794077611265313,0.49168982872596156,1.6391507662259615,0.17884861487846812,0.5962292221421619,0.9992986998975023,0.9915761343170859,0.99813417012976,1.0,True
374,7.632187567956139,36.61027253195748,0.023787305859674944,0.2125109424947461,0.5234328783475436,0.9244742760291467,0.19039491932724809,0.3362708237976153,0.9978986691571329,0.9874106839060905,0.9993916481988442,1.0,True
375,3.205405726174242,18.29452417481184,0.017665334465816078,0.23502761951121803,0.536792246500651,8.940146001180013,0.19525429275790418,3.251913372431119,0.9988409828465461,0.75,0.9897059940742992,0.967741935483871,True
376,34.00481091116103,16.028966710927328,0.019700584951236777,0.1050147415494674,0.5560882831441945,0.5399275154903017,0.20227308636460561,0.1963947241504416,0.9988830975428146,0.998341185057395,0.9995121825977561,1.0,True
377,3.019934539293166,42.44747486663317,0.013440601676853441,0.34068623855180963,0.5780623853206635,0.9627420902252197,0.21026600691706587,0.3501904641146184,0.9988119667350686,0.9662015503875969,0.999204236753286,1.0,True
378,4.358587523244912,35.40613362186522,0.9519405669134584,0.11474088431422726,0.5707998437396551,3.0257285166594943,0.20762431000495718,1.100586838668236,0.9986368754815386,0.9121452894438139,0.9964173933583984,0.9833333333333333,True
379,2.5698263252901854,38.48151429975147,0.005583078953915277,0.02481198234877253,0.7113625346750453,1.7587573286415874,0.25875297101981815,0.639735243151053,0.9952921628357796,0.9244956772334294,0.9978090255068672,0.9583333333333334,True
380,23.025181731974573,17.189466726596415,0.025050960894961505,0.04432328892983433,0.6449175321138823,0.8165224515474759,0.23458408246572224,0.29700412932037223,0.9987878787878788,0.9957340025094102,0.9990581242020219,0.9558823529411765,True
381,18.78779330926981,26.37793454980242,0.7919889532348716,0.003924806341512395,0.5905234596946023,4.814156618985263,0.2147986324900847,1.7511146109011666,0.9897985874967303,0.9638442521631644,0.9905117965276008,1.0,True
382,20.753758389411207,32.938230820848986,0.07433121222294553,0.08876942902101283,0.5346785227457682,0.9476308186848958,0.19448544104751583,0.34469384851237533,0.9999462490817551,0.9908693926161175,0.9981398970454644,1.0,True
383,2.894555101714088,29.949133834907823,0.026336919109063044,0.021485838069115932,0.5081390257804624,0.898651615265877,0.18483189119858923,0.3268780179265764,0.9981398809523809,0.9556585043017869,0.998992950654582,1.0,True
384,6.272119946205378,31.580617896719858,0.963767626777355,0.03993999595929221,0.6233294107080475,1.5806908336112169,0.2267315596236977,0.5749648449612728,0.9991913861344002,0.9482071713147411,0.9971147502240254,0.9609375,True
385,12.793933825508155,40.97286746915975,0.9814429075351233,0.254690877685519,0.6997776186563135,5.698974237209413,0.25453904170425296,2.072960612575634,0.8735892422215361,0.9362911502328886,0.9501871064602146,0.9609375,True
386,8.234825236943852,44.31857527621816,0.11635864032645632,0.10666020103904303,0.3872412272862026,2.2829576219831194,0.1408561924159212,0.8304093041255209,0.9998961655417934,0.9725137431284357,0.9980638915779284,1.0,True
387,12.23297090566792,32.820512799156894,0.067431569053994,0.26762460176085945,0.6319758717606707,2.2691475472799163,0.22987664722266074,0.8253859894508286,0.9995103319949075,0.9821391048539609,0.9976595869170909,0.9318181818181818,True
388,16.401708418091804,43.10605774590833,0.02954075690536441,0.15541409648447585,0.4903905673289862,0.996640182855561,0.1783760179532557,0.362520649853192,0.9995569339831635,0.9938174324160505,0.9989860385305358,0.9921875,True
389,2.4752119256077094,20.202896894365914,0.08291613808824727,0.28456495889551503,0.741809041876542,0.9342650363319799,0.26982766755154136,0.33983214196298406,0.9946898070198161,0.9498567335243553,0.9990539537456155,1.0,True
390,22.4225277600733,17.521045452222065,0.07754704079974849,0.027962587432614587,0.5632904052734375,3.1902008056640625,0.20489280613863126,1.1604124428516258,0.9997539975399754,0.9851738241308794,0.9960441677272883,1.0,True
391,4.296738161106206,23.264206308228765,0.08383968893481476,0.09291201674853398,0.4866981506347656,2.692824045817057,0.17703292811748134,0.9794952479568834,0.9998936396511381,0.9374045801526718,0.9974264942417809,0.8823529411764706,True
392,21.461782662569664,19.592179904731776,0.027034136700949056,0.1832614669792055,0.5569837358262804,0.4485185411241319,0.20259880079375142,0.16314537161611764,0.9936220878919585,0.9953687210545066,0.974208205265268,1.0,True
393,8.07384890688988,17.854865832161064,0.8638738595789038,0.5514483265186385,0.6276215639981356,14.150959361683238,0.22829279930353286,5.147309000872375,0.9976798143851509,0.729116626634641,0.9731231632380444,1.0,False
394,2.2311978786765754,37.831742314353214,0.012073622395942406,0.12460852072228484,0.5851674181349734,0.9609301952605552,0.21285041115580727,0.34953140044113307,0.9984120982986767,0.9324253535882661,0.9987907830799203,0.9215686274509803,True
395,2.520985187999009,34.50647225946353,0.13519043781181328,0.20114004332159607,0.5635330412122939,2.2248448265923395,0.2049810632044661,0.8092711955962321,0.9992922859164898,0.9181871689228959,0.9979071926484241,1.0,True
396,14.827210220517028,30.697000300738488,0.11541880388707018,0.014679749224952554,0.6016720430350598,1.8574488133559992,0.21885384895340773,0.6756335560919733,0.9317676927959379,0.9870106918794733,0.9889900546295,0.9,True
397,2.847299142853406,16.750812997486715,0.8442294864002438,0.33146450266217564,0.4124320983886719,27.847441291809083,0.15001918937262596,10.129305126881793,0.9976689976689976,0.276732249786142,0.9296961354772779,0.7142857142857143,False
398,26.50686391674952,44.73289360898329,0.06107471018231145,0.0869842877603494,0.5557920200618234,1.062225341796875,0.20216532281363084,0.38637677651668595,0.9985228951255539,0.9918136746223913,0.9977930498221861,0.9921875,True
399,2.836585726297831,23.04510872126817,0.9500332491091388,0.27461666138116203,0.5684469471807065,7.7114110200301464,0.20676846091893755,2.8049699202942353,0.9734392453766911,0.7464082860006682,0.985264593355809,0.9583333333333334,False
400,3.7134604328536533,37.130693499950034,0.0006453441271574822,0.06887885180607417,0.47821366786956787,1.1306477785110474,0.1739467589476863,0.41126494242536027,0.99945312025278,0.9721135029354208,0.999050005880916,1.0,True
401,32.19611922558646,43.187183454260065,0.004215993846690347,0.06612705238894596,0.46005292208689563,0.9372901196749706,0.16734091917099822,0.34093249412440196,0.997773690833414,0.9924482338611449,0.9973959004769886,0.828125,True
402,21.404302252108064,24.50087172221999,0.07761878445940798,0.016281932145628192,0.5575823014782321,0.8477679837134576,0.2028165247154416,0.30836946539719595,0.9992121739851557,0.9935629375557957,0.9983818770226537,1.0,True
403,3.898926181225627,26.811807320055618,0.9199484166712941,0.02349053951271893,0.49609095613721393,2.8264459959218198,0.18044949310579636,1.028099264752431,0.9890942138745834,0.9048559020923805,0.9955305798599484,0.9342105263157895,True
404,17.732789245189732,36.03219250550266,0.006060638649388439,0.12363006937106362,0.49289143880208336,0.679174296061198,0.17928569184281218,0.24704473229871027,0.9988121500084847,0.9965878338628074,0.9995518983216556,0.967741935483871,True
405,3.2222935598873725,37.57570020298228,0.06209632770204324,0.09963194601415208,0.5605956383471219,0.6602097277371388,0.2039126041819614,0.2401465078930628,0.9949635420581824,0.9712509712509713,0.998974823831569,1.0,True
406,8.4420513184639,28.669627484389686,0.769963413830436,0.08195380464210446,0.5633741436582623,0.6772707158868964,0.20492326536976258,0.246352318794111,0.7303728112188207,0.963560420567478,0.9064087685364282,0.6111111111111112,True
407,10.36363357637161,41.480725665998584,0.08810650678723206,0.2602003902672967,0.5537865378639915,0.7863322864879262,0.20143584318584384,0.28602267538661164,0.9986817822304245,0.9914414414414414,0.9993821439604572,0.9821428571428571,True
408,7.823734539525058,33.069401301837665,0.12187322264599576,0.005462609414153486,0.5133489608764649,0.6773130416870117,0.18672696736467784,0.24636771449742229,0.9994494691309477,0.9907307609398577,0.9994424310008364,1.0,True
409,9.986492682338241,24.056196133672863,0.0671870589950443,0.24621613561272082,0.5361686119666467,0.5274282602163461,0.19502745021189083,0.19184821055150916,0.9998420844848006,0.9941333333333333,0.9996810498017953,1.0,True
410,6.792748460999211,21.12952342208812,0.10240020786862122,0.027022835477710335,0.5682222466719778,0.8410158659282484,0.2066867277359414,0.3059134314448361,0.9977454715074244,0.979676915059927,0.999009962254811,1.0,True
411,7.878754578542859,41.90159259290145,0.6463056329489527,0.07290078397250538,0.6386787660660282,4.27333253429782,0.23231477649065116,1.5543937661973126,0.9993529478932744,0.9059783335562391,0.9929512340478001,0.96875,True
412,35.95956060402769,43.628297543441434,0.8964617876555083,0.09110472333815646,0.5902999877929688,12.777461624145507,0.21471734620402308,4.647709144324921,0.9638111566958545,0.9470754336425978,0.966427858891811,0.851063829787234,True
413,5.358919559170817,43.5309561516062,0.06338223460331692,0.08391013244025562,0.5205723319466659,0.9363720510888287,0.18935441628711358,0.3405985533239173,0.9994809047089358,0.9621333333333333,0.997979223575048,0.9921875,True
414,20.319324622275794,34.87309714681039,0.13330974287568184,0.29262822154573326,0.5324695110321045,0.6764476299285889,0.1936819290321,0.24605292723673294,0.9992699545749514,0.9963258450556371,0.9994047891580056,1.0,True
415,21.364235350384778,24.465706501141078,0.1253058093634995,0.010709853653378123,0.5279157161712646,1.1442229747772217,0.1920255191254476,0.41620282176933543,0.9969831920701049,0.9944327826959934,0.9984459658112479,1.0,True
416,2.1693087826076756,34.427181833072694,0.1493945868543612,0.05473437450958022,0.71702968713009,0.5721945329145952,0.26081435668955255,0.2081316180934128,0.9897769516728625,0.88,0.9983630120578136,0.6111111111111112,True
417,4.387598985323445,32.28836813445949,0.8356689030967575,0.2895760452158338,0.4798648231907895,3.8361978363572504,0.1745473547397833,1.3953891851089333,0.8973598553345389,0.8763479511143063,0.9733131229617381,0.7125,True
418,10.90540923144957,19.282646824006044,0.011856435938069893,0.0004119224047899153,0.5438786042042267,0.6828939975836338,0.19783190406034223,0.2483977467931788,0.9946885562530179,0.9924205773262377,0.9988628466738265,1.0,True
419,16.017626225217814,30.204228065622384,0.6476607190571632,0.1485850013405057,0.6035945241044207,3.7604607062611155,0.21955313752172362,1.367840352448184,0.845710798336957,0.9634293369055593,0.9493911592994162,0.9609375,True
420,26.33473705772757,36.39581329554196,0.09725226736478006,0.011938819480801463,0.7613743175159801,0.9558660333806818,0.2769443948934429,0.34768934822686914,0.9897132453345471,0.9910412879771487,0.9960921551472732,0.7236842105263158,True
421,3.10284619308353,36.946987642727656,0.042560561748134086,0.12355999074369643,0.4816761016845703,1.1835372678695186,0.17520619417644856,0.4305031112072979,0.9939347012517744,0.9561253561253561,0.9981040447046301,0.9117647058823529,True
422,2.011647505459224,21.824976219065817,0.722411116918452,0.06067219171018268,0.5205857650093411,0.8786064645518428,0.18935930246639301,0.3195867395010606,0.9646396999732119,0.9574155653450808,0.992889596221475,1.0,True
423,6.904239671834965,41.45468649859197,0.003399532430087687,0.23893017179645415,0.47863375345865883,0.9086243947347005,0.17409956203888305,0.3305055442455753,0.9989734565185511,0.9887429643527205,0.9994360500165296,1.0,True
424,4.355068171142429,28.880869705978117,0.1286213544527375,0.02358594339451704,0.3866829505333534,0.3602758554311899,0.1406531232895481,0.13104773365961908,0.999953209077439,0.9832026875699889,0.9994795281054824,1.0,True
425,34.270233828691616,16.190684310500377,0.03911446580692498,0.06797860212236259,0.5878665062689012,0.8409583799300655,0.21383218492045625,0.3058925213292526,0.9888268156424581,0.9955560432325671,0.9976143728756307,0.8857142857142857,True
426,5.511685215989892,35.97635480186252,0.12895906922635542,0.060510018990471585,0.6095436497738487,0.5885455482884457,0.221717088906425,0.21407918153812983,0.9998772313207455,0.987389659520807,0.9995517437169411,1.0,True
427,19.032733117903952,44.635057460466086,0.138581184050136,0.053127091133135164,0.720199385933254,1.3016667905061141,0.2619673116774496,0.47347186969179533,0.9976092153879591,0.983868247990557,0.9971736270162272,0.9583333333333334,True
428,23.344255185492223,16.904220415048286,0.08610215752929702,0.10536471636313913,0.5785303115844727,1.2138423919677734,0.21043621170727758,0.4415263806589704,0.9905861112902186,0.9907312049433573,0.9528543689320388,1.0,True
429,5.85943074500729,20.961261972743088,0.13202758674577603,0.034625537837332215,0.5653042460596839,6.063846144565316,0.20562532614242957,2.2056801268429065,0.998661311914324,0.9007689491028927,0.9935909885414643,0.8958333333333334,True
430,9.957123941240463,27.11346145669244,0.06421925681661732,0.17992578944318272,0.5375043969405325,0.8544682954487047,0.19551333232373763,0.3108066552740091,0.9987730061349693,0.9886142738128297,0.9991320281608641,0.7916666666666666,True
431,30.139301407721575,31.902860757394606,0.09018459025663056,0.5462330076150868,0.45753194415380083,2.4449380541604664,0.16642393170220826,0.8893285134315168,0.997300301730983,0.9883727724218522,0.9959324967546517,0.9264705882352942,True
432,33.01688259521656,40.92392783926548,0.029661595429899622,0.09301392844339668,0.5291820949978299,0.7220835367838542,0.19248615525377566,0.26265265790623993,0.9989215837313203,0.9973632614427692,0.9991126393433531,0.8035714285714286,True
433,5.156637500599516,27.330381423631685,0.01630090578643273,0.3445629273973458,0.49780010354929954,0.6427568896063443,0.18107118310102502,0.23379816439879375,0.9992775610460916,0.9838449111470113,0.9992999299929993,1.0,True
434,16.398624979507773,20.265358886663613,0.03813802772229736,0.09030834275797923,0.4859336049933183,0.6994644968133223,0.17675483017647137,0.25442514590117676,0.9987445072190835,0.9890710382513661,0.9983943112742287,0.8260869565217391,True
435,5.893333325126496,29.220034135277167,0.048347762060008764,0.19613357965620506,0.5643793741861979,1.1575360298156738,0.205288910695436,0.42104534913988845,0.9853123858238948,0.9798045602605863,0.9966255905216587,1.0,True
436,2.841625328279618,21.20316894941257,0.05839113863162795,0.35001090158874004,0.612853503618084,0.5097464889776512,0.2229210242756506,0.18541659429694346,0.9982471516213848,0.9707351891506067,0.9995618263079484,0.9242424242424242,True
437,7.3227739265734435,42.83712126083482,0.05575435086194641,0.17925154169100319,0.352793144457268,1.0642247055516099,0.12832595172508224,0.38710403060509996,0.9998380916401317,0.9781099839829152,0.9988599719878831,0.9705882352941176,True
438,11.030024195592805,37.062432406435526,0.059625156944514396,0.04370730450653906,0.531754902430943,0.8204392932710194,0.19342199532790047,0.29842885213550363,0.9996760609005507,0.9901762885210604,0.9989582861542642,1.0,True
439,17.366914689299307,35.72815946048381,0.10149272740640441,0.038543189352067186,0.5929213762283325,0.964139461517334,0.21567085726594204,0.35069874780377497,0.9992380758876416,0.9948408787896353,0.9992138865872054,1.0,True
440,2.278228760133456,38.68701666180024,0.8914193047686061,0.07874024357263923,0.46849086366850756,1.4253404551538928,0.17041015932226808,0.5184572696877898,0.98149174332262,0.9372881355932203,0.9955884445709406,1.0,True
441,8.55404509688165,21.718256897840796,0.052778857575704004,0.09690097698677906,0.551565925280253,1.5439221064249675,0.2006281114379401,0.5615904866892206,0.9947749564579705,0.9792251544076361,0.9975956447533979,1.0,True
442,4.749125761284529,27.97406873222805,0.060240723179591005,0.04025766629567051,0.5489141745645492,1.1778822101530482,0.19966355631640034,0.42844612491114203,0.9994485216137106,0.9702269414948991,0.9986535752754993,1.0,True
443,4.423068220434109,19.16731383139657,0.06380399854093634,0.05566217458446761,0.5313124307772008,4.960772072396627,0.19326104946778408,1.804444920438677,0.9992223950233281,0.8900473933649289,0.9948118144996132,0.82,True
444,3.7517572598807063,28.658061156140317,0.07801595158433293,0.5448924096737346,0.6126667903019831,0.6949885441706731,0.22285310865890798,0.25279705053773655,0.9963824289405685,0.9698535745047373,0.9996115642861106,0.9285714285714286,True
445,24.72293139256558,20.92898982803551,0.10988709227829525,0.04179458728442323,0.5692981719970703,10.325596110026042,0.20707808778218043,3.7558608174949786,0.9997923156801661,0.9549238259776975,0.9872049017841052,1.0,True
446,30.642334573938605,17.52251600905052,0.06460859233003911,0.012894551796995068,0.570762409883387,13.072767369887409,0.20761069371079782,4.755124471032905,0.9972985141828006,0.9428776290630975,0.9788239571026084,1.0,True
447,25.979309911962734,23.114179502737347,0.12500164760359891,0.28112641706814984,0.43359375,0.7450286865234375,0.15771658691496176,0.2709987899784384,0.9985935302390999,0.9970561884039422,0.9993917274939172,1.0,True
448,3.5287373955245744,15.927384571096722,0.06828387263608877,0.028566213436377462,0.6224709000698355,0.5771256380302962,0.2264192825955141,0.20992527187317153,0.9300998573466477,0.9773960216998192,0.9929742388758782,1.0,True
449,4.224683489505921,43.18127897314157,0.029900713772888613,0.047172501591768494,0.6975818574428558,0.6992767453193665,0.25374034946234036,0.25435685265475677,0.9973309608540926,0.9669360764144012,0.9992412675515423,1.0,True
450,5.476101296742277,29.590032964454277,0.05710638238025943,0.005865460495131049,0.547751166603782,0.5106123143976385,0.19924052059199904,0.1857315320240316,0.999313915050209,0.9897818282242474,0.9996309858355332,1.0,True
451,23.149818461397558,42.57511651394539,0.1404279736269174,0.05437006556195569,0.5192029852616159,1.0294422350431744,0.18885632634585084,0.37445215881714006,0.9995932855135695,0.992926230691497,0.9987058606026992,1.0,True
452,22.317990277882245,19.512912152427248,0.07399320517857673,0.39714242274694533,0.5289306640625,1.564202880859375,0.19239469907165804,0.5689674715368734,0.9984512132163139,0.9909175593851887,0.9981413599050029,1.0,True
453,24.580904860743804,27.834017900085804,0.008783481830460382,0.09099484539519151,0.4140507882101494,0.7038543433473822,0.15060797607427334,0.2560219207911109,0.9995089614534741,0.9960180514998672,0.9989735886844411,0.9827586206896551,True
454,19.31744138793911,35.51170776291087,0.13855944714522572,0.11733139410125575,0.5256949602547338,0.7001807002697961,0.1912177352412785,0.2546856597224478,0.9987451636515737,0.996092575894199,0.9994240105323788,1.0,True
455,2.3274838506520084,18.55002010975992,0.04875175716793343,0.240054853838002,0.6920806221340013,5.065328846807065,0.25173931495312846,1.8424766900360294,0.9998976144158902,0.7765567765567766,0.9942528735632183,0.9583333333333334,False
456,27.568441466947572,40.66729270122663,0.9467347596920781,0.007522349618166362,0.6290795597029321,7.144386385693962,0.22882313468382182,2.598718815373541,0.8313780201661488,0.9645583938165708,0.9389012741739619,0.9,True
457,4.859926338263408,22.340984116862536,0.14783691763883147,0.0315910618905507,0.49290357317243305,2.447779129962532,0.17929010563216202,0.8903619341823197,0.9993834011592059,0.9476730166385339,0.9974120794629128,1.0,True
458,3.0553414469539733,36.07928823368372,0.05627878534605893,0.015616047723308539,0.553513914674193,0.6269076839908139,0.20133667847461614,0.22803313062006678,0.9985224586288416,0.9661538461538461,0.9992914413574492,0.9680851063829787,True
459,16.13011899669287,38.18319388002817,0.10554969322305811,0.07673543147526697,0.4777580169310053,1.3195317279861634,0.17378101921814756,0.47997011134034895,0.9889714157101058,0.989542285541073,0.995251807376547,0.8829787234042553,True
460,5.138542172437339,39.641055052584846,0.07774471498398484,0.055189723679763956,0.7156053358508695,0.9008675852129536,0.2602962592254479,0.32768406094901165,0.998321891685736,0.9731770315914962,0.9990883499133432,0.96875,True
461,11.600985639205348,39.25460603702789,0.14002384210076074,0.17554226460633002,0.5071789622306824,1.863964557647705,0.18448267503416627,0.6780036108976492,0.999092994718028,0.982398753894081,0.9978992652454041,1.0,True
462,9.615513408261835,33.199788817189926,0.047636202898978075,0.24452198429663632,0.5516081012663294,1.1951051305551998,0.20064345264747951,0.43471083749644895,0.9587031334903098,0.980674013735825,0.9908957221460319,0.8026315789473685,True
463,6.476360112616508,38.33992073041374,0.0030811679408653645,0.2915444124249882,0.5446551442146301,0.9178614616394043,0.19811436486620887,0.3338654604466622,0.999292071197411,0.9845701689933872,0.9991291115981281,1.0,True
464,9.4573354799223,30.78614247930713,0.750909873313153,0.2927753426231382,0.5807406538623875,2.198983079296047,0.21124020770580518,0.7998641722818313,0.9408057618726086,0.9560880671451162,0.9861019861525244,0.9672131147540983,True
465,3.318079544634821,15.7788277055101,0.026888353258434177,0.2536765584194141,0.5320278167724609,33.084952163696286,0.19352126594345787,12.034411781772587,0.9992935358530555,0.4814663951120163,0.9636295892923676,0.9523809523809523,False
466,10.10538678748198,19.225449992364844,0.9156182057077445,0.33395133236775076,0.7189656010380497,75.68582888002749,0.2615185313556418,27.530172214861903,0.9978579667160982,0.5170426065162907,0.9068780759812834,1.0,False
467,2.134877878498709,18.62877587280454,0.12152997081685903,0.183443617090411,0.8739798545837403,0.7011639595031738,0.3179038436263948,0.2550433131488197,0.9949988092402953,0.952303961196443,0.9994881372345576,1.0,True
468,15.092129611058539,19.22734841105328,0.728288928606512,0.04139221374327838,0.659434954325358,10.64341926574707,0.23986468967465324,3.8714666890345546,0.8078833317516054,0.872496025437202,0.757682506370859,0.9230769230769231,True
469,37.28107354123579,23.093615008836846,0.549897843096333,0.06744233382779358,0.5808690214810306,52.549509126846104,0.2112869004975781,19.11450343447709,0.8291447977770917,0.7556193895870736,0.8609373861068591,0.6636363636363637,False
470,6.52249356775211,17.204331538950527,0.11118855271790802,0.3713067417040193,0.560423321194119,3.395411173502604,0.20384992506530317,1.2350562282268962,0.9983874683252707,0.9339573582943318,0.996078431372549,1.0,True
471,2.599430389710098,41.08401321695885,0.05841774063262623,0.22159725296442198,0.6427724361419678,0.7750587463378906,0.2338038193385545,0.28192200678861545,0.9983168761220825,0.9462254395036195,0.9990578769128918,1.0,True
472,26.59302605260285,29.316208216927325,0.1112780389494467,0.02443522661598052,0.5575574444186303,0.6074189216859879,0.20280748314000113,0.22094423444959818,0.9240891921530401,0.9947211092030783,0.9873826399970312,0.8157894736842105,True
473,39.18236671428383,39.65129842217329,0.03372634610340324,0.02351390810457941,0.5501041412353516,0.584621810913086,0.20009639807636925,0.21265195047958155,0.9985286905345758,0.9978475765306123,0.999152726054659,0.9090909090909091,True
474,3.4711614559069113,22.262919708414703,0.10254881366517499,0.08826920121564459,0.5603615897042411,0.44729396275111605,0.20382747068285714,0.16269994010009153,0.9983766233766234,0.9717073170731707,0.9994001199760048,0.7,True
475,5.875594255288306,26.018923160840494,0.13819373544444513,0.06638456724054682,0.4831551771897536,0.5988910381610577,0.17574419718148965,0.21784227856771493,0.9989777141688816,0.9899736147757255,0.9996341782074732,0.9285714285714286,True
476,10.221293058285005,34.9298571695813,0.07269587726931319,0.107072084155633,0.5632444024085999,0.5765454769134521,0.2048760729296528,0.20971424246785975,0.9992659203523583,0.9946091644204852,0.9996386630532972,1.0,True
477,6.542265096004701,21.349160380416976,0.1367105685352132,0.14432171973191998,0.6232884146950461,2.1784990484064277,0.22671664762082014,0.7924132543703729,0.9987063389391979,0.9498787388843978,0.9970494098819764,0.9565217391304348,True
478,9.968345236168854,30.196188880104213,0.01040254956066614,0.40190866882914605,0.47769629818269577,3.0533903275413077,0.17375856947035476,1.1106486220776297,0.9983690879437963,0.9643225880463462,0.995695566569353,0.90625,True
479,13.377495743598825,27.484629021355637,0.03057366278677706,0.03996546369575827,0.48351823038129665,1.7126744967788012,0.1758762551510493,0.6229729467462394,0.9430011632415665,0.9852520360994937,0.991597155014824,0.8375,True
480,2.7575217415590774,43.10189173780644,0.012643122682199975,0.08475041266898062,0.5027511973439911,0.6917191493658372,0.18287210761802877,0.25160783185112906,0.9911121787172712,0.9609856262833676,0.9978947940293642,0.9418604651162791,True
481,7.0350161659931,30.103667862830555,0.016866560388382943,0.1395607247760917,0.4700070321559906,0.5767316222190857,0.17096165463103083,0.20978195147490786,0.9989777373920945,0.9933371958285052,0.9997372372372373,1.0,True
482,8.118113764383233,17.966578978830388,0.0722939426858185,0.16603532492920187,0.4133018211082176,0.5609667742693866,0.15033554471420812,0.20404760218629406,0.9991450555713879,0.9900512511305396,0.9993994795489424,1.0,True
483,8.136735673971524,22.51004295998149,0.8695027019810567,0.42473758550484164,0.5236203935411241,20.73260724103009,0.19046312662111756,7.541335759345443,0.9983618066931897,0.7755737067288992,0.9760687683865718,0.9642857142857143,False
484,3.1944318991939125,36.29078839967556,0.008559821539086993,0.05975832858078654,0.5456126751285968,1.2627859587716583,0.1984626598026935,0.4593292486840587,0.9991626543855977,0.9510586601874349,0.9984840951260626,0.9901960784313726,True
485,7.7393543922306565,42.207220935175414,0.014421170957862483,0.03150044217448809,0.394280145334643,0.5522542554278707,0.14341654788731384,0.20087848654494503,0.9877768587446006,0.9795305164319249,0.9979724570134555,0.9555555555555556,True
486,21.033459716819056,19.80757445156307,0.03483711475651255,0.07202551399351143,0.5326299667358398,4.8517608642578125,0.19374029363247575,1.7647928828271333,0.9665564014498029,0.9624906226556639,0.8442067736185384,1.0,True
487,15.523588760611936,41.53489699605666,0.09181370808199456,0.03499993519236035,0.5554748902837914,1.734724665262613,0.2020499691532049,0.6309935358672002,0.9989487700609714,0.987166651497224,0.9978933508887426,0.9880952380952381,True
488,2.2668727925182277,36.23169304149287,0.08387749810738519,0.02499899173615129,0.6368161837259928,2.13352902730306,0.23163727565140135,0.7760557348214473,0.9997145769622834,0.9054325955734407,0.997931772257221,1.0,True
489,10.110676108534319,29.20775587391057,0.05190056245443955,0.24764108674804272,0.6091705004374186,0.45863037109375,0.2215813585372688,0.16682347654791746,0.9993828430364122,0.996397207836073,0.9997686465825076,1.0,True
490,4.903065355599027,39.086686186062394,0.11610813961123914,0.17931612605363656,0.5078754425048828,0.49500250816345215,0.18473601469070072,0.1800535780367802,0.9994724810972393,0.9911466206003023,0.9997074419455111,1.0,True
491,17.091608203151296,26.692771128099892,0.054613182558496454,0.21896219642227194,0.513406050832648,0.5253870110762747,0.1867477334228517,0.19110572095747058,0.9986769920090317,0.9947229551451188,0.9960795990273436,0.7916666666666666,True
492,22.865984613605015,38.73602984242433,0.1173075291332865,0.2953223115334363,0.5231143406459263,1.6284452165876115,0.19027905354481275,0.5923351559799784,0.9998826061436118,0.9870737073707371,0.9965744400527009,0.7777777777777778,True
493,3.0380776924697006,30.69683935725529,0.14038764298321926,0.15880272469112314,0.4917390005929129,0.6259589876447406,0.17886650078901872,0.22768804919368235,0.9997524752475248,0.9813571961222968,0.9995200634350938,1.0,True
494,10.111264341174552,37.50757231737724,0.09680529793000087,0.1447213532812319,0.5581674575805664,1.6314059495925903,0.20302937101055685,0.5934121011719046,0.9990510376696786,0.9812578843034782,0.9980676227581813,1.0,True
495,28.55441201274271,40.98397068866683,0.056171525226586055,0.05865214969852094,0.4154894692557199,2.252164568219866,0.1511312858871261,0.8192085537912984,0.9998228032525447,0.9903981926009602,0.9967044629391723,1.0,True
496,2.553770231480029,22.05103899962235,0.13355853190619388,0.023462133686828982,0.5431677500406901,1.4510252210828993,0.1975733360056429,0.5277999173113604,0.9987617868368416,0.948502994011976,0.9981219162820308,1.0,True
497,34.58343206370509,41.892680631742685,0.08795295616214703,0.09860601952174822,0.4183755057198661,1.268870326450893,0.15218106075320123,0.46154239337054137,0.9987089634821099,0.9915169660678643,0.9961760956956565,1.0,True
498,9.032997328665301,44.35711489456794,0.08390196983808378,0.024136197796631276,0.5476174690354039,0.9039163723797865,0.1991918890696041,0.32879303520471304,0.9980430528375733,0.9807041973343943,0.9986669777052021,0.9861111111111112,True
499,34.639265923079584,37.113501103118494,0.07767261413657513,0.18536382808440244,0.5170055599663201,1.5561071681225394,0.18805702880621922,0.5660227146498157,0.9991854932052986,0.994642601346512,0.9976935749588138,0.9921875,True
500,21.676338419444413,37.52750113823757,0.030037737782243883,0.037074720138689315,0.5107246277824281,0.7648130144391742,0.1857723852044888,0.27819519599968845,0.9992080950285965,0.9945086157924635,0.9988534476828178,0.984375,True
501,18.915446365136123,37.652669916520026,0.11571091421493612,0.08986729444710471,0.4526904484011092,1.515711082602447,0.1646628726793838,0.5513289310494895,0.9988252024979904,0.9912533087812176,0.9982265011401064,1.0,True
502,34.91852054079208,19.652826597832394,0.7360270331087264,0.1915857854474019,0.5235882441202799,70.51276728312175,0.19045143250207908,25.648508517069132,0.9995656894679696,0.6976102941176471,0.9066266282514305,0.8333333333333334,False
503,3.51020036849961,39.280809701462914,0.03545380400831722,0.10828251990768713,0.5126552066287479,1.0035082842852618,0.1864746192805376,0.3650188720163994,0.9978464984064088,0.9578577699736611,0.9988895318829473,0.9736842105263158,True
504,17.059072203070286,23.26459590966946,0.017641528987577836,0.20865351379676664,0.5335531616210938,0.6140522766113281,0.19407609908714293,0.2233570692716412,0.9983588621444202,0.9961378031824502,0.9993585460376854,1.0,True
505,2.768058334414651,40.26899332374513,0.8984836887654087,0.008564445535879275,0.5523052215576172,1.4732447404127855,0.20089702510559515,0.5358821065763134,0.9986204271918557,0.9138075313807531,0.9978066475451325,1.0,True
506,8.105495331210257,29.919203564548745,0.07893267149423906,0.035939578592889994,0.5559935433523996,2.900046648297991,0.20223862545135002,1.0548709691127551,0.9991386735572783,0.9639780736100235,0.9968818487963936,1.0,True
507,11.140137819902561,41.379274468950314,0.09828005090602308,0.44233726822110686,0.42194314905115077,0.9015601905616554,0.1534787651816902,0.32793599112945426,0.9994757077944775,0.9894598155467721,0.9990044627531754,1.0,True
508,3.70825985038736,42.14165801187442,0.5952746486272393,0.17830587582508123,0.5321201748318143,3.2477102279663086,0.19355486051878398,1.1813310787889784,0.9990719872729683,0.8600508905852418,0.9958268452195578,1.0,True
509,5.1217928949700315,34.08966245779442,0.11602641316513682,0.05918639313238182,0.520917002360026,0.8361128065321181,0.1894797876542187,0.30412997909249245,0.9993024877935364,0.9804032945186026,0.9992020718135368,1.0,True
510,8.350206020996861,37.733872014580186,0.10929082433296149,0.22170959426515868,0.599730694880251,0.7899890336834017,0.2181476976193765,0.2873527907004999,0.9769227254032811,0.9894476874719353,0.9939981091388084,1.0,True
511,3.0466410867318348,34.69979594530408,0.6538931083705268,0.0631761664041961,0.3845485189686651,2.155548924985139,0.13987673926328803,0.7840653131574685,0.9999148283791841,0.940152339499456,0.9983461611856752,0.6764705882352942,True
512,7.121003836044144,23.17624094294459,0.14500790080159764,0.013746335165177304,0.5278159870820887,0.6208666633157169,0.19198924339139706,0.22583575309246404,0.999619988599658,0.9938028169014085,0.9996349759415961,1.0,True
513,28.723526069255232,27.40577390864924,0.04537889802134605,0.3332488762793662,0.5440614808280513,0.6528613972214034,0.1978984241080508,0.23747360587714383,0.999430280586811,0.9976561192030805,0.9993202096020394,1.0,True
514,4.085143019572842,37.55810422098432,0.6044978332750728,0.1716705556205884,0.6856382618779722,3.135498046875,0.24939595305905704,1.1405147104441746,0.9997217120276062,0.9127837514934289,0.9966267135577406,1.0,True
515,24.899974282654433,35.79545392248218,0.08269924345019858,0.024427766799002073,0.5437647167005037,0.8340819509405839,0.19779047830552116,0.30339127007647476,0.9990621536362861,0.9963359639233371,0.9992100649288095,1.0,True
516,4.172504622171294,34.76880009931041,0.026276219604789413,0.15608399276075552,0.5121634878763338,0.6460111664562691,0.186295760144877,0.23498188403877132,0.9852137576342013,0.9739130434782609,0.997578056061431,0.6833333333333333,True
517,5.37334247324368,36.92495374950964,0.5589900681119759,0.11370812457818519,0.6011926794564852,3.1572789017872145,0.2186794839227676,1.1484373387035636,0.9988350080093199,0.9174181300427148,0.9958683856837075,0.96875,True
518,5.097276516005629,25.567954398715635,0.01822142835570249,0.03768724323780603,0.630831520512419,0.6487916190669222,0.22946039774234386,0.23599325354266984,0.9948572441922326,0.9849297573435505,0.9993679767758246,1.0,True
519,24.073645372239312,40.55680241111315,0.09775513463260627,0.01428748519088731,0.5966026838435683,0.8600307730741279,0.2170099062546764,0.31282996623241793,0.9980704293294742,0.9941182998557319,0.9990261363935462,0.86,True
520,2.232075555864076,15.021738798631626,0.10770933175096753,0.04529012812886197,0.4549806799207415,14.812602315630231,0.16549592781110894,5.3879768344212975,0.9987919787388259,0.5803571428571429,0.9847879171565525,0.9333333333333333,False
521,9.112921169433085,25.003292511051207,0.07018018642024049,0.1784604046439921,0.3687420720639436,2.1439917191215185,0.13412725865600245,0.779861463210176,0.8361090996862177,0.9767832167832168,0.9806530239171279,1.0,True
522,9.505408880978921,43.36041241609364,0.750731716017368,0.12313128200181403,0.7438117579409951,8.142583478961075,0.27055614101834136,2.9618057801153643,0.9846000993541977,0.895812834809227,0.985862416028837,1.0,True
523,3.8822066577126066,21.853955676886944,0.05658402554864502,0.0891706493532155,0.6573947113339264,0.5767918954981436,0.23912256605989685,0.209803875443727,0.9661488862837045,0.9811708319068813,0.9945265649358778,0.9901960784313726,True
524,31.24875623638539,33.507870803396656,0.08275472353268477,0.052559899735760224,0.6420008341471354,0.9854722764756945,0.23352315470009571,0.3584584047742019,0.9989412387506618,0.9959590748860803,0.9987817449161278,0.9,True
525,2.483653935256176,39.368003854827975,0.03686535872792607,0.1886946995324179,0.5625723963198455,0.8307595460311227,0.204631635580857,0.30218276934815536,0.9983502886994776,0.962457337883959,0.999460861081872,1.0,True
526,2.2023715466661575,43.37200430411556,0.9078503751425346,0.040264065204570085,0.6002565414186508,0.9907730344742064,0.21833897049007045,0.36038651711343067,0.9973020649579745,0.9391860996799268,0.9989508352263915,0.984375,True
527,2.614924367598501,26.26062938952047,0.09875376334674137,0.06958992210686986,0.6154793770082535,1.875764416110131,0.22387616670740465,0.6822957239707121,0.9988031770209989,0.9295392953929539,0.9982393366274777,1.0,True
528,4.142071327819105,29.045487579880927,0.056518720137176875,0.03502177214811307,0.4569065824468085,0.6738326701712101,0.16619646090952697,0.24510175455988104,0.9989902814590433,0.9868554095045501,0.9997030073731648,1.0,True
529,10.34452995607247,26.902930383253327,0.6243633168052012,0.25007393724765176,0.518246054649353,6.323516845703125,0.18850824976476416,2.3001334641091153,0.9266516493350202,0.9355383057711779,0.914871046873964,1.0,True
530,22.59096137670528,29.458605007926757,0.10339683909452344,0.0806032672341419,0.582736552845348,1.3319338711825284,0.21196620150857465,0.48448130112424526,0.8962013351450345,0.9902991107518189,0.9748027554958444,1.0,True
531,19.539379312752512,35.1252993403335,0.1250217949714771,0.027770721000407908,0.48359633937026514,1.9757454612038352,0.17590466673020025,0.7186631051619077,0.9992912827781715,0.982147998848258,0.9960549674534815,0.7857142857142857,True
532,6.786801413351712,21.629964131501236,0.14345230377100157,0.08096969598798626,0.5970667575268035,2.2072732803669384,0.2171787096966008,0.8028796728921139,0.9990876552740543,0.9504213207916912,0.9968792260480599,1.0,True
533,13.354352667531893,41.53725951137672,0.1173565118001253,0.07076076568614023,0.5540001869201661,0.7281511942545573,0.2015135564829969,0.2648597243753677,0.9985726180563815,0.9929775280898876,0.9992922252010724,1.0,True
534,11.388114470858923,24.411479879613392,0.6652585987093567,0.05424593242496041,0.4488958275836447,4.293122333029042,0.16328260683383833,1.5615921621880813,0.9993986770895971,0.9619169875909286,0.9953259795411448,1.0,True
535,6.685100032594816,27.236983401270756,0.05546175250031512,0.12077199150589148,0.5137344360351562,0.6030076246995192,0.18686718116243045,0.21933965711292278,0.9935798664612224,0.9910791366906475,0.9989241438667925,0.9285714285714286,True
536,20.970453445069626,42.87791778571808,0.9444681417736754,0.15247833594155272,0.7939895408740942,17.789441537165988,0.2888079462234861,6.470780545995118,0.9604354442233407,0.8805393729135301,0.9561049173264394,0.8023255813953488,True
537,5.1152878801190464,15.624460224613298,0.09544540055649355,0.06654438427432846,0.6313367043772051,5.957407059208039,0.22964415471512908,2.1669636802684344,0.9985170538803757,0.8820168067226891,0.9937183160678863,1.0,False
538,20.369311714832435,37.97112534255328,0.052400530418723085,0.06503234370143449,0.6069691397927024,0.6250634626908735,0.2207806295427813,0.22736230847619948,0.9986835806606031,0.9961500717143504,0.9995178960317856,1.0,True
539,25.025347113896487,28.541245438518757,0.0711500682251105,0.06469512061606625,0.4170924861256669,0.5638613817168445,0.15171437166614193,0.20510049468548647,0.9920170303352848,0.997098976109215,0.9990245171359823,0.6612903225806451,True
540,31.954137813922966,44.69511628754522,0.6262847581960218,0.11266802502016829,0.47173213958740234,11.334638595581055,0.17158914996772306,4.12289271515016,0.9889562438002866,0.954796320630749,0.9633787991754748,1.0,True
541,9.261159202685974,44.90774853637943,0.0069785873404763716,0.0643816997395521,0.5496918977196537,0.6922703073985541,0.19994644748258486,0.2518083115946006,0.9986557497250397,0.9886927196984725,0.9991845128350588,0.9852941176470589,True
542,8.749450336075038,37.49127358007614,0.06663350851526813,0.22660018111486702,0.47506548323721254,0.5694225959058078,0.1728016295836371,0.20712334607803154,0.9995770080368473,0.9915518008003558,0.9994038748137108,1.0,True
543,19.736470117497614,30.487085392336844,0.07111619271945217,0.018363420346540288,0.5139761924743652,0.6541366577148438,0.18695511831663703,0.2379374726474857,0.9994904718230918,0.9975349219391948,0.9995828953734754,1.0,True
544,4.460312985273826,21.47467496515887,0.05778569335344242,0.23634069188252696,0.5125131192414657,2.0473664325216543,0.1864229360222669,0.7447147148721048,0.9978858350951374,0.9546925566343042,0.9981608978590965,1.0,True
545,7.597344341650002,34.27660230570027,0.044730747091650744,0.0908825292011858,0.4709418296813965,1.2878450393676757,0.1713016804620387,0.4684443077983351,0.9883550418355904,0.9805269186712485,0.9965739218608367,1.0,True
546,9.939942127118908,32.98411746694371,0.05623250278167987,0.28351444082089117,0.45758736651876697,0.5413519817849864,0.16644409118615197,0.1969128634505885,0.9995007488766849,0.995937318630296,0.9997078275651412,1.0,True
547,16.70658114416511,25.291742335827873,0.090533933272509,0.2925431988804453,0.5893686467950995,1.8774580522017046,0.21437857765987797,0.682911771835422,0.9897285869866963,0.9804479203697121,0.9707947831902798,1.0,True
548,39.2061700996557,36.75766501657059,0.1292659565500916,0.1615890849145258,0.5520170756748745,0.7478686741420201,0.20079221412720863,0.272031814910379,0.9993069993069993,0.9972171235715555,0.9987364620938628,1.0,True
549,24.305542607591324,42.85316462402205,0.0933579755082498,0.05282825734928308,0.5062106847763062,0.9281153678894043,0.18413047112142322,0.3375952445966782,0.9996049339361749,0.9957203994293866,0.9988080187827343,1.0,True
550,39.43352535246932,15.339411151845166,0.07191899280081801,0.29623300317819606,0.6988589947040265,69.68408203125,0.2542048988933544,25.347080257201508,0.9970089730807578,0.6704830053667263,0.9035106159344124,1.0,False
551,6.824313264059182,34.03314217211215,0.14240153155319274,0.010686769509519103,0.5560228413548963,1.3867768912479794,0.2022492823876117,0.5044300525553527,0.9985775248933144,0.9715065171264019,0.9979980406355156,1.0,True
552,5.3136442962115265,33.22437329019854,0.06430869622536454,0.0770724897396197,0.5856038048153832,0.8921141851515997,0.2130091436509352,0.324500075059967,0.9998774359602892,0.9882629107981221,0.999517089660353,1.0,True
553,18.824453718174187,24.8785068523931,0.8586463695924451,0.0652700236305608,0.5053014967176649,36.149525282118056,0.18379976054851313,13.14912806305852,0.9414228768326465,0.7564028276741221,0.9161578010349245,0.5,True
554,2.8152829077048795,18.749471177004718,0.9211856481703924,0.07528280887743995,0.46804670854048297,1.4893998232754795,0.1702486011105715,0.5417584009888423,0.9266070524717395,0.8754098360655738,0.8939369954092132,0.9166666666666666,True
555,4.115687797433005,27.413550180770955,0.09601045185539188,0.08019337881556708,0.5231898793003016,0.6981931987561678,0.1903065301833672,0.2539627204383419,0.9888704982592318,0.9779661016949153,0.9974392474523125,1.0,True
556,4.164329388829588,18.84231505194726,0.09529048642876828,0.4034152130099452,0.6539776541969993,5.854888916015625,0.23787963626921246,2.1296734480149326,0.9996857651618309,0.8639455782312925,0.9942338968015376,1.0,False
557,7.703518821396151,18.60127529319665,0.01750695031785347,0.37270733941341855,0.6522789001464844,0.9047475014963458,0.23726172678399693,0.32909535240266474,0.9997400571874188,0.9835734142026787,0.998784651889577,1.0,True
558,32.97834438981233,24.26796546884688,0.05914716349487876,0.19634513304088352,0.5932914040305398,0.5714041969992898,0.2158054521996277,0.20784413912703406,0.9673949579831933,0.997588908981314,0.993041231271392,0.8088235294117647,True
559,15.223733361875707,22.34241430803358,0.08502316516927336,0.15834317763908445,0.5241575453016493,5.188075256347656,0.19065851168449863,1.8871248077010283,0.999236641221374,0.9607336605528287,0.9935358758888171,0.7758620689655172,True
560,5.1158008315618755,34.62492905683659,0.14997144303161525,0.07551060617125945,0.5647017739035867,1.8153145530007102,0.2054061812581434,0.6603075239814492,0.9999657264283511,0.9660107334525939,0.9983962936564504,0.8461538461538461,True
561,2.299796937958008,34.98860565104492,0.0772982927134231,0.028670580780179505,0.5609669892684274,1.0252785060716711,0.20404768039063836,0.37293763255327106,0.9996882098792926,0.9537037037037037,0.999178552759316,1.0,True
562,27.35520620741172,27.483624419277092,0.0695645135690248,0.0710883327376696,0.5221864609491258,1.3474484398251487,0.18994154402386818,0.49012461312717887,0.9987393633785061,0.9908963585434174,0.9971283278492372,0.84,True
563,5.540560989390108,40.662103250052176,0.06946454948332013,0.16488094135874914,0.5255758979103782,0.688667123967951,0.19117442717564825,0.25049767971233006,0.9993355481727575,0.9807592303692148,0.9988786380549467,1.0,True
564,2.8014087339424285,21.00990437690669,0.027713357947886114,0.05396947784151929,0.5704354422433036,1.9849988664899554,0.2074917615992865,0.7220289643309288,0.9987190435525192,0.9363128491620112,0.9983698257951095,0.9722222222222222,True
565,17.66578404305164,18.543288601926246,0.5641973313995534,0.09614841894986868,0.4833174166472062,39.007787953252375,0.1758032106093639,14.188800413035304,0.9555227188769856,0.778705636743215,0.903652500426694,0.8214285714285714,False
566,4.325911797485529,35.64682473446312,0.13792203866940922,0.30458035197382527,0.6423349380493164,1.0821270942687988,0.23364468257527143,0.39361589486997917,0.9987129987129987,0.9669101847872797,0.9987961246679788,1.0,True
567,2.0439505298532317,39.76301682820311,0.016964261311642432,0.1375296321679293,0.5984118580818176,1.554191529750824,0.217667980283629,0.5653259150632204,0.9989274529151829,0.9109653233364574,0.9984379289778376,1.0,True
568,10.474235281302095,40.57146174379116,0.044900270443437126,0.5153090381479561,0.5184641751376066,0.7689181241122159,0.18858758951295834,0.27968839991820377,0.9997178860259545,0.994093391284966,0.9994296047282127,1.0,True
569,17.69079622287072,15.010330013049767,0.7286286329303198,0.09384059150800873,0.6144340515136719,21.293864135742187,0.2234959371279409,7.745488890742013,0.9984389634717452,0.8177631578947369,0.9730631470487219,0.9615384615384616,True
570,3.7185901055856485,35.25248653753961,0.14079810182920724,0.01576041441738812,0.6936759948730469,0.946804495418773,0.2523196202348799,0.3443932794077208,0.9985860434167845,0.9573264781491002,0.9988143144581776,1.0,True
571,2.7737716858419854,24.602763631208227,0.09842042879259646,0.03780992151877649,0.4785919189453125,4.118002319335938,0.17408434503757658,1.4978935252492929,0.9996648419171043,0.8616891064871481,0.9959372745567073,1.0,False
572,3.6037784499048584,31.443350825232045,0.07235188279236963,0.12799826571288425,0.5070531027657645,1.0748303731282551,0.1844368945651494,0.3909617653905833,0.9973492945703292,0.9559270516717325,0.9982005607554855,1.0,True
573,9.35659662580118,15.577739074191566,0.045030880089088024,0.010417733926371598,0.5681856116470025,0.5020263049067283,0.20667340201088044,0.18260843324291254,0.9974268253457703,0.9920466595970308,0.9997043544367952,0.875,True
574,11.702919076439427,34.12208611191258,0.9711425679746828,0.2573017763035158,0.6137073092990452,45.05521562364366,0.22323158990970277,16.388508438783397,0.997555809027212,0.6836340206185567,0.9467220909066211,0.9782608695652174,False
575,6.312364782560761,29.638870733772443,0.048100210046116414,0.18826571459189,0.48656766168002424,1.9560707355367726,0.1769854637050632,0.7115065661649841,0.9990786806707205,0.9483002832861189,0.9965526515244126,0.6041666666666666,True
576,4.466115070375569,30.657055685583266,0.0011410412852367602,0.1395860381097763,0.5226645376168045,0.8187426398782169,0.19011544094998845,0.29781170674932017,0.9602155650657791,0.9808429118773946,0.9947975938871728,0.9107142857142857,True
577,2.3173154790999626,18.762492838340847,0.11367718559157047,0.03142346403591848,0.7006402015686035,0.8139762878417969,0.25485279999264515,0.2960779807091746,0.9974037213327563,0.940552016985138,0.9990358488912262,0.8,True
578,2.6368438270802894,37.59741939616458,0.015337200661221111,0.13548320171078143,0.5568437576293945,2.3102906545003257,0.20254788473821475,0.8403514967854692,0.9930215475024485,0.9155241043785936,0.9965749557755279,1.0,True
579,2.26232916508725,33.948332800767844,0.030774120358128064,0.21813825500127923,0.519668459892273,2.603516101837158,0.1890256393722557,0.9470101300120276,0.9993655828707375,0.8932893289328933,0.9973333333333333,1.0,True
580,12.22247775240833,23.254160658867406,0.6486710158702236,0.19067267251591152,0.5187541225500274,13.479084215666118,0.18869305578472043,4.902919281549133,0.9920099875156055,0.6227839213621205,0.9592590530281938,0.8636363636363636,True
581,11.032580912237119,36.81578795713655,0.581478805513903,0.1508340983981802,0.5099322670384457,1.0984632257829632,0.1854841697213406,0.39955804441850923,0.8210393964794636,0.9845722300140253,0.967600764930862,0.8382352941176471,True
582,3.242514686314876,26.466095968168574,0.10743501396702121,0.008106403824502876,0.5989359150762144,1.0627131254776665,0.2178586022206499,0.38655420429853765,0.9618199802176063,0.94843617920541,0.991170755246032,1.0,True
583,18.933679888055842,18.79353693808366,0.11205799641158544,0.40836397654809387,0.5439102418961064,3.806127240580897,0.19784341204167527,1.3844512236361355,0.9990523893326113,0.9686603145448284,0.9943870014771049,1.0,True
584,23.423314962236525,29.94244575170374,0.14784343403223052,0.03168810775425064,0.47058976371333283,1.2380143651422464,0.17117361901546133,0.450318760872195,0.9184658369316738,0.9906370719570484,0.985654297060556,0.7162162162162162,True
585,3.130433572295749,20.617200494787987,0.13750196418008986,0.30202963745081696,0.5491653442382812,0.4722381591796875,0.19975491746650356,0.1717732109303345,0.9980867346938775,0.96875,0.9994044633901705,1.0,True
586,17.47542678167878,41.87771495198626,0.6540750523405097,0.0757058268348555,0.5724732370087595,0.8025452584931345,0.20823299468957182,0.29192002655555555,0.9995136524699507,0.987012987012987,0.9978988573237775,0.717391304347826,True
587,5.545166577440581,20.018816685399067,0.9779841884677063,0.25956094453181827,0.5847602844238281,3.1000621795654295,0.21270231921642885,1.1276251703010407,0.9978637550439117,0.7362299007868628,0.9859678845020624,1.0,True
588,3.6185274946065515,26.34864916778951,0.06212618623071983,0.15322748933325353,0.4728595945570204,1.9090533786349826,0.1719992535490327,0.6944043430441182,0.9997182304874612,0.9487617421007686,0.9980737252835904,1.0,True
589,3.1617343959413073,26.985857001368316,0.05600148111001531,0.03238675358968131,0.5186213023626982,0.6802529861677938,0.18864474340332893,0.2474370980142014,0.9938998737904923,0.9715585893060296,0.998642698712219,0.9571428571428572,True
590,23.13991771232553,32.731992364423746,0.007910413576256737,0.011327235527774718,0.5827270257668417,0.7334056916784067,0.21196273610275343,0.26677100976553536,0.9987884128207952,0.9969677625279285,0.9994607441730412,0.8714285714285714,True
591,22.501811249213308,25.189106643817777,0.107511513231543,0.11827231210347576,0.6040621948242187,0.699752197265625,0.21972324935965165,0.254529794857466,0.9989266017692564,0.9924254633360193,0.9970980847359258,0.7352941176470589,True
592,11.700795579209041,29.712338714343158,0.1193957557311782,0.18315155997449473,0.6056143270956503,0.5483113881703969,0.22028782623441232,0.19944429713029707,0.9999334442595674,0.9951244547087503,0.9994245286212383,0.9736842105263158,True
593,3.206476571724196,41.353405573175245,0.5026626934156788,0.14385897855975005,0.5742328990589488,1.3066334117542613,0.20887305901863476,0.47527844220755944,0.9990360516676307,0.918353576248313,0.9975035984166967,1.0,True
594,8.362034105366826,43.10549455909344,0.14622482436531303,0.022995825430800716,0.6642807080195501,1.130788729741023,0.2416272974928668,0.4113162124146376,0.9979308306237068,0.9752144899904671,0.998523133725626,1.0,True
595,4.851679234218861,39.89447145363846,0.6701335685653134,0.023118943262799257,0.517776864473937,3.250448383268763,0.18833758523585745,1.182327062953294,0.9984801072865445,0.892433234421365,0.9950345161680998,0.8714285714285714,True
596,34.23559699259339,17.517694196199642,0.6482736673627305,0.47476523560563916,0.6857465856215533,85.46087107938878,0.24943535503641368,31.085773033907344,0.9977239255589772,0.60431654676259,0.8905285271436989,0.9107142857142857,False
597,17.836371975097784,42.77756861824459,0.05158139595904222,0.09657536397092985,0.481044182410607,2.2771620530348557,0.17497633811626487,0.8283012078862405,0.99896037888414,0.9868586858685868,0.9974611293341488,0.9027777777777778,True
598,4.133214790918253,31.348130636577505,0.5453251193628732,0.2276575517297312,0.5317002036354759,0.620256181196733,0.19340209903712266,0.22561369464217787,0.9989503149055283,0.9697601668404588,0.9990335650299224,0.9166666666666666,True
599,3.1537476173915144,21.271017888151285,0.8840707592311383,0.020079698861539173,0.5115618024553571,1.9945291791643416,0.1860769014297942,0.7254955465573483,0.97923917540828,0.9086021505376344,0.9645478196714946,1.0,True
600,2.454700437559181,22.88391495183609,0.07670385073154203,0.25180738512930834,0.5165170181629269,1.0749210091524346,0.18787932526276072,0.3909947335880842,0.998989388580091,0.9595050618672666,0.9991936784389615,1.0,True
601,7.117147364326939,25.597379830478236,0.03160837887569597,0.004231111252060155,0.5607458353042603,0.9859764575958252,0.20396723723754598,0.35864179700587956,0.9993451783297682,0.9853914346360345,0.9988817444786133,1.0,True
602,7.578576125204789,17.981338769718466,0.9436979617102228,0.0025258870358281574,0.5050438245137533,2.4097097714742026,0.18370603415014186,0.8765144806919928,0.9470178625491977,0.888065233506301,0.9867347799371077,1.0,True
603,5.08220064878199,32.15737455982688,0.02163925575825813,0.06658158190809677,0.5307890085073618,0.6313021733210638,0.19307065840722498,0.22963159429349664,0.9999232080600821,0.979890310786106,0.9992889111975573,1.0,True
604,5.952686591385934,32.49874190057102,0.06267036138913037,0.09276567704078872,0.5526830554008484,1.1208472847938538,0.20103445943017983,0.4077000838009975,0.9992562503575719,0.9769392033542977,0.9987894815256257,1.0,True
605,24.916516952181627,23.60493589037864,0.060648646105057505,0.09648581191605567,0.6781454647288603,1.2171451344209558,0.2466705023513287,0.442727729311194,0.9989647857445906,0.9938408474993841,0.9953813358597821,0.7727272727272727,True
606,11.684401532872297,29.985155764870374,0.0990571171023284,0.12148043617891781,0.4739723205566406,1.7640392596905048,0.17240399957415792,0.6416565073236925,0.9994725654098806,0.9880998080614204,0.9973133755517175,1.0,True
607,5.96959924598234,42.62238818313083,0.924616986177304,0.029836641647276042,0.599203904469808,9.053094969855415,0.21795608142206135,3.292997741924566,0.9973190348525469,0.7529741077676697,0.9891333661183115,1.0,False
608,4.818505643435653,15.514779210631378,0.13236961811074033,0.1584320538723847,0.6997388203938802,2.2696899837917752,0.2545249291172307,0.8255832968042406,0.9955010224948875,0.8967596081386586,0.9961924332164873,1.0,True
609,29.258597159830842,17.68113752193925,0.13388941646174993,0.18803023801975233,0.5841722034272694,1.353242964971633,0.2124884090122186,0.4922323296911202,0.9273581496205276,0.9951656404254237,0.9850655801188692,0.9545454545454546,True
610,2.738762567401256,40.39028040390014,0.0602971364734556,0.32298357990726395,0.5107368961457284,2.343431657360446,0.1857768477328042,0.8524062966022035,0.9990141026190579,0.9195693476884104,0.9977012409318433,1.0,True
611,7.521768604464998,20.46433815276229,0.5964515738577945,0.33162049683784955,0.5795199076334635,12.064550611707899,0.210796170104444,4.38839292573148,0.9884366898481544,0.3979591836734694,0.9023818820773135,1.0,False
612,31.84875217610626,29.364932811627952,0.8591300949076457,0.2751407752438641,0.6215145777142237,10.849686395554315,0.2260714272633799,3.946494863923939,0.9910579724706119,0.9193761564895585,0.9724224819766221,0.75,True
613,30.914946878415442,18.1134252391927,0.006447937071113374,0.002244987333380323,0.5968000623914931,2.550679807309751,0.21708170127226817,0.9277913104647064,0.9982136477313326,0.9904709672996503,0.9965284318738394,0.9642857142857143,True
614,2.826969475709965,16.69670275848488,0.1434394064778296,0.0144519805553875,0.6011643660695929,4.967325110184519,0.2186691851333024,1.806828540483549,0.9981747066492829,0.8317757009345794,0.9949128120681037,1.0,False
615,16.99009063720293,34.197247864567196,0.06426118567593107,0.25096614003177725,0.6481057626229746,0.6279715078848379,0.2357437782274628,0.228420088858381,0.9981256307973279,0.9959212376933896,0.9993250843644544,1.0,True
616,4.03489477969846,28.90653388002927,0.6524346627769925,0.0415862703042726,0.41887416010317596,1.1232600004776665,0.15236244267437932,0.4085776916605368,0.9886986301369863,0.9476014760147602,0.9953000273543382,1.0,True
617,2.3630021953541593,39.503361476271756,0.007278493189262996,0.09034831561114366,0.8155325889587403,0.6976498285929362,0.29664407397130366,0.25376507347600374,0.997254312801119,0.9465716829919858,0.9993388005644867,1.0,True
618,4.8816849901656285,25.419385412347424,0.1376118504975179,0.18314137043469728,0.6287441718869093,1.6827703336390054,0.228701139794283,0.6120955239398524,0.9646193453475542,0.9537426408746846,0.9912555358099913,0.9534883720930233,True
619,11.494258912901078,34.34275975600393,0.07443269954225751,0.027674248436350166,0.5306696008752894,0.6320040667498553,0.19302722474568798,0.22988690294581704,0.9999120453845816,0.9878048780487805,0.9989048942801786,0.9642857142857143,True
620,24.096902063804652,25.091981079073854,0.06439089349290586,0.1405650123701281,0.4768675657419058,0.640267592210036,0.17345712404585983,0.2328927004958615,0.9818533392830582,0.9954017305315204,0.9960608936441284,0.9629629629629629,True
621,27.368791466689196,26.556448732996284,0.07656420750586217,0.001209523388043093,0.6090816029331141,0.7800801595052084,0.22154902271378385,0.2837485094682302,0.9957525392428439,0.9956224233924094,0.9979733601688401,1.0,True
622,26.925632903306767,33.62051037651425,0.5916113566639006,0.22680671050438567,0.46941008391203703,45.07420801233362,0.17074451902978832,16.395416782645693,0.8136700224644313,0.793633952254642,0.6657406488738962,0.9642857142857143,False
623,15.694214057469928,18.771418655452102,0.049394396871996066,0.19194028053287784,0.6236791939570986,0.4780612814015356,0.2268587907477634,0.1738913294733683,0.9986577181208054,0.9946733950098122,0.9994024244493768,0.9666666666666667,True
624,34.46825377179315,40.38505093626303,0.14950669427059068,0.11826834928620765,0.5696124717837474,0.8793417508484888,0.20719241205374295,0.3198541945672656,0.9988930343159362,0.9965847204701394,0.9987653595155506,1.0,True
625,26.6025869581871,31.659116986251966,0.09404593553030216,0.03518027959514715,0.5841540168313419,0.5180165907915901,0.21248179376963894,0.18842478394804815,0.972822910578609,0.995266910310946,0.9926487768930747,0.8095238095238095,True
626,6.521576515308238,15.48122205227451,0.13120983612230092,0.5408659371825052,1.4917856852213542,56.641418880886505,0.5426262409956544,20.602905978036105,0.9869331283627979,0.5470555861309851,0.9473684210526315,1.0,False
627,22.524051433014087,23.394385946593086,0.09619556089696014,0.18109820569237556,0.4998547168488198,9.246133682575632,0.1818185338112934,3.3632141758853655,0.9628323385784048,0.9630026809651474,0.9838834822319271,0.734375,True
628,4.81974546909308,15.455815723046394,0.04737812476472681,0.04086682590290037,0.6325687061656605,2.0057432001287285,0.23009228644476842,0.7295745654825425,0.9830056393842402,0.937799043062201,0.9755293647622852,1.0,True
629,3.7801094144033573,15.317421008039663,0.13197852456764958,0.08961179806564423,0.46672110721982757,0.600079240470097,0.16976642322884758,0.2182744785538682,0.9993401082222515,0.974169741697417,0.999262786666401,1.0,True
630,29.917987488130752,37.878424371080676,0.10908417794472897,0.3050746496624068,0.49941316198130126,0.7089493548283812,0.18165792142552742,0.25787519432440265,0.9993076846998319,0.9976335604159197,0.9993230576963132,1.0,True
631,5.850413515770292,41.25692688478542,0.002203005321260093,0.08752064045521446,0.6181460571289062,0.6408816528320312,0.2248461522918909,0.2331160606007061,0.9981315396113603,0.9885764499121266,0.9996327917010924,1.0,True
632,8.75290340094043,22.559181567945263,0.11201258251064466,0.02950663594334285,0.5162302652994791,1.7591133117675781,0.18777502098505588,0.6398647294354622,0.9951012842579108,0.9719416386083053,0.9883597883597883,1.0,True
633,3.8793506861247034,42.55572269060113,0.12832428015068012,0.21604265175727183,0.6669870376586914,1.775698725382487,0.2426117053026015,0.6458975535430892,0.9980252164666565,0.9443207126948775,0.9981229185588859,1.0,True
634,20.97980000237645,38.9509987117862,0.135228837639426,0.005377959115671639,0.6246125005906628,0.6811315474971649,0.22719827427765937,0.24775666833610727,0.9987730061349693,0.9958179581795817,0.9993147933747608,1.0,True
635,10.331479133006487,35.12419937330496,0.8247670613609308,0.2450800739849294,0.5597655647679379,2.649011812712017,0.20361067092808682,0.9635588654088193,0.829736211031175,0.9666595880229348,0.9620114984353395,0.7169811320754716,True
636,17.278690503344066,42.622996139668054,0.12293105115694684,0.5518723301547603,0.5515564918518067,1.3371547698974608,0.20062468009665008,0.48638036522733225,0.9993942016443098,0.9902979902979903,0.9982149232416994,1.0,True
637,8.872357680524422,19.302251052118226,0.007486979834825075,0.06793775619334341,0.538783841016816,1.757839668087843,0.19597872084204535,0.6394014507693984,0.97354272778721,0.9795918367346939,0.992735430006091,0.9534883720930233,True
638,30.570084170817474,24.124065991442208,0.1148292699267342,0.033958940805539656,0.49793701171875,1.4213592529296875,0.18112098245631209,0.5170091362065763,0.9691833067769604,0.994263862332696,0.8860305485127697,1.0,True
639,4.365962999036542,15.73229994739189,0.8303731623179617,0.23495690481654205,0.7040522648737981,35.03524721585787,0.25609391331319714,12.743817484931506,0.998123187169425,0.3993933265925177,0.9398754290072454,0.8125,True
640,3.246523859470467,32.42743207717139,0.020275274465265496,0.26722031477842534,0.4296144757952009,1.6343115397862025,0.15626915473684652,0.5944689885654846,0.999137187230371,0.9509981851179673,0.9984611280956973,1.0,True
641,10.589934078058997,26.748885070737458,0.0738171035605928,0.036588251318290334,0.5916305341218647,0.6678288108424136,0.21520132279668774,0.24291789420291018,0.9996202771976457,0.9948170252866342,0.9995239892979663,1.0,True
642,39.50510836653516,41.80068569255397,0.0006080766358656231,0.15748159716946492,0.4934774225408381,1.1987687544389205,0.17949883918468246,0.4360434541558924,0.9965679965679966,0.9929889505861237,0.9972876017149357,0.9166666666666666,True
643,11.155265759585559,44.43463505207034,0.023697505820412208,0.40449402448169286,0.4477257564150054,1.0325596250336746,0.16285700191871816,0.3755860868531981,0.9988103735427076,0.9891943127962085,0.9989718010982039,1.0,True
644,12.35163479458536,24.219662891867166,0.06677866829283415,0.06981983482385656,0.48230113153872284,1.282006305197011,0.1754335442600623,0.46632051052196527,0.997865825368841,0.9826356171759322,0.997741879451103,0.9324324324324325,True
645,7.832395539767087,35.894082996947255,0.030880971020802075,0.2571633076544403,0.428585946559906,0.6169065237045288,0.1558950346750768,0.22439528098422137,0.9993683878098847,0.9900601300773101,0.9993339549753564,1.0,True
646,7.182535713128086,44.73947043987107,0.05906142263115515,0.1329217249685578,0.4867038130760193,0.932939887046814,0.17703498778948568,0.33935012850589624,0.9992222883023011,0.9825783972125436,0.9988894458039724,1.0,True
647,11.941488983683199,23.42163173950714,0.10487930762465478,0.38941484227802764,0.7236090371775072,1.1536077455032703,0.2632075476282998,0.4196164641659148,0.9990272373540856,0.9904714142427282,0.999083094555874,0.9772727272727273,True
648,2.6978386582428207,44.361438106674065,0.05015725651624218,0.3196697994936929,0.590685995001542,0.6270689713327509,0.21485775353106765,0.22809179772281651,0.9976939671204345,0.9477707006369427,0.9991880403114104,1.0,True
649,7.004746918548369,22.071841033012717,0.007932081358527554,0.04659596063316973,0.6062209517867477,0.514434814453125,0.22050848157323635,0.18712193874053423,0.9993786890338614,0.9933694996986137,0.9997380141472361,0.84375,True
650,2.807314868929038,17.69644707006821,0.010699687983339728,0.1709012047680859,0.5167661527308022,0.40895406211294777,0.18796994615784468,0.14875407886175343,0.9993829881004848,0.9722863741339491,0.9994216473177131,1.0,True
651,2.7881664672234296,26.13030126110693,0.06452107797636002,0.03212904988878804,0.6145632126752067,0.6431098264806411,0.22354291856519468,0.23392654263120724,0.9985883681535855,0.968986905582357,0.9994271404487945,1.0,True
652,11.23888656306728,33.867365634385344,0.07822086007147029,0.0675953623941004,0.524962180001395,0.641367449079241,0.19095119173018021,0.23329276546798342,0.9987498797961343,0.994148244473342,0.9995827967131636,1.0,True
653,27.85356920880874,40.342182988623705,0.6936640145509949,0.008160685164480251,0.6063205930921767,6.990852567884657,0.22054472537658454,2.5428720008820793,0.8162031873943232,0.9492478457718709,0.9046753822291159,0.6,True
654,9.174047898649981,31.62814161167603,0.03236936143191517,0.40217164846382636,0.6275379998343331,0.9592603955950055,0.22826240344403687,0.3489240229037902,0.9994422755158952,0.9751152073732718,0.9977308430790713,0.6666666666666666,True
655,31.84836117945052,27.84724273979598,0.03527729943769584,0.08979052253627073,0.5363143015716035,1.177703857421875,0.1950804437507571,0.42838125039662794,0.9863290694096444,0.9941153393487642,0.9925784497890555,1.0,True
656,22.690791610403597,44.2482249097693,0.8074085036338547,0.0735450776179441,0.460177810103805,4.511078728569879,0.16738634628283625,1.640872222846216,0.7116968698517299,0.9731456287708505,0.9308394433637588,0.5625,True
657,15.349997183551075,37.80925053262996,0.12063136082997794,0.2735511653688577,0.4662095904350281,0.9413590431213379,0.16958036270226412,0.3424125355649885,0.9994042654593114,0.9924153665906148,0.9987956643918106,1.0,True
658,35.195641160103214,17.97648620055298,0.030472837473585482,0.02619473129869626,0.5493293430494226,3.930233499278193,0.19981457084654267,1.4295939765852332,0.9983312473925741,0.986838606753523,0.993941712900963,0.92,True
659,15.477762603397332,38.801863891391754,0.0035923927336800276,0.028690636952036035,0.5567543334960937,1.2257281494140626,0.20251535735724574,0.4458497388654201,0.9993283582089553,0.9883304448295783,0.9978841332996021,0.9765625,True
660,18.050863608298904,42.90342705246297,0.11986254452779925,0.1407443560251955,0.48970684814453125,0.990603515625,0.17812732005071324,0.36032485585951596,0.9991226530970345,0.9922112755970496,0.9985262518421852,0.9765625,True
661,9.403320652776925,20.158919494744893,0.10342475764605179,0.30410786492514114,0.5979757135564631,2.215108975497159,0.21750933587064894,0.8057298502575501,0.9984363894811656,0.9719894661240125,0.9977022457296454,0.9821428571428571,True
662,6.224387434140357,27.89345553053656,0.03269681751930637,0.033279640802618415,0.505485813792159,0.5879337962080793,0.18386680454972246,0.21385666114858656,0.9995214329664319,0.991571641051066,0.9995865680554917,1.0,True
663,3.5506990085226895,39.2885177281905,0.005391915859230284,0.0687083570040295,0.5785340203179253,0.5863955462420428,0.21043756073221612,0.21329713386189175,0.9980119284294234,0.9758120248790602,0.9995851618960284,1.0,True
664,11.766099247572885,35.53947888611107,0.11968189463220201,0.0719386007434684,0.4232310126809513,1.3296387616325827,0.1539472162516239,0.48364647164431535,0.9999048398454599,0.9851199514120862,0.9984359448315085,1.0,True
665,2.3252888282136985,34.351786288491844,0.1495646249737543,0.1855198898249941,0.6909691492716471,1.4052127202351887,0.25133502474760977,0.5111359518558166,0.9999059236727398,0.9145496535796767,0.9985783077275854,1.0,True
666,4.94419028414826,34.09166967871755,0.1437942364072008,0.34761667431182336,0.5691056685014204,0.8526541969992898,0.20700806602955346,0.31014679009890117,0.999793559042114,0.9732693625771076,0.9988473571546188,0.6111111111111112,True
667,5.438835470709167,24.764228389561808,0.019498886647215583,0.11320502533361074,0.6048841879401409,1.2537466774524098,0.2200222434035253,0.4560412755575179,0.9730609293075393,0.9690996270644646,0.9939436792916871,0.9102564102564102,True
668,28.615184534836203,17.102170502105317,0.12170746292155257,0.2066000382545035,0.48158114889393683,7.749392965565557,0.17517165578640775,2.818785577955894,0.9990250243743907,0.9655357142857143,0.9872268907563025,1.0,True
669,34.639751533887534,19.72940373552031,0.09071413381022407,0.3582944666034709,0.4867725372314453,8.355437978108723,0.17705998570339104,3.039230062903252,0.9991435912075364,0.9706699598641556,0.9869420263011669,0.8823529411764706,True
670,2.2716788197626703,29.300839907713613,0.04061658307411945,0.051555220218385905,0.7234154343605042,1.1998978853225708,0.2631371260054908,0.436454167338796,0.9982112794612794,0.9456521739130435,0.9992171570055345,1.0,True
671,18.92858711317752,22.000140294079085,0.09619994589761108,0.009223360552716022,0.5078682532677283,3.0725655188927283,0.18473339965774296,1.1176234590843608,0.9994991234660656,0.9840116279069767,0.9964092497725858,0.896551724137931,True
672,33.290606086333256,43.21948556303906,0.11020391631899953,0.17522508104212975,0.39218014576396004,0.7791280277439805,0.14265268824955152,0.2834021784344591,0.999203187250996,0.997057318321392,0.9990139727279286,0.9838709677419355,True
673,26.18138127402263,39.27021737113747,0.04241578906330512,0.40341914296697673,0.4854514712379092,0.8037610735212054,0.1765794575140665,0.2923622704683132,0.9993832236842105,0.9961282636751713,0.9990133644273029,0.875,True
674,24.624488302188013,32.234562609761426,0.12712672446431816,0.1396215677329884,0.4900726318359375,0.8096178327287946,0.17826037121982663,0.29449262422134526,0.9972739663789186,0.9964369087111439,0.9993541442411195,0.7954545454545454,True
675,3.923960074296668,41.32884121689372,0.07912980269027241,0.1047414416405914,0.6200004153781467,0.5948200225830078,0.22552066167766455,0.21636147612937795,0.9966839103329354,0.9736720554272518,0.9995001874297138,1.0,True
676,4.386064378687989,17.615590884799225,0.09397239842298645,0.13088616813452852,0.5425435020810082,7.720779237293062,0.1973462703304812,2.8083775414884635,0.9989010989010989,0.8295081967213115,0.991794981085833,1.0,False
677,36.70366892038971,15.566232805105624,0.09731643176815948,0.369525032086672,0.6317681206597222,112.43721940782335,0.22980107926401414,40.89822440293615,0.997583081570997,0.5668631303208906,0.8727188548940932,1.0,False
678,33.69068140793015,21.856311165705876,0.01786600747078308,0.10166785637292626,0.48319320678710936,1.838678741455078,0.1757580301721559,0.6688060783518959,0.9990278047832004,0.9925271739130435,0.9965475645771806,1.0,True
679,8.389030380049636,22.20389086813752,0.5140174756911757,0.31547590885252796,0.46334131558736164,14.729737599690756,0.16853704849557183,5.357835394020802,0.9974293059125964,0.8282376336067612,0.983744674774496,1.0,False
680,12.261763371480374,20.313972530043017,0.039754724558985,0.2974618823233638,0.5359942118326823,6.529902988009983,0.1949640134259907,2.3752049289334662,0.9768015544479175,0.9471106758080313,0.910887509790926,1.0,True
681,3.790887207839576,44.981526892203306,0.823080756251008,0.03409177306831732,0.5948111460759089,1.8178335336538463,0.21635824736419543,0.6612237849541164,0.9976487185516106,0.914766748509295,0.9976567820576455,1.0,True
682,2.5247970549399184,41.6226690363751,0.047316884099539484,0.36504538585698554,0.6255115796160954,0.7688953850858955,0.22752530776293925,0.27968012876203274,0.950884396715098,0.9467018469656993,0.9919875813481401,0.96875,True
683,5.576886797083728,41.44131234951777,0.08555047250183109,0.005879473796200982,0.5134673714637756,0.6337695121765137,0.18677003835840236,0.23052907093619324,0.9986199282362683,0.9840482098546615,0.9993690169283744,1.0,True
684,3.9529810691384073,40.84381624501955,0.9319051205344399,0.11526355125161233,0.45935846144153225,3.6298692764774447,0.16708831413982914,1.3203386654754694,0.9998643791957686,0.8292682926829268,0.9948179172286505,0.96875,True
685,36.093899865822095,42.50364652289378,0.14476599565247655,0.00016512892332528093,0.6352476477622986,0.9627840518951416,0.23106673205235911,0.35020572736820854,0.9988805506032589,0.9970577914540989,0.99882699625211,1.0,True
686,13.358219429687466,18.51421347854814,0.05223284394879374,0.10952102189004997,0.5281398561265733,4.558889389038086,0.19210704841119622,1.658263004395064,0.9992852037169406,0.964599667379425,0.99486963244079,1.0,True
687,23.35803023114751,34.004173871530014,0.05503365215364216,0.1828266339328425,0.5129257460771981,0.6289246122715837,0.18657302604593823,0.22876677367764148,0.9917165209387943,0.9974478306560577,0.9976294108503031,0.7763157894736842,True
688,5.779752554814527,31.198788765712205,0.018562610527070117,0.09323993956912831,0.5295292536417643,0.8915438652038574,0.19261243169673492,0.32429262530865616,0.99925107657742,0.9866725899600177,0.9993743984600577,1.0,True
689,2.1788924656643127,36.635011633581776,0.135085316087301,0.330311025663324,0.6113501260446947,1.1987342834472656,0.2223741815692706,0.436030915582282,0.9848067706740083,0.945054945054945,0.9974088879051054,1.0,True
690,9.489868501643466,44.6105186136664,0.0772906559516212,0.04437931418025719,0.5218821167945862,0.5786776542663574,0.18983084104140702,0.21048980654090646,0.9993704869468617,0.9903727980335928,0.9991834830281116,1.0,True
691,2.5228173794661304,16.47717207278096,0.01803963687389736,0.30579700756283795,0.5264514576305043,0.8607654571533203,0.19149290568392588,0.3130972022463849,0.9986666666666667,0.9591598599766628,0.9992695030101514,1.0,True
692,3.901968033437005,18.717561316508565,0.8778960710200463,0.11002572959214485,0.5004144556382123,2.8784676346124387,0.18202213474287254,1.0470217591380344,0.9832519190509421,0.9033347403967918,0.9953220473280814,0.7083333333333334,True
693,18.074971481953206,37.95040994837723,0.09139686586110106,0.06212649554170841,0.5715509255727133,1.134708563486735,0.20789751058315686,0.4127420235561677,0.9988992845349477,0.9937469937469937,0.9989164198511883,1.0,True
694,3.568161873222291,27.29659998304944,0.8594006105730192,0.04497868876727385,0.45501387746710525,1.139851218775699,0.1655080031782157,0.41461262717961833,0.9989484752891693,0.9309504467912266,0.9980332113426444,0.8260869565217391,True
695,13.329626680950952,33.12732770109815,0.5078075159314805,0.225908876715055,0.5463627576828003,4.408385276794434,0.19873549690044556,1.603518223365044,0.9994627877185007,0.9548850153801084,0.9935313616322853,1.0,True
696,27.094539680120626,36.4960833456433,0.0578433618724637,0.15494366748401087,0.4867221501868541,1.190904512180118,0.17704165778077302,0.43318289297914403,0.996843567189933,0.9943678243916528,0.9974250436486504,0.9921875,True
697,7.620368304377142,37.36331504812672,0.10844468221646672,0.15292322856849136,0.5550506442200904,0.8911197138767616,0.20189565271949472,0.3241383433347001,0.9991741509239187,0.9853796572865902,0.9990217626059228,1.0,True
698,3.7594402541357983,29.964693992978994,0.7318199998361675,0.10700800767382346,0.6275416407091864,0.8082060978330415,0.2282637277859012,0.2939791158753718,0.9990351481736733,0.9644416718652526,0.9990105671429137,1.0,True
699,5.836187595951078,27.002180264695284,0.09906365207468007,0.06666234217207205,0.481112868697555,1.7575742933485243,0.17500132225578555,0.6393049226295467,0.99949924887331,0.9716981132075472,0.9983390195726343,1.0,True
700,2.8724563865278054,30.871558067274165,0.09461149097655593,0.043866818333328284,0.5691618025302887,1.6470449566841125,0.2070284843760884,0.5991006767595688,0.9994044073853484,0.9464012251148545,0.9985000640216576,1.0,True
701,3.022319315494164,28.969117863565078,0.0045812070859030775,0.5092128534487333,0.558706986276727,0.5320105301706415,0.20322562066706396,0.19351497806721815,0.9990175745006004,0.9714285714285714,0.9993706238690898,0.95,True
702,6.092464589497495,20.665779140158147,0.12289661222397047,0.15256162086904343,0.5275032043457031,4.378104019165039,0.19187547093589313,1.5925036351686026,0.9732930209120685,0.9266563261688455,0.9926729908304424,1.0,True
703,7.223654777434724,15.110765815074679,0.12584561569406333,0.016820062826756167,0.5172345297677177,0.582280022757394,0.18814031491350977,0.21180014199481068,0.9992693619094009,0.9955585924154424,0.999848501244454,1.0,True
704,6.30377924637578,31.84689733881007,0.041346702680706955,0.18118840228485444,0.3856072425842285,1.3588027954101562,0.14026184231224326,0.49425467775446236,0.9999045273147352,0.977650429799427,0.9985613580779744,1.0,True
705,14.400529887557155,36.77393054041662,0.11285149624523746,0.06834945969687276,0.48878049850463867,0.8433148066202799,0.1777903670768898,0.30674965447495856,0.999328080141714,0.9934713672822235,0.9991714763168612,1.0,True
706,2.598158806236278,29.529988719823564,0.6380012215088295,0.3020296919768972,0.659369712652162,1.1611076177552688,0.23984095848844242,0.4223444883910874,0.9981964256435482,0.9430756159728122,0.9988338192419826,0.7962962962962963,True
707,3.5354397948127585,40.78250343634559,0.09453700545973472,0.0843214511672953,0.5411909222602844,0.9561944007873535,0.19685427921470838,0.34780878949334126,0.9991007194244604,0.970566037735849,0.9990737882062365,1.0,True
708,7.814845350429979,19.888126967093307,0.10546278927251285,0.15373021254371078,0.5580024719238281,0.7472958034939237,0.20296935867257762,0.2718234373602839,0.8874101878708601,0.9809954751131221,0.7292217863333638,1.0,True
709,2.3246793848853273,26.034013579004736,0.8585414083684337,0.03727380953733512,0.6564328566841457,0.5714769778044327,0.238772698395818,0.2078706126178998,0.9295220810647308,0.961611076148521,0.9880471062409472,1.0,True
710,4.539936272203469,23.742240744929145,0.12842733192867375,0.03493290748848874,0.5171240529706401,3.0729718362131426,0.18810012977853408,1.1177712540675224,0.9714106844741235,0.9193074158771644,0.9919690801666377,0.8378378378378378,True
711,2.3420893136532297,36.57243484165007,0.015890111224577147,0.01800569109806951,0.7623653411865234,1.242373275756836,0.27730487257761166,0.45190428304542857,0.9994371047316314,0.9285714285714286,0.9989886439159708,1.0,True
712,9.068649424481498,22.77887036122152,0.0012215219702279123,0.10555272732081485,0.5292678833007812,0.8243484497070312,0.19251736012778206,0.29985077948294453,0.9947049163845973,0.9893692416725727,0.9804601135345086,1.0,True
713,7.084163279161423,21.5927926457367,0.13890930083686084,0.30264954074559947,0.5485920456220519,0.47492333178250296,0.19954638424609908,0.1727499230213036,0.9985753140784872,0.9800796812749004,0.9989297605834787,0.8833333333333333,True
714,38.49023007638125,33.855323294731484,0.01757526298621848,0.04771427543203215,0.47380150689019096,0.8859871758355035,0.17234186733984672,0.32227141978684354,0.9998894270107698,0.9972762280454588,0.9989070042808998,1.0,True
715,22.775796086052946,24.326260260146743,0.039065006347596305,0.022828216109186568,0.5282780261749916,1.8868538065159575,0.19215730676582057,0.6863294094326785,0.999573976020936,0.9886996306708561,0.9968932404443608,0.9791666666666666,True
716,4.473512832854877,19.575062618192614,0.733851431828576,0.11452930150233574,0.5145178574782151,26.619467515211838,0.18715214503959715,9.682638557389051,0.9732094879864897,0.3628357551739322,0.8762445240939865,0.5909090909090909,False
717,6.20445641039913,31.730582132237785,0.07720000315429264,0.004854874753791573,0.5471793174743652,2.7380722045898436,0.1990325146119269,0.9959539380690682,0.9895522388059701,0.9555154794108807,0.9958614981376742,1.0,True
718,2.0629411025102073,44.932255937200246,0.7370362679218533,0.09649772833472237,0.6736583028520856,1.3712465422494071,0.24503832971014133,0.4987810005622069,0.9977287782719788,0.9177215189873418,0.9985651568690438,0.9824561403508771,True
719,38.36059711242947,34.75419244363208,0.01872516528312124,0.11349624223008732,0.5679395271070076,0.6923860492128314,0.2065838905413527,0.2518504118414588,0.998575363282363,0.9976888328605946,0.9992371833653365,1.0,True
720,4.903213233537859,36.166138596967095,0.08260431064190409,0.26338823241111514,0.46368517194475445,0.667473384312221,0.1686621237557134,0.2427886103761922,0.999951980792317,0.9852941176470589,0.9994365290187556,1.0,True
721,3.083268132896958,15.610095281093928,0.11396156654032483,0.05267847418581329,1.5261486598423548,0.8777343205043248,0.5551255241921249,0.31926950341896126,0.9885290148448043,0.924219910846954,0.9993209506690633,1.0,True
722,20.11583999229091,16.778423179186845,0.7055154665581447,0.04175004799799522,0.5317047457151776,22.534242364424692,0.193403751185725,8.196667489860268,0.9966637835166193,0.8716509654573394,0.9691848274985704,0.9404761904761905,False
723,6.262354714142548,41.15331650909343,0.8690565808885866,0.14569532550979042,0.7635581970214844,3.6825931125217015,0.2777387652501228,1.3395165790638552,0.9976587442355446,0.9060860440713536,0.9956230724684525,1.0,True
724,4.122537454306345,41.75636002827501,0.1279391192409864,0.0671548436471507,0.7565996684725322,0.5792338658892919,0.2752076508770696,0.21069212449122668,0.9980546324065819,0.97094558901215,0.9993834771886559,1.0,True
725,3.236861719187528,16.78164411926951,0.01880803884224683,0.014064695929777863,0.5883032854865579,2.0745504042681526,0.21399106019816538,0.7546026877560554,0.9991099243435692,0.9304703476482618,0.9978189749182116,1.0,True
726,2.2396119792540765,16.450259823925826,0.029999197509792207,0.04586404681493242,0.5580433739556206,1.2844763861762152,0.20298423649047098,0.4672189845923218,0.9982022471910112,0.9395604395604396,0.9988638515432683,1.0,True
727,6.97101727793431,24.58067010746261,0.08459059118256046,0.32233574128995307,0.6053619384765625,1.3920434689989276,0.22019602170176233,0.5063457320770289,0.9984017048481619,0.9735826654793708,0.9983451927850405,0.9107142857142857,True
728,7.731039402465717,39.41226669437753,0.11831150392566007,0.32172750352350016,0.5090005397796631,0.8664878209431967,0.18514526067758516,0.3151786706393796,0.9995691976305869,0.9864165588615783,0.9989666893269884,1.0,True
729,32.40940196501206,15.455123687684408,0.13071232095285953,0.040983641722182704,0.44516938073294504,27.111330577305385,0.16192713877505668,9.861550184650598,0.9990446620492,0.8871350747311076,0.9561852861035423,0.9655172413793104,True
730,2.863584286375957,26.781165993156243,0.10069507555313878,0.03668209271875786,0.642779795328776,0.6231220245361329,0.23380649618946825,0.22665612440534472,0.9980074719800747,0.9699918896999189,0.9995975238131743,1.0,True
731,35.212693189848665,24.426522308512567,0.07326474458734603,0.4031170369456454,0.5130356788635254,5.736795806884766,0.18661301330094268,2.0867179346794766,0.9943181818181818,0.9602704987320372,0.981346467075157,1.0,True
732,20.50988493951245,42.38327505088746,0.11024619401144448,0.14755537779932343,0.5296849012374878,0.8019909858703613,0.19266904738263682,0.2917184139025037,0.998216346658273,0.9945065353286607,0.9990978502431404,1.0,True
733,2.2896125443145623,17.68147975955469,0.053627191730655284,0.02956940632178002,0.5871361180355674,2.4696908248098275,0.2135665114893142,0.8983321545206838,0.9998090509833875,0.9063670411985019,0.9977489809575957,1.0,True
734,3.924808208161887,26.075700421877002,0.8898194668128319,0.1814904290322602,0.5497882843017579,1.4472785186767578,0.1999815074038911,0.5264370814409571,0.9923235349185546,0.9583577712609971,0.997576663495946,1.0,True
735,10.451393193029254,29.570068516497983,0.007579359858319017,0.23246121784688853,0.5387744556773792,1.2790353948419744,0.19597530699278437,0.46523986339264967,0.9991664772296734,0.9873366426907102,0.9987272808466932,1.0,True
736,5.335535123641348,23.89105065887488,0.08870298977696604,0.04917291635576944,0.6202498791264552,1.2970504760742188,0.22561140230974758,0.471792718743875,0.9560340960071781,0.9627733829688228,0.9915875357241634,1.0,True
737,2.0350293723923545,34.68996815080056,0.7815475463565167,0.04252004671131234,0.7492493947347005,3.2635905583699545,0.272534042028184,1.1871074339840082,0.997134670487106,0.8319863887707358,0.9966413609443937,1.0,False
738,33.045722081691196,38.67877762758506,0.10928281190221167,0.22892648870917312,0.5434432625770569,0.8932299613952637,0.1976735516957631,0.32490593058927636,0.9993294475679579,0.9968454258675079,0.9987912455314661,1.0,True
739,7.271660727742773,16.66580529020763,0.049547493628164664,0.05680176614004868,0.5666383743286133,0.7175132751464843,0.20611060563984462,0.2609902583288605,0.9982788296041308,0.9887850467289719,0.9995108335970996,1.0,True
740,8.299632349204009,32.024783793435134,0.003554834311949928,0.060386451301735804,0.51205319263896,0.9892925199915151,0.18625564105092887,0.3598479906907407,0.9942229270502945,0.9864153714355648,0.9981332176264619,1.0,True
741,12.8595166351893,43.08142565860185,0.1271571464004401,0.11532617673906097,0.5294570326805115,0.5589612722396851,0.19258616184503038,0.20331811534480812,0.9984152139461173,0.9937362726755063,0.9992499357821731,1.0,True
742,4.332298491374162,24.481693479354487,0.12068122652063007,0.08718420980112622,0.6474969651963975,0.7767289176819816,0.23552233257184083,0.28252951952133637,0.9484978540772532,0.9803921568627451,0.993558038712829,0.8513513513513513,True
743,8.86648782634314,28.668564916575257,0.13706628390611916,0.017410501121705516,0.556120825595543,1.2174775795858415,0.2022849234456441,0.44284865383268934,0.9838765483357553,0.9845278725824801,0.9966662405223873,1.0,True
744,19.463730312645946,44.00565971917013,0.07787706195673796,0.11110109548289336,0.54238494237264,1.705654780069987,0.19728859538469135,0.620419575623099,0.9989559406974317,0.9640654330919818,0.992214846107423,0.9795918367346939,True
745,23.06716267459061,32.75873874065388,0.06966112317720109,0.05408913104540864,0.5709132490486934,0.7999841098127694,0.20766556036495332,0.2909884272683219,0.9939694927279177,0.9941159586681975,0.9970730163752868,0.7837837837837838,True
746,21.275524273972128,26.666480620867432,0.06860763602863297,0.053626201887069874,0.5220322719840116,1.2156762411428053,0.18988545890428846,0.4421934300175066,0.9982527664531159,0.9956675856636471,0.9993403693931399,0.8958333333333334,True
747,2.177666452564467,17.540012447694508,0.047967205612367524,0.018826037150975396,0.62883056640625,6.090553283691406,0.22873256517511142,2.2153946553139234,0.9984393965666725,0.7473598700243704,0.9931677299669698,1.0,False
748,2.616050359770279,36.435450133070844,0.013497156010244532,0.34778155209424133,0.547995951638293,0.7238259386660447,0.19932955937581667,0.26328644397417406,0.9978448275862069,0.9633986928104575,0.9992837317575431,0.881578947368421,True
749,24.653731582522756,25.437068547478223,0.9850410170176953,0.028432472737543964,0.44527838570731026,35.23267582484654,0.1619667885451782,12.815630711872764,0.9570783132530121,0.7185952273750563,0.910667459179749,0.9722222222222222,False
750,6.664930008890512,31.116715980592083,0.11097479095161569,0.15283143575083183,0.39364188058035715,0.7125054495675224,0.14318438370461037,0.25916869803612264,0.9994833821250215,0.9910554561717353,0.9996251673360107,0.8333333333333334,True
751,7.03276917152929,18.7395727765682,0.12119445666614075,0.3094187331541296,0.5694571043315687,0.8993144788240132,0.20713589826802695,0.3271191297460607,0.9964698960580506,0.9863507597218646,0.9988547762107212,1.0,True
752,39.95411758093796,17.713318876816576,0.02081346456148479,0.43192349462202745,0.4943331400553385,0.6904993693033854,0.17981010023434094,0.2511641456858261,0.9995026112907237,0.9976332044103216,0.9989743589743589,1.0,True
753,28.034894188764678,37.7163471520104,0.09202040496159959,0.3546108923920752,0.5472697505244503,1.650244253653067,0.19906540897907063,0.6002643978659521,0.9998365478914678,0.9919887561489811,0.9975148349140336,0.9,True
754,6.876394508750089,29.774940368331965,0.14199108613656514,0.02719278344859772,0.5335644169857627,0.9101810455322266,0.19408019314454128,0.33107176470148425,0.9407365439093485,0.9801324503311258,0.9917720533046323,0.926829268292683,True
755,3.9650122352072654,26.2079497309632,0.10366685000945204,0.14667725853510033,0.4929881625705295,0.6524412367078993,0.17932087441320874,0.2373207755327344,0.9557759142939132,0.9742647058823529,0.8508310991957104,1.0,True
756,39.093091350452305,40.1283045795421,0.013410701678195918,0.056923108649085716,0.4480549738957332,2.947576669546274,0.16297675239347276,1.072159670177461,0.9999129905159663,0.991493172151332,0.995093916456406,1.0,True
757,33.068483470370126,16.390659075229316,0.5401487293574376,0.048600657648791665,0.4474042256673177,59.350077311197914,0.16274004743744733,21.588160868696207,0.7333040513689318,0.764235294117647,0.4662500485191942,0.8333333333333334,False
758,3.8225885493632656,41.17853948292061,0.8938936944147812,0.1257564537489431,1.0495153665542603,3.7178520560264587,0.38175361505497474,1.3523417644540916,0.995891249235073,0.8319440709868244,0.9948983010289543,1.0,True
759,4.875897084516763,35.05335229359247,0.057344681854058235,0.004449353059711534,0.5086337619357639,0.592482164171007,0.18501184789270114,0.2155110970604195,0.9993388429752066,0.9915872125630959,0.9997337786490477,0.9375,True
760,2.326225975927926,28.036487583344098,0.1289023570259542,0.17523228622170983,0.49806240626743864,1.7382111322312128,0.18116659381541705,0.6322617129815598,0.9726321624055982,0.9333333333333333,0.9933647288508977,0.9333333333333333,True
761,20.854912223664424,21.61038106823883,0.1338344374438504,0.11658427596662141,0.47993627087823276,1.322027272191541,0.17457334331873886,0.4808778474748471,0.9993075751280986,0.9933411672542107,0.9984985342834672,1.0,True
762,3.9581502708166063,40.993168948807835,0.0871946013955027,0.05330695680913671,0.554982582728068,2.898083051045736,0.20187089584460408,1.0541567248306332,0.9985226526592252,0.9270411117544876,0.997169332010742,1.0,True
763,4.957545592604379,43.219198198996295,0.1451310102934462,0.2954471387007258,0.5299873948097229,1.0660312175750732,0.19277907722918475,0.38776113627270126,0.9992930758641217,0.9742480833497149,0.9988699196835775,1.0,True
764,24.955159281551804,43.8859562644473,0.04519256314309514,0.17466950086236144,0.5687593732561383,0.7169291178385416,0.20688210364160214,0.260777775337973,0.9969537524231514,0.9951004409603136,0.9986107493270817,0.984375,True
765,23.88934944788847,39.2598859914016,0.018228093248413086,0.2068206432336568,0.5371326647306743,0.4612780119243421,0.19537811742411051,0.16778653672850743,0.9508833236264803,0.9944779761140362,0.9901191213936514,0.6951219512195121,True
766,27.464302090049685,17.955698175244283,0.09589143556092108,0.12053368821531613,0.5973858303493924,7.771993001302083,0.21729477012541476,2.8270061773084474,0.9071573614687349,0.9606854838709677,0.7436714165968148,1.0,True
767,6.674509094021158,30.37790226754756,0.082080660619905,0.026241145834556636,0.5065334026630108,1.1286849975585938,0.18424785741591543,0.4105509950663804,0.9983873857731589,0.9863459037711313,0.9989908277455092,1.0,True
768,7.618603096224442,39.744008645202385,0.04980087789687446,0.15887715403044483,0.5049237851743344,0.9655049641927084,0.1836623707096318,0.3511954395143526,0.9995375722543353,0.9857142857142858,0.999066031568133,1.0,True
769,37.69053340672017,39.47575202198195,0.004838313974480568,0.07941694883128617,0.5029651417451746,1.5953010110294117,0.18294992834479024,0.5802791912050084,0.9983653101608879,0.99530070726729,0.997834443181203,1.0,True
770,34.783346853863705,36.75219131459167,0.7282942577837879,0.16490986987730713,0.46231842041015625,41.07365926106771,0.16816497778163603,14.94024614230189,0.9941751922933313,0.8339572781325699,0.935251798561151,1.0,False
771,20.139487334786708,18.421693402548,0.6150560177303616,0.019732924522699025,0.525840335422092,58.290865156385635,0.19127061440574505,21.202880117126714,0.9987596129992558,0.7320764396562781,0.9167598657932577,1.0,False
772,3.7238507516304473,43.22067950975891,0.06489046645208317,0.09412090026307844,0.4899187684059143,0.9136841297149658,0.17820440451127906,0.3323459862071619,0.9993406955661777,0.9779239079379991,0.9992393657480545,1.0,True
773,20.470975197082534,36.65563745441992,0.10933725958347437,0.1492942012861942,0.5474753975868225,0.7326046228408813,0.19914021160892043,0.26647962677641607,0.999101834823147,0.9958778246833871,0.9992918817670976,1.0,True
774,14.494852717871467,43.85794270439743,0.05216345366760287,0.23735277871401075,0.5487248003482819,2.343341588973999,0.1995946728164897,0.8523735348788176,0.9968430826369545,0.9823216714056126,0.9969920700027345,1.0,True
775,2.086763742975057,41.26520861086806,0.05537642065315072,0.0053589888111011405,0.5704137133313464,2.242151285146738,0.2074838578649009,0.8155662945795199,0.9978283232369414,0.8842809364548495,0.9977882461078876,0.9871794871794872,True
776,39.96658464167284,17.628905552229266,0.017518758030919207,0.2186212506797954,0.7604886835271661,5.277485240589488,0.27662225194287776,1.9196470420522895,0.999653996342247,0.9801365611421478,0.9915295764788239,1.0,True
777,2.0332333969688587,43.80660167221239,0.05878853398544293,0.37071434949576454,0.6309563548294539,1.1954733071867953,0.22950580532124143,0.4348447590802289,0.9985538684020245,0.9439140811455847,0.9991097109984933,0.9897959183673469,True
778,31.679162458634973,20.6505439204993,0.09405737944505102,0.03392538790261819,0.5710697174072266,0.8044545790728401,0.20772247459738408,0.2926145280910543,0.9686941806900442,0.9944608376041828,0.9922982930351391,0.8292682926829268,True
779,6.636516770101863,18.858015218415932,0.08713410812352373,0.1865684536708249,0.676270531826332,1.2432947627833633,0.24598850908440242,0.4522394672788505,0.9983867250518552,0.9804529941048712,0.9990864174512911,0.953125,True
780,4.7239267753373815,36.0892471427551,0.8066587341497589,0.15846557884885634,0.5100879669189453,1.7775037493024552,0.1855408044254512,0.6465541179238194,0.9986706948640484,0.9429752066115702,0.9979175207018119,1.0,True
781,13.051439874197674,31.66471408518116,0.09921069496280217,0.12296645513684563,0.3746356964111328,0.6384227752685547,0.13627102183662393,0.2322216616916967,0.9999686952166291,0.9961848240779991,0.9996459102635439,0.8333333333333334,True
782,7.427680366188754,33.36516345767444,0.06683562814362123,0.12442832967086014,0.5478696935317096,0.7503432329963236,0.19928363390378054,0.2729319177753786,0.9982627288520647,0.9885359894756625,0.9990654082586318,0.9042553191489362,True
783,5.061634696116687,39.30646035881121,0.07949575850816877,0.04353841811179012,0.544444755271629,0.5942021122685185,0.19803783741161624,0.2161367157267642,0.9974025974025974,0.9816011934361014,0.9995901197281847,1.0,True
784,6.457298049395576,34.812762492160175,0.1254927957796939,0.07457188270550813,0.4941888289018111,1.1889064095237039,0.1797576080972008,0.43245609760611253,0.9993740872105153,0.9765742531699978,0.9985931344963421,1.0,True
785,7.732990133162668,23.060248227799782,0.05514087255825965,0.16286681008043788,0.6185909433567778,1.0115126751838845,0.2250079764358629,0.36793041124606757,0.9981599740231627,0.978006385242994,0.9986851644773221,1.0,True
786,3.9792227701503515,30.943701485305706,0.12922145159756265,0.05298199822226385,0.542498763726682,0.8789454868861607,0.19732999707804497,0.31971005642031175,0.9990729868364131,0.9757113115891742,0.9993234016902656,1.0,True
787,37.653081287820285,31.399430602793213,0.09473177130227722,0.3025558398483418,0.5885401810749923,1.13463025990099,0.21407722925310008,0.4127135411938483,0.9956134520802871,0.9963050497653207,0.9977149881021794,0.9528301886792453,True
788,5.711178918285916,17.380939403111558,0.028476317433386376,0.041715548575246134,0.5067911299448165,0.7370187668573289,0.1843416038484718,0.26808523969963094,0.994619316653215,0.9822732012513035,0.9988705517439018,0.9264705882352942,True
789,10.49383383860322,15.937191120970253,0.1048800323328683,0.008191715877978926,0.6768880571637835,1.1472647530691964,0.2462131294544063,0.41730924659755836,0.9995678478824547,0.9904240766073872,0.9992724782813369,1.0,True
790,9.811860453409928,38.56154556968744,0.06760167289874092,0.30134567669529017,0.5583196736998477,0.6523785348665916,0.20308473852175019,0.23729796819198204,0.9989272203715205,0.9932559425096739,0.9995535524469578,1.0,True
791,5.633478625337655,25.977177753896395,0.09524356736526167,0.10684629328397387,0.4358690773568502,2.212710775980135,0.15854422076539587,0.8048575225485688,0.7522024667627744,0.958288307758807,0.9576237110059018,0.8913043478260869,True
792,11.05938085420542,29.511307448879627,0.06293322088766244,0.23340229919162964,0.5226331438337054,0.7632876804896763,0.19010402168870819,0.2776403668204849,0.9987181834828786,0.9940450871969375,0.9995549055763973,1.0,True
793,7.8737390662932025,23.401808813620562,0.00880375526510747,0.15201130130874396,0.43748294605928306,1.4707892922794117,0.15913125381990043,0.5349889550976713,0.9929274719179032,0.9695731153496822,0.9973108807329241,0.796875,True
794,4.021904148959914,38.56795571853311,0.14160623706607106,0.14858698434889756,0.5523861355251736,1.6595181783040365,0.20092645697539663,0.6036377208053566,0.9992590397154713,0.9545875810936052,0.998183674281093,1.0,True
795,33.46696445412048,31.92110845593964,0.0216318045450932,0.010496430980951477,0.47489356994628906,0.800842978737571,0.1727390973688859,0.29130083462065814,0.9996970614965162,0.9968336747997765,0.9986642313878363,0.7586206896551724,True
796,12.47697245520502,25.390937396716062,0.14898896185625682,0.07814098733376555,0.5775749010917468,0.6219151814778646,0.21008868805866535,0.22621714398163686,0.9943081858636035,0.9937192790824686,0.9988073467440566,1.0,True
797,13.015832305759524,16.778808152248416,0.7609890581472516,0.0007329268250099662,0.5050943064135175,83.50196731922239,0.1837243965756422,30.373235975547235,0.9480889903023388,0.4798324437538004,0.8620376083920627,0.9555555555555556,False
798,27.341328312481387,40.0171638160638,0.07740948865573413,0.17928263401376573,0.5103283152860754,1.0787053725298714,0.18562822940363488,0.39237126836409353,0.9986544862261879,0.9960907807579542,0.9987573165240883,0.9883720930232558,True
799,6.5626518349745835,44.55354773314755,0.09175552886982154,0.0242351146305603,0.5256704891429228,1.3914793126723346,0.19120883405155228,0.5061405242982804,0.9988885360431883,0.9788,0.9986944428676846,0.9883720930232558,True
800,20.999555311759355,28.815547812331797,0.13071706410104428,0.0415553641808979,0.5183480170465284,0.950684578188004,0.18854533784842814,0.3458046314193922,0.9996766892984158,0.9945383842355923,0.998525426933014,1.0,True
801,9.990460540580587,40.671007693497316,0.8403531707567177,0.21542364614471926,1.250989078490202,10.200467133324993,0.45503821890275836,3.710346058277506,0.994394774632881,0.8367684338146147,0.9862167868382266,0.9453125,True
802,2.6657995142837403,28.529141265819614,0.1281057219281311,0.04879028186850143,0.5777930798737899,0.6899326987888502,0.21016804901080338,0.25095802338941886,0.9430275606746195,0.9734613212874083,0.9930966111735761,1.0,True
803,10.333538738427496,19.128821241601344,0.1032947259220093,0.04156105767224106,0.4495062828063965,0.876880963643392,0.1635046555008148,0.31895910103994457,0.9981608426684501,0.98260682843032,0.9986221014920672,0.8,True
804,15.261321780582781,24.30448918168918,0.03056483071416713,0.04766505424823017,0.5116497675577799,3.4751065572102866,0.18610889809884618,1.2640448469771757,0.9973723993952919,0.9739292364990689,0.9888643765101376,1.0,True
805,2.170848101755221,21.104124280423296,0.058339389037879504,0.14190445821575165,0.6058455727317117,0.8367295005104759,0.22037194016008255,0.3043542970616459,0.9954501137471563,0.967391304347826,0.9987654053585739,1.0,True
806,35.45333658595766,44.33984420869877,0.13583755384755178,0.028324012811031186,0.4461383819580078,1.5577553058492726,0.16227960595414614,0.5666222128137678,0.8446041804596613,0.991612087785821,0.9656747145798241,0.6590909090909091,True
807,7.026500831310403,25.431875090951262,0.007916237837539596,0.13281463534740448,0.6149748944221659,0.6827441276387965,0.2236926648196681,0.24834323268595085,0.9986456746233282,0.9917917917917918,0.9996853248077334,1.0,True
808,9.495411020371165,35.14611383414942,0.061962174062434344,0.054540739648148547,0.556746346609933,0.6307573318481445,0.20251245218523775,0.22943341215291335,0.9973128243143069,0.98648492549382,0.9983467252442337,0.9824561403508771,True
809,4.071359567100578,20.938191175786177,0.679402771399666,0.08437130841482327,0.5615072482969703,2.74093869837319,0.2042441957002612,0.9969966044265107,0.9664977937571498,0.8898471187769502,0.9908973046741726,0.9534883720930233,True
810,8.140468286144301,29.582100120993815,0.028996313330693368,0.016211996184763187,0.4998505691002155,0.6379994359509699,0.1818170250977724,0.2320676750803205,0.9989777664196269,0.9878627968337731,0.9992046215673142,1.0,True
811,13.783254650835012,35.61001857291247,0.09773698467737375,0.2448417955175541,0.5660062789916992,2.4476810455322267,0.20588068553803746,0.8903262566810244,0.9988577707733904,0.9798206278026906,0.9933782082854484,0.9090909090909091,True
812,5.632644952902303,34.34104434776109,0.0448467759754177,0.18331176020161272,0.5260515894208636,0.8260951723371234,0.19134745651811036,0.30048613719164136,0.9973368841544608,0.9824412946900782,0.9990475069296546,1.0,True
813,7.899242145570152,44.26993640583524,0.008458208704470293,0.08220719094137109,0.5926717942760836,0.8279042397775958,0.21558007363803164,0.30114417237367586,0.9990433512914758,0.9895568008150789,0.9993653224262817,1.0,True
814,3.800409044392278,27.882542439377026,0.0689894311091034,0.4701378021150977,0.4960748581659226,0.7071162632533482,0.18044363758530438,0.25720842053738013,0.9940380646640679,0.973404255319149,0.9856337035078442,0.875,True
815,2.3119092591511556,33.963041711490504,0.03670949506683647,0.02706299428195425,0.6125896609559351,2.2877591970015545,0.22282505341777575,0.8321558422703251,0.9987750102082482,0.9080727951469902,0.9978828346749802,1.0,True
816,27.518588070080746,37.13170235196293,0.9058528860901891,0.11179050340479041,0.5473831721714565,10.032032557896205,0.19910666528188425,3.6490792010981776,0.8835263835263836,0.9510011395083835,0.7379605035223467,1.0,True
817,7.1325091966421885,21.950037055816395,0.02179504988873754,0.08527429815805142,0.4254659925188337,3.479717799595424,0.15476017398418937,1.2657221530048144,0.9914543035513254,0.95,0.9832601982772631,1.0,True
818,2.128320012883111,31.207708608899793,0.7899456094196702,0.03789845775243131,0.5622780783134594,3.9826195030881646,0.20452457953718753,1.4486490061446373,0.9715958639591379,0.8332647179909428,0.9914608205347419,1.0,False
819,7.769573015900829,21.031447621720638,0.04612087276280522,0.011271674189657034,0.5081374645233154,0.44820133845011395,0.18483132330260707,0.16302999144030464,0.994228432563791,0.986845252331978,0.9990656904547539,0.7058823529411765,True
820,3.832389520097878,38.815870841107014,0.11887515914266146,0.08250740786087549,0.6238493485884233,1.0293306292909565,0.22692068326281997,0.3744115630329068,0.9988043045037863,0.968299711815562,0.9990168175937905,1.0,True
821,26.321797770694772,16.023234474682894,0.6590475072228839,0.4015271934716698,0.4756856645856585,76.42906406947544,0.17302721605840804,27.800518633265828,0.9980607627666451,0.4479717813051146,0.8988847239576102,1.0,False
822,2.813647283880606,40.34681238261993,0.04422641856806218,0.34791345084396513,0.553074801409686,1.8828234495940033,0.201176954204266,0.6848633962860875,0.9984649734859057,0.9309559939301972,0.998291036486371,1.0,True
823,23.78110283160408,20.953681063584867,0.020736799251996008,0.13591357912571067,0.5281486511230469,6.794037818908691,0.192110247527479,2.471282061075488,0.9956913435174305,0.9615628970775095,0.990342405618964,1.0,True
824,39.653591272848644,41.684942629767,0.1036445663200955,0.16012668699476615,0.5132802059775905,2.9565163060238486,0.18670195826806574,1.07541139821437,0.9988323373858095,0.9634256801074429,0.9776909990720692,0.9895833333333334,True
825,5.543080206567161,15.42594574196389,0.06661882397743031,0.08417379820807076,0.5356422092603601,0.6201218314792799,0.19483597503915526,0.22556482590527913,0.9970845481049563,0.9898682877406282,0.9997601918465228,1.0,True
826,17.604791682200194,38.82482012246148,0.1211500906192653,0.1469338253184107,0.5389699564351664,1.0361873081752233,0.19604641897781064,0.376905630327923,0.9878378378378379,0.9914709355727594,0.9959322998151046,0.7857142857142857,True
827,7.064817972138844,20.806584497825618,0.04556437597914013,0.08458634421681022,0.5436232962259432,0.6119170770412539,0.19773903763192383,0.22258040588898312,0.9985663082437276,0.9921708185053381,0.9997521612992579,1.0,True
828,13.38339390426784,25.354556889827112,0.01323787943290432,0.37615037860104367,0.6748253606980846,1.0123362387380292,0.24546283855097056,0.3682299765254732,0.9759509437577848,0.9874495741819812,0.9941672510818809,0.8157894736842105,True
829,4.122021420728195,27.031754325649175,0.020919462239549557,0.10692988602378577,0.47159472378817474,0.7677858526056464,0.17153916596578028,0.2792765443564545,0.9999516884873665,0.9819587628865979,0.9994785494192937,0.9166666666666666,True
830,35.64540508317927,15.58469195098032,0.07636159371940138,0.05093137250011045,0.645139217376709,99.6288833618164,0.23466471887485493,36.23928491122048,0.8340978735258613,0.4342937456078707,0.5019637533715042,1.0,False
831,3.477804584409746,17.725560606684564,0.9030350627974181,0.051663337541722434,0.5719529469807942,1.076254908243815,0.20804374295931377,0.3914799297238253,0.9990055405597386,0.9459459459459459,0.9985429636497815,1.0,True
832,5.920695535511027,17.991664526383317,0.10978444929709037,0.13966051218548028,0.49766195388067336,0.6414487929571242,0.18102093215940246,0.2333223537145533,0.9990123456790123,0.9937106918238994,0.9997840755735492,1.0,True
833,37.10958616003246,21.135452248373518,0.03936790206413441,0.08870323336507649,0.5568531581333706,1.5276554652622767,0.20255130410346708,0.5556736137528602,0.9982872522632737,0.9944369619956667,0.996622239970715,1.0,True
834,8.390782871249764,18.251830200199024,0.04510332768818102,0.1128360638505049,0.428882687590843,2.576183230377907,0.1560029720763816,0.9370679959357443,0.9993254637436763,0.9603729603729604,0.9968164327436813,0.9772727272727273,True
835,21.67990950566277,30.53374361678008,0.10022185078153623,0.003398970048698539,0.5160198002071171,0.8138799981756525,0.1876984658316846,0.296042956040347,0.9970226734865257,0.9944367176634215,0.9986062397573938,0.9891304347826086,True
836,2.3534329235077176,25.982062179591416,0.05386040584341004,0.1874601741886903,0.5965966118706597,1.2489259507921007,0.217007697618498,0.45428777114165875,0.979436434617912,0.9424307036247335,0.9544663696159559,0.75,True
837,2.95856973819693,34.5423584691156,0.019462332641975697,0.10191736371092615,0.48286672224078264,0.5894737912897479,0.17563927378250055,0.2144168232084562,0.9935668996158652,0.965742251223491,0.9981980426643072,1.0,True
838,19.513184182159087,41.19937393478867,0.04452212147496764,0.17949154350996252,0.4849173098194356,0.9305771808235013,0.17638516016595363,0.33849071122549584,0.9994902120717781,0.9926321138211383,0.9987384356602187,0.98,True
839,24.502053805020026,26.525153234969302,0.09726401351792534,0.042727010471350496,0.4893219119212667,1.3241742243532275,0.1779873022868197,0.4816587857776038,0.9994553646581176,0.9939633155328534,0.9981619744197543,1.0,True
840,29.359148468913247,42.362457046532434,0.05155466370286891,0.5489043455676071,0.47118843207925054,1.2294166694253177,0.17139138029861287,0.4471914113109816,0.9992214532871972,0.9935808351531996,0.9973922062527781,1.0,True
841,2.6671053408551515,20.685749810467783,0.038521386984437855,0.02754457740812485,0.49106608210383235,1.2572576161977407,0.17862173156121097,0.45731835410346344,0.9970922548242136,0.9372156505914467,0.9986898576914389,0.7708333333333334,True
842,18.814447417392685,38.9264217516727,0.14820709947168278,0.35400802770090484,0.6146046694587258,0.6047334110035616,0.22355799817001162,0.2199673993846187,0.9991329479768786,0.9968364118787632,0.9995275263167842,1.0,True
843,2.248180519754262,30.712475586352262,0.09644924225586635,0.21211153401868296,0.5995256635877821,2.649359385172526,0.21807311897137024,0.9636852923745611,0.9999120208803777,0.8962765957446809,0.9975865334677543,1.0,True
844,5.9313510834325305,34.31386290885745,0.8809998916754758,0.182110339568162,0.5431667196339575,2.0543137912092537,0.19757296120265508,0.7472417662889719,0.9984905660377359,0.9469026548672567,0.9975971786226407,1.0,True
845,2.1846421137058507,41.79749486333202,0.10068770706845494,0.04723430321799036,0.574493797457948,1.674560780427894,0.20896795892210832,0.6091093584045945,0.9989174406016751,0.9231552162849873,0.9983670641793261,1.0,True
846,8.006457336288204,38.87578712760103,0.09432600122096002,0.1337971875344832,0.6155064798170521,1.9131819202053932,0.223886025157854,0.6959060701456313,0.9982468443197756,0.9681063904907614,0.9975148672823091,0.9841269841269841,True
847,5.324436377302717,29.600244336382353,0.04314186913343102,0.13900957541360207,0.5263456106185913,1.031040906906128,0.19145440459977958,0.37503366413132416,0.9996033320111067,0.9786729857819905,0.9988394661544311,1.0,True
848,5.387066354393978,28.978373112728846,0.1001740677077829,0.07185335557661773,0.48086011731946793,2.0629942610457137,0.17490938577217632,0.7503992243367983,0.9992215206297033,0.9599303135888502,0.9978772769906699,1.0,True
849,28.918345302758315,41.064391432583896,0.0920060018407292,0.42732661345473655,0.5621516141024503,1.2590687144886363,0.2044785790961589,0.4579771279926341,0.9462206224857083,0.9945215608510066,0.9837037881920188,0.9482758620689655,True
850,23.887268284989617,29.55463260148997,0.1488830930856563,0.20365965401175887,0.48646071462920215,1.2261199951171875,0.1769465624897291,0.4459922699025814,0.9615180265654649,0.9929577464788732,0.9887776537158646,0.825,True
851,37.81047062078801,16.4940319493896,0.8123818163016318,0.13281859252077854,0.46217480827780333,97.48882428337546,0.1681127399083865,35.46085391758166,0.9987693822298794,0.45861733203505356,0.8645439388394128,1.0,False
852,2.2395891911952215,28.71794422080831,0.130593992351376,0.050927910727248164,0.5996087521922832,1.3897681722835618,0.21810334184961383,0.5055181093722129,0.9958129797627355,0.9371134020618557,0.9978821907013397,1.0,True
853,8.144073312819405,42.83374641749467,0.11517609317418173,0.02156192506005192,0.5577630542573475,2.3763092283218628,0.20288227223001595,0.864365274973292,0.9990961813662725,0.964189794091316,0.9969031826076039,0.984375,True
854,27.47867890081748,20.403652650026427,0.00024829573089116817,0.0006866858056953906,0.5471887588500977,0.5658311389741444,0.19903594884398468,0.2058169796248388,0.9992367244575292,0.998,0.999507179879344,1.0,True
855,6.941115966300217,36.19201760869304,0.13912514772013854,0.25327313752449293,0.5670278072357178,0.853280782699585,0.2062522590399245,0.3103747061102834,0.9992395987978419,0.9815147625160462,0.9987142633146919,1.0,True
856,13.028005163498397,23.069019094509947,0.031001839111548482,0.17231905346008336,0.5044072469075521,0.49512391931870403,0.18347448365533756,0.18009774046536625,0.9996695088902109,0.9947714949651433,0.9993796761656392,1.0,True
857,2.4082803209615538,15.307572530310651,0.08063122373806818,0.04215485720083146,0.5126091150137094,1.7019654787503755,0.18645785378931623,0.6190776189822803,0.9987639060568603,0.8361153262518968,0.995896193230673,0.9285714285714286,True
858,36.38375910552402,36.626993476378615,0.0496379004268571,0.02393268272888243,0.5109691459591649,0.9625405704273897,0.1858613269207234,0.3501171627473604,0.9991691591890993,0.9963221875965075,0.9982433651426672,0.9916666666666667,True
859,19.182811614374188,26.77597406009424,0.05648232204050321,0.217857720184913,0.5979551499889743,0.6270710114509829,0.21750185602187544,0.22809253980105093,0.9994008388256441,0.9972704443716562,0.999559314208969,1.0,True
860,2.6667673547544126,24.946732822913575,0.013889883586927604,0.035384650346374044,0.7510259877080503,0.7876344763714335,0.27318026485794994,0.28649633752759485,0.9978502328914367,0.9607843137254902,0.9994765768123528,0.9583333333333334,True
861,36.06845569325823,30.902642113077583,0.11303989157270755,0.2971330201710381,0.5508239919489081,7.056837602095171,0.20035823856099438,2.5668735792792523,0.8599293909973522,0.9820813035922855,0.9385311922405168,0.7719298245614035,True
862,27.87060748244208,33.94041708279899,0.01533497802605398,0.09333413605958901,0.5306821920103946,0.6579238115730932,0.1930318046799102,0.2393150224406848,0.9991252894262928,0.9981769970169042,0.9996505351988714,1.0,True
863,4.185195116760692,38.80132471120224,0.06480920113487558,0.00891017806607607,0.49258947372436523,1.6415632963180542,0.179175854232318,0.597106762494057,0.9995901975247931,0.9436909165639129,0.9974067816588739,1.0,True
864,3.867914839785277,41.646457655354915,0.11062161513504759,0.03785508365528949,0.588727449115954,0.8163741262335527,0.21414534664699408,0.2969501770614546,0.9959563095514757,0.9451073985680191,0.9976814812395911,1.0,True
865,4.872955907113952,35.240382460151366,0.09337523728176862,0.30168610189456285,0.5125299862452916,0.6236522538321358,0.18642907127277478,0.22684899147238136,0.9989911727616646,0.9877029021151008,0.9996412063907474,1.0,True
866,2.6478521182487698,37.200106987105414,0.1327554274409372,0.41292819319780605,0.5471314929780506,1.4367237393818204,0.19901511879768913,0.5225978568994635,0.9986807387862797,0.9420772303595206,0.9984638097518155,1.0,True
867,5.864694913830053,28.639609705601313,0.7779573873112902,0.40080809888977115,0.5331568163494731,5.506614330203035,0.19393193136452264,2.0029910892780185,0.9988101308856026,0.8942881500426257,0.993455888342792,0.9772727272727273,True
868,6.419470319387949,30.172591005119777,0.12155270317628028,0.032453932025941025,0.45961294174194334,0.9285490036010742,0.16718087950641464,0.33775297644684676,0.9998301341939867,0.9817158931082982,0.9990559751221679,1.0,True
869,5.0607118350665505,30.88128261722654,0.9115557416306467,0.4304941105143398,0.45172666466754413,0.7415074887483016,0.16431230332504682,0.2697179797846868,0.9985411289417574,0.9372967951695309,0.9974755835126635,0.7931034482758621,True
870,2.48811894665465,21.340812120795086,0.03052548755135887,0.012105503748848999,0.5613052534020465,2.8589821691098423,0.20417072151987548,1.0399340621555047,0.999717394376148,0.8918156161806209,0.997099887075249,1.0,True
871,10.25644220399111,33.8022122926685,0.1432541103583968,0.19765161381205862,0.49313304735266644,0.6597147402556046,0.17937357520360192,0.2399664597808536,0.9992719708788351,0.9921037789058094,0.9994479350140645,1.0,True
872,24.63756883045472,41.48796931985004,0.002378238342846567,0.260048826723842,0.5500265670149294,0.780926430062072,0.20006818101540474,0.2840563342554536,0.993573264781491,0.9954992967651195,0.9979324862792271,0.9358974358974359,True
873,5.589081626207536,34.42459381744047,0.04307775961866059,0.23935766178231718,0.543518816838499,2.600499137503202,0.1977010340112751,0.9459127310813563,0.9915903369221705,0.9468567725210628,0.995897586527635,0.9838709677419355,True
874,8.66153205407586,30.902279437970886,0.13090074674655217,0.14533589171563166,0.48776080157305746,1.3720136075406462,0.1774194597016413,0.49906001500758385,0.9994578770465141,0.9785513361462729,0.998140288970483,0.9736842105263158,True
875,17.68162221061,15.763013821117577,0.5763447977833371,0.007163463116236299,0.7253102754291735,46.903129176089635,0.2638263607236961,17.060673612764067,0.9976740579934874,0.655609756097561,0.9455195461257481,0.76,False
876,17.163572380925135,22.441212656617335,0.11662758402987115,0.0633903913031369,0.48701622372581843,2.368648710704985,0.17714862490118805,0.8615788171598758,0.9986639946559787,0.9818702290076335,0.9965508265000651,1.0,True
877,2.556059237642781,41.56479554083698,0.7867477396949414,0.06297620248017503,0.4994666576385498,1.3404510815938313,0.1816773800834901,0.4875793747383305,0.9994792054162637,0.9319852941176471,0.9986273164035689,1.0,True
878,5.4078594524761,32.1762039216286,0.04244735003496701,0.011731463903633766,0.46070572637742563,0.7280454327983241,0.16757837200472986,0.2648212544114804,0.9971600993965212,0.9852295409181637,0.9996205893512078,1.0,True
879,38.79504144742032,20.758394748363866,0.07353881407290955,0.037666439773501904,0.5975986915298656,0.6869618862490111,0.2173721968384864,0.24987741183967305,0.9903363687047018,0.9977338369251277,0.9974307853575319,0.9875,True
880,22.864011673179224,43.42604573923417,0.13083974612613325,0.27082442501021503,0.5903904307972301,1.0281445589932527,0.21475024419192634,0.37398013855043893,0.9981909807468665,0.9931048892603427,0.9987010716159168,0.9821428571428571,True
881,7.60753010171888,15.197238088951956,0.12641109353639823,0.07431020559389812,0.6114807810102191,3.2730201993669783,0.22242170636690894,1.1905373976167497,0.99586890663729,0.9509991787571859,0.9967239312824611,1.0,True
882,13.503824937861108,32.88969726318858,0.027361132870580146,0.011278119424384192,0.5585151248508029,0.9163424173990885,0.20315583246265054,0.33331291910362987,0.9998836641150329,0.9928461931527849,0.9992036838278572,1.0,True
883,15.320786189140884,37.4062780643592,0.021553795949330205,0.11893593477161861,0.4752552032470703,0.5432309831891741,0.17287063886346238,0.1975963366055334,0.999154078549849,0.9966923925027563,0.9996379566272039,1.0,True
884,3.0522588748200663,31.064207998162278,0.01325290580652339,0.2183270291809996,0.6042304568820529,1.2851732042100694,0.21978445346480513,0.4674724471064846,0.9999728371587668,0.959830866807611,0.9987763170280192,1.0,True
885,39.83705308362933,39.20026563030295,0.13392564265145127,0.3937395639396018,0.5170297061695772,2.206325755399816,0.18806581181281157,0.8025350175463409,0.9991130820399113,0.9618167370666221,0.9766445585692534,0.9714285714285714,True
886,2.9730710095322013,21.088664770643312,0.04400046352261392,0.09103756905252904,0.713608791953639,3.180316925048828,0.2595700308397826,1.1568172528469043,0.9981322375793799,0.8783542039355993,0.9963465553235908,0.95,True
887,4.856634119270255,30.18416609118625,0.08561222592217188,0.03352551124698756,0.6525210248745554,0.842871689214939,0.2373497979006103,0.306588473727374,0.9982039179649973,0.9782411604714415,0.9994423207568214,0.9919354838709677,True
888,37.42613502288918,41.06387277526474,0.015997926061014172,0.176472848031115,0.49977519148487154,0.7114278502383474,0.18178960703599947,0.2587767290830201,0.9964951273722004,0.9973506200676437,0.9979376288981938,0.9833333333333333,True
889,3.6580085108284504,28.557889938075725,0.8027523634463098,0.023552814683824874,0.6313980542696439,0.9426411848801833,0.2296664702942698,0.34287890534579424,0.9724580658521433,0.9444834855938159,0.9923874119572177,1.0,True
890,3.713804247485863,43.532815475914134,0.040575076618880386,0.0009153187636284477,0.9337790171305339,1.1499833424886068,0.33965535599771773,0.418298113813593,0.9977388767323122,0.9580171977744056,0.9988634625051909,1.0,True
891,2.7870878409049102,31.208052085630555,0.0005596488969219771,0.01217648978142163,0.5812536875406901,0.7396691640218099,0.21142681999141655,0.26904930247671444,0.9990151017728168,0.9488054607508533,0.9990855939482945,0.8571428571428571,True
892,3.9378428273309733,20.849857504300054,0.06496616376259252,0.028343185266213215,0.5008994860526843,1.445741702348758,0.18219856104403687,0.5258780756297171,0.9992103185048697,0.9590488771466315,0.998515461842337,0.8863636363636364,True
893,12.526373355619537,23.81952518221464,0.1473921243580482,0.07012642904428615,0.6334456431714794,0.5147367066974882,0.23041126593074393,0.18723174985842295,0.8619862466016313,0.9900709219858156,0.9753367247060121,0.8586956521739131,True
894,13.467555173965856,44.49661967942814,0.09189330300478799,0.1779502357912674,0.5215871674673898,0.7378478731427874,0.18972355535936414,0.2683868211074171,0.9990768662686934,0.9942533664979843,0.9994007835906891,1.0,True
895,3.961065395738521,26.50866285975263,0.7540007872838904,0.05164029396814687,0.5720862267722546,2.4756821108535982,0.20809222251838,0.9005114414362696,0.9858672376873662,0.9024081115335868,0.9956312056737588,0.9102564102564102,True
896,6.262921706683209,17.721007950484843,0.05302761936953378,0.11510595407522789,0.9078400555778953,0.6550003500545726,0.33022024655667853,0.2382516344820754,0.9800550206327373,0.9582554517133957,0.9997029997029997,1.0,True
897,4.9553058845704365,19.69285285460406,0.0024243274544814395,0.15277111530496662,0.5135160966352983,0.8125567349520597,0.18678776178672532,0.2955616286244995,0.9901011639290764,0.9666264575794129,0.9970662507427214,0.859375,True
898,8.05813499044392,38.930679597522,0.02359583198253017,0.0775455841658953,0.5075915455818176,0.6992001533508301,0.18463274924063025,0.25432899288080324,0.9992045341553147,0.9919571045576407,0.9995442424242424,1.0,True
899,5.547894505059652,33.76898213616812,0.08075509472174615,0.028221799001924314,0.5152737364477041,1.8029372546137596,0.18742709054143752,0.6558053713170764,0.9992403839513846,0.9660004121162168,0.9980991878348021,1.0,True
900,8.187424649167088,24.666756345197374,0.00199601879441213,0.16656266029079492,0.6263607025146485,0.6941708374023438,0.22783417006879844,0.2524996156217624,0.9988375212375927,0.9902290565433285,0.9994351213312307,1.0,True
901,14.37726738274813,37.685485389201446,0.040015768903660445,0.226061640151987,0.4914741516113281,0.841974139213562,0.1787701638897358,0.30626199641352275,0.999713337974528,0.9948258984757377,0.9992745070437786,1.0,True
902,2.02359946209676,41.263598606744864,0.0359952799610431,0.07277091790681028,1.0972152352333069,1.4774505496025085,0.3991040968927575,0.5374119392148574,0.9949759720401922,0.8852300242130751,0.998599756086544,1.0,True
903,12.397781363345326,26.82410636532451,0.030975382397819412,0.03581949903433103,0.5772100176130023,1.089231218610491,0.20995596433538927,0.39619996865838414,0.9997720983232948,0.9893828798938288,0.9989413508363328,0.9333333333333333,True
904,6.742414416164826,43.18006370652988,0.0385782183974796,0.14635659256439149,0.5095487833023071,2.3485443592071533,0.18534468028912165,0.8542660048779259,0.9997660271408516,0.9635876840696118,0.9972845505216521,1.0,True
905,13.405947466318288,20.197887026698368,0.02627989348569258,0.016874817467871374,0.5823761622111002,4.815311590830485,0.21183511202495162,1.751534723546728,0.8614995254666244,0.961670146137787,0.9667666039941054,0.9230769230769231,True
906,7.2519446383125175,32.52093262507864,0.08813031123950334,0.017555082986357717,0.5054740905761719,0.5976016136907762,0.18386254031479482,0.21737325975335833,0.9990573313908647,0.9898790422117996,0.999482829954489,0.8611111111111112,True
907,5.323987084495176,25.250577657979065,0.03173791884846976,0.44150287421173173,0.5437184847318209,0.6259258954952924,0.19777366176167796,0.22767601216394048,0.9994205585815275,0.9910313901345291,0.9996623654966897,1.0,True
908,3.9880622553612195,35.553112380252756,0.07168819092694786,0.11559169643757096,0.5296223958333334,1.6026390075683594,0.19264631149447659,0.582948334311699,0.9992354740061162,0.9495652173913044,0.9980589858463347,1.0,True
909,8.20992355752417,29.44411636512813,0.014029747905664197,0.11207356804688993,0.5122911362420945,0.5723717099144345,0.1863421913136221,0.20819606494416767,0.9995756718528995,0.9920116194625999,0.9995598833690928,1.0,True
910,7.196562348501178,22.356690037918163,0.7922686253766515,0.014646556912278938,0.5965159489558294,2.2321561666635366,0.21697835706730773,0.8119306426057976,0.9401612994190965,0.9542307692307692,0.9847184826183211,1.0,True
911,37.776418839667016,42.97318988298814,0.0174699264778375,0.21943798050976124,0.4552349853515625,0.6425602213541667,0.1655884295701473,0.23372662774613678,0.9982375749030666,0.9978684531059683,0.9990906873073255,0.9615384615384616,True
912,25.021447240497476,19.950354376629495,0.13849794252461406,0.22066872433559703,0.4520623343331473,4.026826586042132,0.16443440073532964,1.4647290124661452,0.9991557110119407,0.981237322515213,0.9942236909271648,1.0,True
913,15.916032714739044,34.715293226742375,0.11067750951534291,0.06784655721322888,0.5285784834522312,1.0637672553628177,0.19226659592480866,0.38693763641131856,0.9664274137531836,0.9925330269959793,0.9939393939393939,0.7763157894736842,True
914,9.250154450330584,43.578107820739575,0.020732012939224036,0.42394365595742756,0.5167058308919271,2.9593723842075894,0.18794800452574364,1.0764502759728753,0.9989947503630068,0.9650887573964497,0.9968652037617555,1.0,True
915,3.306711139093427,27.81184817461269,0.12923477957547433,0.058863448942517736,0.68541746873122,1.8967877901517427,0.24931564115068666,0.68994282404833,0.9998692554095574,0.9090909090909091,0.9974250768900651,0.8125,True
916,12.504975582399954,37.150859516216585,0.09196852103724885,0.12676557259335205,0.4890601634979248,1.1524279912312825,0.1778920931931465,0.41918733709206685,0.9995811225914549,0.9906308557151781,0.9990314168632808,1.0,True
917,8.93311720072081,34.0549076459467,0.11187766818863687,0.1420731021233823,0.4154312379898564,0.8677478913337954,0.1511101046858202,0.31563701211980416,0.999714910196712,0.9864661654135338,0.9987580211136411,1.0,True
918,7.730476130038817,25.000896445159157,0.1084560923877864,0.2435389119891255,0.45256758709343115,1.1412344173509248,0.16461818276835324,0.41511575564563113,0.9456968350916157,0.9840546697038725,0.9905265705493898,0.7,True
919,6.092278332131442,22.98551221852742,0.005284344381284383,0.045906101701962264,0.5530251895680147,0.7365905911314721,0.20115890825609686,0.2679294938797662,0.990347189786704,0.9891587163920208,0.9983906196114496,1.0,True
920,9.559820579574072,33.109677082181854,0.565512628509927,0.5019810828086751,0.47729786582615064,4.03184932211171,0.17361364258570575,1.4665559963418782,0.9993054866554222,0.9383651464374181,0.9946160018636917,1.0,True
921,9.80004463093798,29.84444176327201,0.861994793433058,0.21545868527222542,0.56213134765625,30.965432891845705,0.20447120732310264,11.263451994052495,0.97996597996598,0.7183435094239448,0.9548878018479695,0.7352941176470589,False
922,19.79655829720444,36.58720427332571,0.01460018776046828,0.07803801103288992,0.4427642822265625,0.81205584551837,0.16105230160865167,0.2953794337199297,0.9996720773897361,0.9952130205840115,0.9989029072956664,1.0,True
923,7.722448748422528,32.93032836118665,0.14177400617216074,0.3683027897503108,0.39445972442626953,0.8364866256713868,0.14348186848156277,0.3042659530975812,0.9981907469630396,0.9847715736040609,0.9990892294881469,0.9090909090909091,True
924,19.0758158429861,22.967113768046513,0.07811863854322271,0.08917399822346171,0.44776458740234376,1.3178428649902343,0.16287112640918774,0.479355799654618,0.998587570621469,0.9904072967447712,0.9983025215271134,0.9523809523809523,True
925,10.970394558504335,25.703859087980405,0.113163131524592,0.028325005675270323,0.49259070630343454,1.2669984349664651,0.17917630257402936,0.46086150639742623,0.9657782165185916,0.9844079224610198,0.9915672393022756,0.6794871794871795,True
926,4.423433398444846,21.238666331272213,0.8217813308659814,0.1434008012466662,0.5204222997029623,10.363195896148682,0.1892998431448482,3.769537467437454,0.9997042295178941,0.776796973518285,0.9874224303953969,0.96,False
927,27.849226023845613,42.85885903886211,0.07442552877504166,0.0029806387281210386,0.5237988829612732,2.0059165954589844,0.19052805085525687,0.7296376367783695,0.9985966881841145,0.9904274129626243,0.9968116256371327,0.9411764705882353,True
928,2.1838234807135084,40.89188141326656,0.09476294551012988,0.15953950118233137,0.6192179985766141,1.330011619711822,0.22523606323157846,0.4837820960707774,0.9468003084040093,0.9198113207547169,0.9927828449782793,0.828125,True
929,8.546876335563743,36.921992174125805,0.05611044351381184,0.017911512329958763,0.49251461029052734,1.0472156524658203,0.17914862320034475,0.3809171107075089,0.9998805856081775,0.9847856154910097,0.9988203623604852,1.0,True
930,14.488074964616413,25.627100386832215,0.05691690647721653,0.16680724106239986,0.6132240295410156,0.49577549525669645,0.22305580039714287,0.18033474649475686,0.9992011868081707,0.9963205887058071,0.9996394609941863,0.7241379310344828,True
931,26.969957986086953,28.224162503746257,0.6217147336361191,0.2517271264009563,0.5568706194559733,8.692588806152344,0.2025576555331266,3.1618662352987097,0.99867197875166,0.9596116504854368,0.987571585232119,1.0,True
932,39.99459081886855,27.579138711335787,0.12777362643255513,0.33130872586615767,0.4914551501004201,0.8178780033903302,0.17876325222773273,0.2974972014876746,0.9948160108778789,0.9973892002037698,0.9981489696951155,1.0,True
933,4.714176939565252,24.52311394494604,0.03934938175433115,0.09533923716569273,0.4827249245565446,0.5804410840644211,0.1755876959016144,0.21113124136097647,0.9979739252995067,0.9835434921991879,0.9989850838074735,1.0,True
934,7.2974616970591795,44.590048427583426,0.5596102872743902,0.003066991233897606,0.6652898334321522,7.750167574201312,0.24199435955463489,2.8190673362382173,0.997431946584489,0.8466799029340393,0.9904729158608043,1.0,True
935,11.255937307420435,41.71443629594347,0.10847193449566059,0.11900626956967092,0.4835319519042969,0.9395972942483837,0.17588124625568324,0.34177171216925545,0.9981080512928316,0.9873033920788327,0.9984351218675641,0.9666666666666667,True
936,13.497885348155995,32.49827839501851,0.09433878864425914,0.1683878133475291,0.5532205200195313,0.7455215454101562,0.20122995829345036,0.2711780638296966,0.986703505439475,0.9921273930935767,0.9960868018498755,0.9803921568627451,True
937,2.6151840503590997,30.39929931410152,0.1269967606255115,0.1872674369690458,0.5486717820167542,1.1262128949165344,0.19957538778230166,0.4096517856307991,0.9747979077508322,0.9523465703971119,0.9953533432605537,1.0,True
938,17.443778829369105,44.95195085642756,0.0054118622971195685,0.20502927829590314,0.5095195467509921,1.2014741443452381,0.18533404570528236,0.4370275201446171,0.9990574929311969,0.9918023827740736,0.99854758340223,1.0,True
939,13.01595546223555,33.06200774800225,0.06295707155566185,0.18572807203447986,0.5421527862548828,0.8058395385742188,0.19720415027789703,0.29311829708120435,0.9998790420127409,0.9949077021005729,0.9996012441183507,1.0,True
940,2.5754377282220307,43.11617334527442,0.08376515899313819,0.09698671685274392,0.4992381731669108,0.5961691538492838,0.18159427051138496,0.2168522128584413,0.9953681131155534,0.969758064516129,0.9985925724144193,1.0,True
941,29.91577343937,21.65102129359093,0.13315942385735602,0.1013505424053854,0.5635942459106446,1.2921241760253905,0.20500332597030863,0.4700008127723978,0.9990721840786788,0.994062571363325,0.9982471189348451,1.0,True
942,2.1233336440280524,31.842419976236563,0.0572589169873845,0.02087566539754378,1.6248799641927083,1.735742441813151,0.5910383212372855,0.6313637447177498,0.9993123914302259,0.8351177730192719,0.9985108251555996,1.0,True
943,37.75186853536271,21.98605250097194,0.015903820102244497,0.04318642832961893,0.5908484825721154,0.5303250826322116,0.21491685720829304,0.1929019087294212,0.999110161950525,0.9974347744478509,0.9988722027660711,0.9629629629629629,True
944,5.06739262709066,34.62588477684278,0.12765876383131178,0.0977347378156304,0.5347506105899811,1.076976716518402,0.19451166247886098,0.39174248225710057,0.9993275050437121,0.9793007479561663,0.9990088651505974,1.0,True
945,8.293621525403857,37.07029890986115,0.05343440797346618,0.0048343748345641945,0.6359769419619912,0.5673479782907587,0.23133200753668606,0.2063687189428406,0.9984229390681003,0.9948453608247423,0.9998036046107595,1.0,True
946,23.113303475287953,28.762217924162538,0.12369701770814182,0.42859358046166884,0.5917380406306341,1.1030296912560096,0.21524042751079916,0.40121906316860395,0.9897308781869688,0.9924050632911392,0.9971186476853137,0.8125,True
947,27.091507391538876,44.863058260029405,0.9572721204301455,0.11657430495751507,0.580768051967826,10.243038054435484,0.21125017356826906,3.7258309225758786,0.8356526220847829,0.9545655888122508,0.9050305457309052,0.7265625,True
948,7.494385345689738,40.72867360242879,0.09164744128533461,0.04492146591028546,0.6466648963189894,0.896497787967805,0.23521967354268514,0.3260945788427423,0.998925963053129,0.9860724233983287,0.9990637426063202,1.0,True
949,4.417227894334125,21.80302167342989,0.01857935167975561,0.014427984462400905,0.4800748189290365,1.4125907534644717,0.17462373916899382,0.5138196580187114,0.8388884836992196,0.9464150943396227,0.9736071672279821,0.9905660377358491,True
950,30.58409366356131,24.685334070808366,0.734211656821963,0.316841797898923,0.5741113935198102,24.79332935566805,0.20882886225859337,9.018394024901173,0.9994100294985251,0.8886128364389234,0.9610095077486698,0.9423076923076923,True
951,17.390894115033397,40.0223101911952,0.5223591167734342,0.376095852108393,0.4931024404672476,5.018460284222614,0.17936244217065495,1.8254285897706772,0.806260349340313,0.9472816088308064,0.943164952146988,0.8272727272727273,True
952,10.590702212497547,18.83600942783252,0.8494313948634906,0.021388584709751877,0.45857954025268555,77.71188259124756,0.16680498719754583,28.26713458168574,0.8907234798047048,0.5510907003444316,0.6121995128666737,1.0,False
953,6.730805174229181,43.494280740157265,0.034281835364523616,0.16158224036655447,0.6534107327461243,0.6842372417449951,0.23767342269652864,0.2488863421304579,0.9978644110380638,0.9847585432376063,0.9995641752015689,1.0,True
954,17.329949752367217,41.46022402083525,0.6859483305155054,0.2378066833660668,0.6019375392368862,5.904372079031808,0.218950421274367,2.147672590255034,0.6987926727726894,0.9183752417794971,0.9075211557219308,0.6481481481481481,True
955,2.0726264391249467,35.59558174099085,0.9614075629950943,0.1827415181513712,0.5472183227539062,0.7669868469238281,0.19904670249992315,0.2789859118252844,0.9998459405330458,0.915068493150685,0.9989567526555387,1.0,True
956,34.65034136517481,43.63455516405398,0.6291794330956378,0.19969971554133478,0.5953132294036529,10.026485904232485,0.2165408765390825,3.6470616459912577,0.9581363362847073,0.9616340049682583,0.9751808997797742,0.9891304347826086,True
957,7.717897162580363,16.357967382815097,0.0741736577671776,0.056737970185190015,0.45535033089773996,11.907793045043945,0.16563038567735353,4.33137349593727,0.9986764528937553,0.7615062761506276,0.9863188544533524,1.0,False
958,7.945361056044526,28.876727259995352,0.6687672821685999,0.12915363037250935,0.5077069304710211,2.432068492090979,0.1846747196585773,0.8846473034170971,0.999599679743795,0.9602199816681943,0.9971472577512891,0.9772727272727273,True
959,37.33232569955578,19.804535667051972,0.06221058501426429,0.18692658901603212,0.5043138073336694,4.3649641467678935,0.18344049568693263,1.5877241017298114,0.9982082420864026,0.9866716203037199,0.9932241396119723,0.9393939393939394,True
960,15.530823297185608,38.78085051348725,0.07313203758383176,0.020091369522908437,0.528935432434082,0.8781702859061105,0.19239643353229327,0.3194280826770402,0.9984570546888394,0.9933115570073107,0.9992458187303136,1.0,True
961,17.02581368815496,34.89528307097767,0.08335778042991975,0.24930358843586417,0.5278562418619792,0.74936767578125,0.19200388577609784,0.27257706590239456,0.9935140528854149,0.9938087963335209,0.997858103017859,0.8333333333333334,True
962,32.01150280406888,39.61586653756565,0.02557270463939779,0.34611518340113023,0.4874882533632476,1.324652310075431,0.17732032226384153,0.4818326859972419,0.9987605013083597,0.9954108254227698,0.9982332155477032,1.0,True
963,6.038280243846979,32.40868323401393,0.11726807383320573,0.18880423710894556,0.558570921421051,2.2122142910957336,0.20317612806105595,0.8046769297669093,0.9792056665823425,0.9619337096540744,0.9939079292706757,1.0,True
964,31.479723159856178,15.903755108087958,0.044096620120867736,0.3424860101903421,0.5894486563546317,3.4752273559570312,0.21440768055780948,1.2640887866466015,0.9994725738396625,0.9853266331658291,0.9938280465049519,1.0,True
965,31.07973593283385,42.07811845949166,0.08017040249417397,0.14283914678448348,0.5353321696436683,0.817911192428234,0.19472320037357702,0.2975092737598906,0.998133457769482,0.9964658219119041,0.9990079663309785,0.8958333333333334,True
966,2.4485561374645446,29.06736634755851,0.6197082750522211,0.021421740427311937,0.6107609461224268,0.9541044083852617,0.22215987163879095,0.34704856989069216,0.9991319085610351,0.9499379395945386,0.9990235900640525,1.0,True
967,3.1591284897490004,33.24688747483728,0.14842038287790607,0.13141659004039777,0.5529439497967156,0.7596829472755899,0.20112935787754307,0.27632917121569417,0.9990318355259411,0.9675675675675676,0.9991646197773151,1.0,True
968,6.140608490134179,23.40179641848813,0.7293005281401734,0.04351561922193006,0.5063722688857824,2.542480677774508,0.18418924617121646,0.9248089364660678,0.9532200024816975,0.9221398305084746,0.9911163235869023,0.8690476190476191,True
969,24.964353314472625,25.87828710195562,0.015088112842059053,0.15849464215817013,0.5972325801849365,0.8298673629760742,0.21723902648777665,0.3018582442221691,0.999672710610722,0.995144157814871,0.9988356548363448,1.0,True
970,2.5149952075605273,28.32475442965579,0.03138167277265706,0.1465815028146168,0.4900203970975654,0.7345054094181505,0.17824137121197492,0.2671710241303232,0.9988416349495284,0.9749541844838119,0.9996368087596347,1.0,True
971,8.235656665306076,20.603382573565863,0.8646001731900494,0.46725070430446614,0.7300567626953125,1.022608670321378,0.2655528610974925,0.371966499131353,0.8932658622031919,0.9848024316109423,0.8757337668201932,1.0,True
972,37.17411488779764,16.338950659717902,0.10034661791915801,0.21511219567011633,0.5180703943425958,26.475909146395598,0.18844435460013556,9.630420240236703,0.9990714948932219,0.8918017159199237,0.9517755681818182,1.0,True
973,17.754604211929493,17.909014840688556,0.0887344568756122,0.2153300642312762,0.5514791621718296,3.929563832837482,0.20059655198550178,1.429350390266472,0.9870384489707004,0.9765193370165746,0.9938801233086817,1.0,True
974,7.799376859637013,31.057619221495163,0.08557170654272146,0.20564122789037112,0.5345595904758998,0.6668067659650531,0.19444218029553845,0.24254613277938591,0.9983767287838452,0.9893961708394698,0.9993405191519725,1.0,True
975,15.658588106427468,27.148520520266516,0.07338973199785848,0.5101021273807813,0.5650978088378906,2.3976593017578125,0.2055502360978119,0.8721312095899735,0.9968980844872246,0.9824010056568196,0.9924980047885076,1.0,True
976,15.055141537726577,27.47556788612821,0.043618494997219676,0.1264313273064218,0.43559239127419214,0.9733153256503019,0.15844357820630983,0.3540364019398115,0.9925285096342902,0.991889376412711,0.997931234225661,0.7096774193548387,True
977,34.877558958932134,20.21913734377815,0.023103629650649327,0.06496975801487553,0.5145505009865274,0.5247500672632334,0.18716401887937448,0.1908740372575799,0.9988038277511961,0.9979776795745637,0.9993603995979654,0.98,True
978,39.513291991178534,24.38249150119667,0.04078365875739474,0.1702688377075493,0.5418348090593205,0.7008400850517805,0.19708848837548057,0.2549255061622967,0.9988035415171094,0.9978710462287105,0.9992274879924764,0.9347826086956522,True
979,18.99080719580828,21.462235815708066,0.14438551732302912,0.029989625721793835,0.5262311788705679,0.8656604473407452,0.1914127808800351,0.314877719482491,0.9994691580847224,0.9921259842519685,0.9975784579620303,1.0,True
980,17.513337073256736,42.869476959399606,0.06791966551410596,0.06421467081087974,0.5019923179380356,1.4089813232421875,0.18259607072914982,0.5125067539111998,0.9993775158733452,0.9894790602655771,0.9978145202814807,0.96875,True
981,7.205336633192579,21.823292163575346,0.07017136411471611,0.18611857581368674,0.5787740140347868,0.6432152825432855,0.21052485670893262,0.23396490151038796,0.9992781086446489,0.9935579781962339,0.9997032543110554,1.0,True
982,32.46050322257363,38.922336555267165,0.042868216336480705,0.3212083394941141,0.5393397521972656,0.7617349243164062,0.1961809295085872,0.2770755630059481,0.9990813045475425,0.9975491180842943,0.9992397089171283,1.0,True
983,22.29254867060503,35.406190182241446,0.09888027429214888,0.09477949211292536,0.46443314985795453,0.7230103232643821,0.16893419530554016,0.26298976977768135,0.9996143463170073,0.9972276129747712,0.9996179504511123,1.0,True
984,9.537382967150009,34.63078996145262,0.5974463966252499,0.05731018497571817,0.5375577835809617,4.235798517862956,0.19553275132762168,1.5407410395025278,0.9990487263502801,0.9430099312452254,0.9948007427510356,1.0,True
985,32.01599752172027,16.97785808658521,0.08293068176384218,0.02724603108253952,0.538724562701057,0.5622836842256433,0.19595715878392164,0.20452661864715208,0.9997514292816306,0.9978016609672692,0.9992479539924796,1.0,True
986,4.451808436747939,37.25717315748239,0.6601927437012602,0.09688913521993732,0.6422577682806521,1.351820809500558,0.2336166126307052,0.49171503093632857,0.9826713694218678,0.9518324607329843,0.995738224334516,0.98,True
987,2.131587528729739,19.40662213085115,0.10560740960521163,0.12904076289138203,0.7703622182210287,0.6264580317905971,0.28021367869361496,0.22786957288816453,0.9924357034795764,0.9468822170900693,0.9985310014135647,1.0,True
988,37.813967300991756,30.420993743443475,0.1336031898638417,0.044290460965143635,0.4302722257726333,2.563686595243566,0.15650840652837725,0.9325224353936243,0.9137208382759984,0.9836373553117993,0.9778208817590665,0.8018867924528302,True
989,25.86084790632552,21.247858907612184,0.889178443572302,0.020205387118698917,0.8080406188964844,17.224893423227165,0.29391892411043025,6.265430257436507,0.9980536912751677,0.9213523131672597,0.9729638770473412,1.0,True
990,5.009137940518145,30.455620314571604,0.07904144922879963,0.005932247471981929,0.5132806067373238,2.238774991502949,0.18670210404151683,0.8143381922142965,0.9970712658639765,0.9512304250559284,0.9972226490019264,1.0,True
991,13.870410285867106,37.914108964059395,0.07262955721692256,0.19269732730554498,0.6072027641430235,1.2905500980845668,0.22086560870853927,0.4694282533193041,0.998647795907329,0.9864472410454985,0.9980314584408386,0.8142857142857143,True
992,4.139774572356931,24.228857871472748,0.11200089386261981,0.06223268870816724,0.6239606683904474,0.5681880604137074,0.22696117503474078,0.20667429273203783,0.9997048281678262,0.9735849056603774,0.9993119491497657,0.6470588235294118,True
993,30.820731245719347,40.78683417390275,0.10821110288418322,0.05826233802981701,0.5246542692184448,2.008213996887207,0.19083919141246064,0.7304732999124272,0.9987448102732451,0.9927553166627717,0.997083782150645,1.0,True
994,11.14396576736568,15.9873488045112,0.08981403560066649,0.06274274319540911,0.5545834435356988,0.47702662150065106,0.20172571185354224,0.17351497942638242,0.9979215380618343,0.9958298582151793,0.9994836345465146,1.0,True
995,20.609143909842178,30.78116391075052,0.019500905596388313,0.29124990081284524,0.45712977189284104,0.6702804565429688,0.166277644454409,0.24380966257414777,0.9995874587458746,0.9963133640552996,0.9992447129909365,1.0,True
996,29.177075952337137,16.544321420633334,0.1465532760166734,0.1291665718221474,0.5596406029873207,17.16718704974065,0.20356521698523414,6.244439981931999,0.9982929327415501,0.9308037013327126,0.9735311945760277,0.9242424242424242,True
997,28.102893104193257,27.164394581615056,0.14796731173871644,0.08380876215300198,0.6368659524356618,3.3092426973230697,0.23165537865916877,1.2037130689615716,0.9995461507913995,0.9876058412075102,0.9953269095570902,1.0,True
998,13.100541877477074,40.68885616699518,0.10196779128671322,0.15563062151259532,0.6193825857979911,0.6383241925920758,0.22529593064158013,0.23218580295696356,0.9983000805225015,0.9907166728555514,0.9993092229872763,1.0,True
999,2.488233033287313,26.15866441828765,0.06880094768945044,0.05496862800799696,0.5435582796732584,2.841554323832194,0.19771538833166888,1.0335948096305945,0.9996174386754196,0.8954703832752613,0.996702949279617,1.0,True
