scan,thickness_um,snr_db,pigment,fouling,outer_mae_px,inner_mae_px,outer_mae_um,inner_mae_um,dice_above,dice_coating,dice_core,coverage,separated
0,18.03915618507397,28.4661180687271,0.13845572651903995,0.08026724347489975,0.5888246297836304,0.6994490623474121,0.21418069541117724,0.2544195317259627,0.9978567054500919,0.9932297889287136,0.9988970588235294,1.0,True
1,4.305322082780098,32.19004503538292,0.06147274848230888,0.10588134454054904,0.6275835972206265,0.4915078855028339,0.2282789891631309,0.1787824343485043,0.9993529792365154,0.9895803998873557,0.9996900924954706,1.0,True
2,17.510789741586432,26.83496121902553,0.6387524678474144,0.2379047288832874,0.47949564615885415,13.678412272135416,0.17441306926762362,4.975423418757593,0.8684140382052421,0.9241066609089927,0.9409384673871721,0.6696428571428571,True
3,6.682062886007827,28.860889431727443,0.14560786015884639,0.16818683994616632,0.45991077423095705,0.7994129180908203,0.1672892139176916,0.29078066041545586,0.9984059511158342,0.9885167464114832,0.9994872671338233,1.0,True
4,19.54402253680315,20.65337686971625,0.0751002587904943,0.06340325402809432,0.46759679582383895,0.8191526201036241,0.17008494861770523,0.2979608340876498,0.9994764946078945,0.9962665671084562,0.9993453416381423,1.0,True
5,12.345354875035657,19.620845846514356,0.011607209310378463,0.006576078498200365,0.516703378586542,0.663589840843564,0.18794711251741694,0.24137599956016342,0.9987111556637548,0.9954921111945906,0.9996199698790941,1.0,True
6,3.5322999717365073,23.79416543334316,0.04572723376107587,0.0242261189744641,0.638399784381573,0.871264384343074,0.23221329892303383,0.3169161109890423,0.9992112527934797,0.978490703609187,0.999469160482951,1.0,True
7,34.9890522230998,28.924704740797534,0.03239475546131549,0.09359831748620155,0.5376720068589697,0.9027367357937794,0.19557429921790756,0.3283639509382884,0.9996413750704441,0.9977799542931767,0.9989553900162685,1.0,True
8,3.992556400513903,40.05685010436427,0.13951035838075748,0.01521709884165238,0.6084271872915873,0.5008734726324314,0.2213109837627949,0.18218909885078277,0.9984705353126406,0.9844863731656185,0.9997161832321053,1.0,True
9,31.79979753611989,22.46734078112187,0.13092063142301666,0.14830229877751652,0.5263423919677734,0.4289843241373698,0.1914532338388508,0.15603994163423163,0.9886199711492226,0.9982174688057041,0.969174921552944,1.0,True
10,6.060221500990758,41.28474438781011,0.5930513710326609,0.11456834345293143,0.5515689020571501,0.7807540893554688,0.2006291942189816,0.28399364657134385,0.9985436893203884,0.9840652934317917,0.9993767595796351,0.8214285714285714,True
11,2.4535138523278963,23.168591561989647,0.10117889944552087,0.12267318162594047,0.453923651512633,1.5064497602746842,0.16511144138159048,0.5479601921138982,0.9992119779353822,0.9476260401370533,0.9988163107546623,1.0,True
12,13.53416319173931,20.558357135315298,0.11230984274199875,0.1544019205011423,0.6113574587065598,3.2973109278185615,0.2223768487719283,1.1993729742021175,0.9984903381642513,0.9672574346650645,0.9954890479288657,1.0,True
13,24.23256233926626,32.533255743068814,0.1274604123398375,0.01617189027763831,0.5225816369056702,1.4006781578063965,0.19008528641659647,0.5094865376070598,0.9996261371661197,0.9945613970180177,0.9982743528823309,1.0,True
14,26.62673689472817,36.855693664871744,0.020013629025474555,0.42138492241046227,0.5476526720770474,0.5786827350484913,0.1992046939210971,0.21049165463861777,0.9997484909456741,0.9981207615001225,0.9994322214336409,1.0,True
15,15.857087128997629,39.57350896927355,0.1034933116705917,0.07695618720269584,0.48429328203201294,0.798465371131897,0.17615817457685692,0.2904359970703245,0.9996763305127849,0.9955624583980475,0.9992014614349629,1.0,True
16,7.655327724785837,24.542980971996272,0.6623242853622904,0.29326136602902797,0.5232762937192563,5.314216613769531,0.19033796280253615,1.933007813075064,0.9998572040554048,0.9000644745325597,0.9931623553362395,1.0,True
17,26.81943826119048,27.195749139200657,0.5732694166127843,0.022743316263662487,0.46132738162309694,5.597708677634214,0.16780449459894406,2.0361259985429503,0.9990642962170833,0.973570164194592,0.9923939437223254,1.0,True
18,6.999922234176585,40.8299558530982,0.7262625215444103,0.012284641057215833,0.6319062788407881,0.625916030380752,0.229851333301975,0.22767242379995958,0.9991395628979521,0.991697799916978,0.9996621849875008,0.9680851063829787,True
19,30.659445285733185,34.369965825485465,0.10487386197249647,0.20469815143734946,0.5402575154458323,0.5688589772870464,0.19651475924473985,0.20691833388661324,0.9993784959602238,0.9986646937818038,0.9996753910335789,1.0,True
20,22.04920972142471,30.02457914389945,0.02510084873146246,0.12340114198476136,0.5103832813019448,0.9157593098092587,0.18564822289389907,0.3331008179401049,0.9993134225883968,0.9955399061032864,0.9989935468592742,1.0,True
21,8.505894368207446,26.378872894051085,0.11841695055461522,0.21240549326605038,0.5431984492710659,0.6484955378941127,0.1975845026283993,0.23588555615998089,0.9998723675813657,0.9969161760583123,0.9997823342475295,1.0,True
22,26.77855492981258,20.288695113480152,0.059085874650947,0.016123343533471165,0.440493901570638,0.7016016642252604,0.1602264670848603,0.25520252507206365,0.9999161566194349,0.998421052631579,0.9995691174742449,1.0,True
23,31.22804903692656,24.955555622925978,0.07394511515074687,0.1326580885476412,0.49923316292140796,1.2577710358992866,0.18159244807086242,0.45750510680223444,0.9996758929150191,0.9967218846977578,0.998747808665164,1.0,True
24,4.722166346492719,18.937368705692897,0.08986382903891578,0.1424072794112139,0.6989097595214844,1.2719605763753254,0.25422336422811725,0.46266644940408824,0.9973591549295775,0.9618430525557955,0.9985844652591633,1.0,True
25,31.54156249096719,42.8843792334246,0.8658626017787807,0.09135256556814839,0.6201056241989136,16.482760906219482,0.2255589306244026,5.995484928148293,0.9975518618734699,0.9292521300094667,0.9749420164627769,0.9696969696969697,True
26,25.475366947337317,41.14998671676797,0.08044174035989268,0.0404828505286778,0.5480926036834717,0.5905179977416992,0.19936471585739407,0.21479664574426616,0.9998902987530625,0.9965717692651662,0.9992466208730335,1.0,True
27,4.131146333631473,24.780646266770614,0.022286554521885344,0.20934566547763342,0.4269516237320439,0.7359129382717994,0.1553005615805554,0.2676830025589371,0.9985611510791367,0.9797265440829798,0.9994043408659394,1.0,True
28,9.940990503662873,30.378216134466335,0.7030644278728482,0.2306085090541656,0.5315872192382812,1.5288697676225143,0.19336100178076188,0.5561153074436467,0.9997063487402361,0.9782352310496408,0.9977053056115708,1.0,True
29,2.8251776020021273,44.870457420424415,0.033282933466438624,0.10270894980536888,0.5260960459709167,0.6703179478645325,0.1913636272662828,0.24382329977089232,0.9989197597545694,0.9746519100321314,0.9995624381706111,1.0,True
30,13.794744474280948,31.90255622918019,0.8889653122552664,0.2862918155608159,0.5044226857413233,0.9149190176904729,0.1834800994193294,0.33279516776644247,0.8411115825201527,0.9608850256815488,0.9629082501043708,0.9262295081967213,True
31,8.287801016219252,34.011674214826954,0.07502025919449393,0.34462639272450474,0.4814073313837466,0.637994849163553,0.1751084309256867,0.2320660066696105,0.9997029997029997,0.9930904522613065,0.9995342097091399,1.0,True
32,4.039883724986069,40.77015965002926,0.791668048698533,0.015885497643469075,0.6247542381286622,1.4266834259033203,0.2272498302807867,0.5189457655734577,0.9997281993204983,0.9472913616398243,0.9983518294692891,1.0,True
33,7.362861178002913,21.657110327220465,0.015141210434416762,0.12937636652984877,0.5253296876565005,0.7216544518103967,0.19108486997860594,0.26249658135414433,0.9995394888326042,0.9956331877729258,0.999759781401075,1.0,True
34,10.89261837266084,27.520585844677328,0.019513885672455742,0.20746758043785532,0.5661007649189717,0.62560189736856,0.20591505410991126,0.2275581601914084,0.9984779299847792,0.9951690821256038,0.9997386987196237,1.0,True
35,3.0720771422409183,40.16736898737375,0.07309313909072869,0.2678707663630551,0.5236525535583496,1.6506667818341936,0.19047482459451298,0.600418089432315,0.9981902588716658,0.9393014581213971,0.9984247197818843,1.0,True
36,7.722813689296452,22.473863367546166,0.03756941798300709,0.028880389280658034,0.5251445770263672,0.5428864161173502,0.191017537327279,0.19747100282816385,0.9994449070219261,0.9936119729877715,0.9996556693405431,1.0,True
37,23.411874080173078,23.266888525250234,0.12005108925437956,0.20667784682745194,0.47554661677433896,2.2465550349308896,0.17297663842388422,0.8171681266760017,0.9600529475724483,0.9898949070331448,0.9144121987211018,1.0,True
38,3.77925225524701,38.7895966744574,0.6707258161422451,0.10404108134511685,0.5639133453369141,0.6656588315963745,0.20511939607601876,0.24212857996495912,0.9993940128469276,0.9763486579856497,0.9992784429969968,1.0,True
39,3.453146380945593,26.840795211228414,0.9891879933282006,0.17079843494221797,0.5334220462375217,1.4066301275182653,0.1940284068157736,0.5116515234916054,0.9983519501922725,0.945325137495956,0.9980684387278035,1.0,True
40,15.538395131245416,16.42381527602924,0.8813090743976197,0.33706673601029397,0.5543243701641376,22.879005432128906,0.20163147579058427,8.322072559312124,0.9985016481869943,0.7544526716029618,0.9707290088269956,1.0,False
41,4.843044072759724,23.55975933913158,0.021905287533602897,0.1033003580155239,0.5654387040571733,3.9821707985617896,0.20567423426540749,1.448485793122233,0.9456625357483317,0.9202453987730062,0.8638442909677998,1.0,True
42,4.227847166878483,32.25736415274655,0.10966707094424452,0.16874536748074082,0.570208476139949,0.6752207829402044,0.2074092043226503,0.24560667052829355,0.9994453688297282,0.9954233409610984,0.9999096820809249,1.0,True
43,5.717189806972548,28.17211088584179,0.11717044379273397,0.25196385444192476,0.5664263186247452,0.6224567579186481,0.20603347191305563,0.22641413849042283,0.9990972013241047,0.9926217412690606,0.9997657774886142,1.0,True
44,3.436851567214722,24.15274907674668,0.019186002647928486,0.2158738616052207,0.5619291578020368,0.6876944587344215,0.2043976622276871,0.25014387977669184,0.9989000761485743,0.984729291994447,0.9997223610417014,1.0,True
45,6.209687692815925,20.280556931748634,0.02861876884546817,0.2595812630962222,0.47154962448846727,1.856778826032366,0.17152276142207523,0.6753898530543725,0.9977053694355209,0.946470866887731,0.997181094173349,1.0,True
46,4.939590392088119,41.77670409105668,0.066203059282028,0.1296055626958493,0.5677604675292969,0.6870322227478027,0.20651875891652885,0.2499029962318027,0.9994108881727137,0.9827830666396598,0.9993009724706511,1.0,True
47,21.481169201796323,41.510900578866405,0.5965244361890476,0.03353928051692572,0.6238428751627604,1.5515047709147136,0.22691832860110908,0.5643486259913763,0.9998923689592079,0.9889647924330005,0.9973675762439808,0.8571428571428571,True
48,4.548603658707616,19.861350661600838,0.6381793630889638,0.08769432095071714,0.4601996830531529,19.067889077322825,0.16739430240977976,6.935806581502698,0.99798873692679,0.676824772671418,0.9791663340730216,1.0,False
49,32.56309150899231,41.16299440480874,0.5879259584556258,0.0011992264322956145,0.5224180009629992,2.609971449110243,0.19002576502733592,0.9493582158395142,0.9987949992468745,0.985490278068158,0.9943958146386063,0.9574468085106383,True
50,3.4779882980932015,16.43636813572728,0.5616990080547621,0.08652820227617741,0.5514081716537476,0.4925581216812134,0.200570729698591,0.1791644501536413,0.9985191453353078,0.9825,0.9996453241905792,1.0,True
51,3.9869501690963127,39.11526752532103,0.07891121136891606,0.07971213458252364,0.5722110687740265,0.8626930600120908,0.20813763289254497,0.3137983538285117,0.9991160003928887,0.9779693486590039,0.9992917711463737,1.0,True
52,33.14006597878158,21.44957730131832,0.002961282277399785,0.02103582487362667,0.49009075164794924,0.7094505310058594,0.17826696217024052,0.25805749352994917,0.9993750781152356,0.996707572583059,0.9985751602944669,1.0,True
53,26.445915185394046,25.149385615353225,0.005434397717744383,0.13729307315805717,0.5209669774892379,0.7068708770129145,0.18949796574560018,0.25711916306926147,0.9996714633024509,0.9970260223048327,0.9990725166239605,1.0,True
54,5.016650167845671,34.01999359149633,0.035202905219849645,0.3915015315454501,0.5056982369258486,1.229535333041487,0.1839440719264485,0.4472345743421213,0.9996431545140954,0.9802180056519983,0.9990517028119074,1.0,True
55,38.014272858384004,42.47482105725458,0.0068209485130193755,0.05748397130824586,0.5732479442249645,0.8365717107599432,0.20851478882982,0.30429690218244343,0.9987848101265823,0.9973327406090242,0.9987345776652958,1.0,True
56,6.835803766302733,20.475382595859955,0.017147727783235183,0.03148719305047931,0.5864919361315275,0.9495877717670641,0.21333219498623368,0.34540567602573846,0.9989766331229746,0.9794091316025068,0.9987019308778192,1.0,True
57,7.715451219800143,29.893669261733493,0.13517519856740243,0.0179311554976786,0.5326389030173972,0.46069010981807,0.19374354414018474,0.1675726915943436,0.9992572084543183,0.9936816150408383,0.9996640311779067,1.0,True
58,9.294000178584092,26.134645675080385,0.025366162739171017,0.2021706808894066,0.5011529922485352,0.42747039794921876,0.18229077208714206,0.15548926194561444,0.9999319774165023,0.9967256057629339,0.9997309014800418,1.0,True
59,2.3963401393776484,23.071627953721542,0.02267541679496804,0.4339533703978089,0.5073101407005673,5.872256687709263,0.18453039025272508,2.135990849208651,0.9077264199215419,0.7845303867403315,0.9788956987159932,1.0,False
60,24.09309980818586,43.61475147688255,0.1093901907353262,0.4357821079069705,0.5302741439254196,1.952810216833044,0.19288338014367223,0.7103205760958826,0.9994039340353665,0.9915101156069365,0.9976995869712971,1.0,True
61,2.3038009784745626,39.01458406596542,0.023662041306477775,0.23192987472717289,0.5340756248025333,0.9340969534481273,0.19426614128624148,0.33977100303106894,0.9992195629552549,0.9672785315243416,0.9994233082335108,1.0,True
62,2.032098790885156,24.004609456261253,0.005989604228629097,0.07825966402080088,0.4442281723022461,2.3112680912017822,0.16158478102366974,0.8407070323080157,0.9984411535463756,0.9025974025974026,0.9981072128709525,1.0,True
63,4.676044971098372,40.317830604955454,0.019892482570775093,0.06981079060440816,0.46973962986722906,0.46366476505360704,0.17086438898475081,0.1686547008968246,0.9993373094764745,0.9914965986394558,0.9997346709287781,1.0,True
64,2.236618654413018,42.17345267680584,0.05976042507154599,0.4952199258599341,0.5303610524823589,0.984070808656754,0.192914992501955,0.3579486310030752,0.9997172745264349,0.9685430463576159,0.9993226112369119,1.0,True
65,10.997724179985333,34.42351111042599,0.05887158131258621,0.0951898288899764,0.5397946541769463,0.5198765804893092,0.19634639680975585,0.18910134173242868,0.9998064640990904,0.9974014724989173,0.9997782571008124,0.9827586206896551,True
66,9.390506469989628,37.06206644508532,0.05267303363619829,0.11254800054125759,0.5141558647155762,0.7655876278877258,0.1870204727933728,0.27847695603263173,0.9997550820475141,0.9957878613823473,0.9996164688285041,1.0,True
67,34.60881623951244,21.182865550099265,0.9753798633157686,0.05997274501281702,0.4823529340218807,28.66186501323313,0.17545238703820976,10.42554585831665,0.9379692734203535,0.8593289562115494,0.9477717671303452,0.7840909090909091,True
68,2.031046899735376,26.10121321653116,0.80501723524942,0.19492336849267763,0.5066143217540923,1.938427243913923,0.18427729114936203,0.7050888738434998,0.9991039426523297,0.9216589861751152,0.9985311437229552,1.0,True
69,2.8328141446753827,31.520313568512282,0.07084247592296354,0.004415845293589186,0.4823040209318462,0.8839059127004523,0.17543459525588886,0.321514375391872,0.9997721576668945,0.9806295399515739,0.9996617986164489,1.0,True
70,26.593323923676454,44.97748934182414,0.9655042533425289,0.09200249489456745,0.6287304162979126,38.65564012527466,0.2286961362983895,14.06070919050693,0.8413739733014405,0.8400050511428211,0.6764930114358323,1.0,False
71,10.661077378580314,23.52702194702016,0.08450295794515679,0.37731691962730224,0.4320992469787598,13.953989028930664,0.15717297226266547,5.075662468593623,0.9986675549633578,0.8695028680688337,0.9839521525433765,1.0,False
72,16.6141521472276,27.415763682938685,0.00893109147810796,0.08052056161236938,0.5908217430114746,0.6487820943196615,0.21490713088673083,0.23598978898482234,0.9994284081166047,0.998518030627367,0.9998614229095646,1.0,True
73,3.3941394627435386,21.983059638533973,0.09020090979474908,0.1528585533975262,0.7579221725463867,0.7150395711263021,0.2756887021576968,0.26009046640358263,0.9980817470857312,0.9518367346938775,0.9988821385176184,1.0,True
74,2.772256778777466,38.040177416167886,0.030063603512525825,0.06084786927658901,0.5224108695983887,0.6034367084503174,0.190023171045097,0.21949573322028496,0.9996420901932713,0.9702833448514168,0.9992629410541832,1.0,True
75,4.820638007258797,18.565378693455145,0.07088359173365598,0.07250130305873244,0.5290250990125868,2.270396762424045,0.19242904910094966,0.8258403824139525,0.9992240543161979,0.955920041004613,0.9978960332529379,1.0,True
76,30.928897019757244,35.319587531523055,0.04462757015382769,0.03617804159088377,0.5580866887019231,0.9164593036358173,0.20299999191579693,0.333355435625868,0.9999509090016527,0.9969650986342944,0.9990717990717991,1.0,True
77,8.853910424242931,44.08154536144272,0.05623493412831751,0.5869418356577334,0.5488516766092052,0.8372069649074388,0.199640823137691,0.3045279712787268,0.9999183206730377,0.9905254091300603,0.9991748076769505,1.0,True
78,19.135487816704885,19.082108566706992,0.032979328648149266,0.04136024047816554,0.5316857655843099,0.5775482177734375,0.1933968473005568,0.21007898219484394,0.9983243967828418,0.9979874511660944,0.9998511430090378,1.0,True
79,33.53704922918818,38.15906552259059,0.13048602578816576,0.3244279592513007,0.6043173607359541,0.878016045752992,0.21981606411239185,0.3193719789381946,0.9983679179295873,0.9971030876845899,0.9991260089455555,0.8392857142857143,True
80,4.778793925419059,34.190389210478926,0.07914168679143924,0.15795699477811934,0.5737235125373391,0.5286483764648438,0.20868777335986138,0.19229201900205195,0.9999134324051363,0.9911361804995971,0.9997300944669366,1.0,True
81,11.693670132137713,41.96272354422659,0.14538090397897468,0.03612742687779172,0.44483318328857424,0.7546192169189453,0.16180484938906878,0.2744872759648801,0.9998680477667085,0.9882926829268293,0.9985862091125249,1.0,True
82,2.539348881918575,20.022417338428717,0.027206138946830966,0.04255636967633097,0.5465020399827224,0.5918978177584134,0.19878615982850065,0.21529854528408449,0.9967784811552411,0.9571984435797666,0.993077906617874,1.0,True
83,13.90520510408644,39.40398693626532,0.6293733658850214,0.4674999815734087,0.520032944217805,1.372465564358619,0.189158217906441,0.49922441102750714,0.9995869475423379,0.9911738746690203,0.9988086627239076,1.0,True
84,21.44834082750258,25.38402653843599,0.10678596784117521,0.119126745602729,0.5151641328456038,0.5806155447232522,0.187387223024812,0.21119470016235858,0.9995566196683515,0.9979387818200557,0.9996196368800081,1.0,True
85,19.482380158660934,25.10977918665457,0.04485983859923775,0.19062544280353366,0.5119985651086878,1.9575271606445312,0.1862357706823497,0.7120363302519733,0.9994035677492815,0.9856,0.9967715575560289,1.0,True
86,12.542390027855715,33.94680333134768,0.057375081405616035,0.0054607347229738935,0.437694822038923,0.8422355651855469,0.15920832217330283,0.3063570882178497,0.9997612691798511,0.9922425952045134,0.9995168445557167,1.0,True
87,2.31710474904574,23.886018148695932,0.1076544041600153,0.14148918785394274,0.48119847367449503,0.8859458551174257,0.17503246044628282,0.32225638967484566,0.9908552985476062,0.9591567852437418,0.9979521992818672,1.0,True
88,8.951817537016236,36.416247474740096,0.14011757627057445,0.06260964858803791,0.47881973266601563,1.562281494140625,0.1741672106288857,0.568268581030668,0.9996236356793377,0.9844236760124611,0.9986983788900722,1.0,True
89,5.723641372101164,15.833551868067676,0.7312016661992111,0.04469182800163066,0.5480021476745606,0.7531383514404297,0.1993318131391436,0.2739486218700006,0.9969551979121357,0.979861910241657,0.9985810094250848,1.0,True
90,20.329906324086302,25.665526041337454,0.10965860394697037,0.006460268018220719,0.5202694847470238,3.115264892578125,0.189244257811157,1.1331550470767322,0.9986893840104849,0.9829351535836177,0.9961110012523894,1.0,True
91,15.441290185535108,31.93894549273186,0.05915223229900569,0.07245717549022805,0.46549551827566965,1.2651418050130208,0.16932062412488608,0.4601861706956978,0.9999231891850372,0.9925256387971493,0.9987065021926366,1.0,True
92,9.30438695221761,35.124807777568506,0.09179409695492838,0.12923471034560277,0.5703476645729758,0.7049201965332031,0.20745983310730193,0.2564096171696222,0.9987478824482581,0.9913558318531676,0.9993820212319848,1.0,True
93,2.645042941840676,40.66290356858652,0.8806617495795205,0.12831931141039749,0.4931859288896833,0.8967657089233398,0.1793928104797772,0.3261920331503054,0.9993828938165961,0.9453815261044177,0.9986232947628312,1.0,True
94,32.153750450497924,31.995771575304055,0.585539368944214,0.06933020902899066,0.5383584042812916,18.455405864309757,0.19582397131008103,6.713020247753351,0.9499425134872203,0.9360547022643714,0.951266352609031,0.8545454545454545,True
95,4.552264669479434,31.413676865669586,0.005839247103120748,0.38365707252010045,0.607717786516462,0.8430193946475074,0.22105294436760622,0.30664220050893737,0.999388379204893,0.9903713892709766,0.9996865531292446,1.0,True
96,15.040629546399517,22.039061767320305,0.13154674643291345,0.12754323328232314,0.464248046875,0.6458346557617187,0.16886686543581908,0.2349176795517406,0.9993006993006993,0.9971305595408895,0.9996992782678428,1.0,True
97,31.896869463801234,21.05338258770434,0.006427723899892218,0.007102727935720813,0.6056894090440538,1.574116007486979,0.22031513674947653,0.5725732995668243,0.9985567535444435,0.992708071410611,0.9972221730745413,1.0,True
98,8.838359024418562,21.097393752643796,0.7961089765604255,0.16736968497677354,0.4832454863048735,9.361629122779483,0.1757770464681872,3.405224805958314,0.9994544462629569,0.8395014381591562,0.9883857278463343,1.0,False
99,7.5917554243398335,31.039159602869347,0.10098835893961437,0.06598175190083845,0.5448817610740662,0.5911433696746826,0.19819679510789856,0.21502412025657763,0.9996602972399151,0.992573623559539,0.9994985558408216,1.0,True
100,5.54381252802868,18.931191784228503,0.5670100402443226,0.07171953292050093,0.5340269528902494,0.46599402794471156,0.19424843723058094,0.1695019534072971,0.9993083414026837,0.9909173478655767,0.9996576671155031,1.0,True
101,13.769515818175243,36.218434680954886,0.9385630899203601,0.35162246407839987,0.5742255449295044,15.605023384094238,0.20887038400730054,5.676214260162905,0.9995196464597944,0.8837990166686653,0.9793964264341284,1.0,True
102,2.9973370314316106,24.65119489933852,0.7319745972898493,0.1289370799698608,0.5789688110351563,0.5076092113148082,0.2105957127072941,0.1846391750230882,0.9993698802772527,0.9813084112149533,0.9996492843208171,1.0,True
103,21.65471746534657,33.68008425875416,0.11598050397510246,0.009024036532141982,0.500469970703125,0.720569356282552,0.1820423279457506,0.26210188571305554,0.9999196270696029,0.9975728155339806,0.9996538594669436,1.0,True
104,3.712599042730822,37.52407869787487,0.04384601377985942,0.3747239024092892,0.6135101318359375,0.6362855972782258,0.22315986803525717,0.2314442786729967,0.9990982867448152,0.9937888198757764,0.999893185216834,1.0,True
105,3.1286230044669874,29.82225330083771,0.04211333851387982,0.279965923228407,0.8535106658935547,0.8932304382324219,0.31045832445750826,0.32490610403533987,0.9998703655690951,0.9635627530364372,0.9994339409034303,1.0,True
106,10.645222455888453,40.10337508757155,0.051203134333785205,0.2750411870417375,0.5679065251754503,0.6320614572298728,0.20657188632771534,0.2299077783173596,0.9987467243933007,0.995627732667083,0.9997996313216319,0.9516129032258065,True
107,10.913328186125772,31.480724549989155,0.05800359252101919,0.03246647521872541,0.49380057198660715,0.6471405029296875,0.1796163824556594,0.23539267200346436,0.9991089329472043,0.9970476592155209,0.9998624610306254,1.0,True
108,9.107567083698976,44.85130404735574,0.8986369199895867,0.3268428199672451,0.6676499122797057,1.566959114961846,0.2428528211461277,0.5699700317337867,0.9997025137587386,0.9797377830750894,0.9983929719305764,0.9772727272727273,True
109,3.4960723492014276,17.920993228556956,0.0943132429716734,0.10883585511532792,0.46815147399902346,0.4599198659261068,0.17028670878751007,0.16729252095596947,0.9994639506834628,0.9879057924888606,0.9997137786936859,1.0,True
110,9.922838220924545,37.721804116364666,0.0278764262388256,0.046153414961520416,0.4417888641357422,0.5653114318847656,0.16069750034110736,0.20562793993427056,0.9999028088249587,0.9951659684176604,0.9996722776701922,1.0,True
111,28.41567410971115,19.304711563219307,0.10865936246870384,0.35080859626768685,0.6412792205810547,0.9104847627527574,0.23326067299062972,0.3311822396412393,0.9968819599109131,0.9970459980306654,0.9994501610242714,1.0,True
112,2.678236193563249,17.824507716829054,0.1073435711359139,0.09736499251296823,0.4761549426663306,1.9291166490124119,0.17319791256221514,0.7017022123659897,0.9990375360923965,0.9283322170127261,0.9981886981940783,1.0,True
113,13.272399134791737,32.11301998614188,0.13713152199860187,0.3190087774408187,0.5416421890258789,1.157181739807129,0.19701842423307572,0.42091647871469023,0.9999532295028296,0.9917491749174917,0.998892492682541,1.0,True
114,23.38485318404385,39.662364835512435,0.13296767438039192,0.26359746532583983,0.598585946219308,0.70621337890625,0.21773130358307086,0.25688000289389873,0.9992607651081131,0.9960539979231569,0.9989442613060996,1.0,True
115,11.191359022041533,34.62107165422588,0.9610046636260194,0.07716200176465633,0.45917012141301083,18.143166762131912,0.1670198068182225,6.599445535256039,0.9911079685457779,0.8378756114605171,0.9607621799792297,1.0,False
116,13.144798141001152,35.166672772051804,0.09134526700929882,0.05159812119169423,0.544276509966169,0.5987835838681176,0.19797663940001753,0.2178031928467333,0.9997090485888857,0.998147919496234,0.9998225009614531,1.0,True
117,12.323739314067415,37.19692614488783,0.05846318266680817,0.1667672105138444,0.6791285705566407,1.484024658203125,0.24702809997752542,0.5398032236152841,0.99812734082397,0.9874949576442114,0.998744790882161,1.0,True
118,2.1650628255244015,15.74556998304571,0.9929720845142297,0.08204835230478161,0.5739087191495028,1.4614446813409978,0.20875514092395692,0.5315899205330475,0.9989642672190575,0.9378109452736318,0.9988611042337212,1.0,True
119,6.43805006983018,44.50079661847218,0.10634362284479436,0.16318839583635544,0.479404479265213,0.6543785333633423,0.17437990797020012,0.23802545316320814,0.9994375070311621,0.9936936936936936,0.9996999080968547,1.0,True
120,2.3062643975213,42.22964754231113,0.563418652770743,0.3501132694332447,0.5197643703884549,0.7465168635050455,0.18906052612075502,0.2715401035796253,0.9983833914745172,0.9557661927330173,0.9993905351760035,1.0,True
121,7.289433366320916,30.47897815319571,0.8430283951942177,0.06940689213519724,0.5117278099060059,1.0530045827229817,0.18613728543790958,0.3830227921709715,0.9988578887257301,0.9848661233993015,0.9990837861746493,1.0,True
122,28.094575216237818,23.706874439716163,0.016115894927001828,0.2043538998660355,0.47447888991411996,1.5748012767118567,0.1725882605098779,0.5728225612853467,0.9996422182468694,0.9926274704169507,0.9974282800514344,1.0,True
123,6.677209313580625,39.013691441059365,0.0019813948534076753,0.1384845464936523,0.5006536668346774,0.6643162388955394,0.1821091460834611,0.2416402215917292,0.999684973222724,0.9941771376034324,0.9996844305944539,1.0,True
124,16.545030974667785,31.26688889633187,0.0821166872143033,0.2933587103512095,0.49816776622425424,0.6463062633167613,0.18120491773679845,0.23508922338498225,0.9994527635441023,0.9966664302432796,0.9995410504844467,1.0,True
125,24.06432773408859,27.92403692095768,0.6607617738029261,0.1474473609468758,0.5032079060872395,21.739654795328775,0.18303823211636244,7.907642015201409,0.9595147039430305,0.8961642617517481,0.9539196179864704,1.0,True
126,2.418761214278702,25.954248157386207,0.03608309601851135,0.025119141899761062,0.5913449337607936,1.9844185678582442,0.21509743773337717,0.7218178849055797,0.9998026757172738,0.9263157894736842,0.9982529068016146,1.0,True
127,10.78188702773781,24.70397046099499,0.07186338325306504,0.01407664544755874,0.4493027453152639,0.5559817620043485,0.16343062021222804,0.20223434007130503,0.9993596584845251,0.9966730038022814,0.9997629463612266,0.9814814814814815,True
128,22.529536990796764,28.466061232753404,0.05200935996734226,0.37218451276185965,0.5223418926370555,1.275372735385237,0.1899980811748735,0.46390759753653804,0.9995061728395062,0.9935070556661761,0.9982134319720188,1.0,True
129,26.54296527741646,34.24558999136457,0.08704553085145302,0.16941580015359792,0.5413546244303385,0.9697180853949653,0.19691382469369997,0.3527279318445097,0.9984208864090957,0.9958851917703836,0.998951981707317,1.0,True
130,2.0226568921823613,40.50019863912107,0.07459709093322149,0.13237326437326424,0.6241392534832622,1.154771272526231,0.22702613406911948,0.42003968869543046,0.9989411877947829,0.9496204278812974,0.9991866292341196,1.0,True
131,11.705003805711831,16.13379286451332,0.9177545996977324,0.1405027041807118,0.8771302700042725,4.700494289398193,0.31904978442349025,1.709770761541539,0.9417619652689538,0.944206008583691,0.8336682823028727,1.0,True
132,6.79898434805346,16.404465696311565,0.14584230447587043,0.028911833907054676,0.507611558244035,0.6706590394716005,0.18464002870160034,0.2439473693731228,0.9987712471841081,0.9880668257756563,0.9994697858256077,1.0,True
133,19.081007868956135,25.719843545826905,0.023842250174963914,0.14919353673681254,0.5545761673538773,1.6864259507921007,0.20172306519509142,0.6134252282090076,0.9976019184652278,0.9876893939393939,0.997799389508057,1.0,True
134,18.51801459878739,34.009136080305936,0.14590253534564557,0.1130497943602098,0.48621537950303817,0.6390185885959201,0.17685732361405587,0.23243838447524814,0.9991417648435671,0.9972082635399219,0.9996498405853191,0.9473684210526315,True
135,11.968993866329553,44.435755789573065,0.06191875338119204,0.03211127164886097,0.6174053192138672,0.6958660125732422,0.22457671423897047,0.2531162233154321,0.9998062819980629,0.9969688619454395,0.9998822282416676,1.0,True
136,19.818351545605957,36.488663398379735,0.1117751191526934,0.03626665264823531,0.49349198774857955,0.7850459705699574,0.1795041371735319,0.28555478728564976,0.9994207096307024,0.9970970738504412,0.9994853319608852,1.0,True
137,4.114146019052445,21.359397465940518,0.11414238946902933,0.23600252545759395,0.529017448425293,0.6656941500577059,0.19242626625521936,0.24214142679952785,0.9985805535841022,0.9906137184115523,0.9997796979413996,1.0,True
138,20.64597353577747,39.57613331010198,0.08665035225645946,0.038176828347286036,0.46630027890205383,0.5535780191421509,0.16961334997547056,0.20135999601065607,0.999410493220672,0.9978828510938603,0.9996698871013887,1.0,True
139,6.162967149272336,29.765394440579644,0.06307719152716482,0.026458079237974372,0.4966733720567491,0.6817326015896268,0.18066134267926004,0.24797529741001428,0.9999508792612241,0.9900990099009901,0.9994870808488812,1.0,True
140,17.87035699678472,17.107554613050336,0.9025848790844411,0.09859819409191274,0.5527977413601346,26.89103020562066,0.20107617561743044,9.78141751964283,0.6569497448158536,0.8438928804702809,0.47296002190580505,1.0,False
141,23.79665876281599,19.841151769241982,0.5746104990855645,0.04821009953018362,0.7492457580566406,32.536385498046876,0.2725327192128728,11.83487462930776,0.8997044582783122,0.7624861265260822,0.8317905095488283,0.9615384615384616,False
142,2.181668906448017,32.8848251442744,0.007177437302466693,0.43404490312068095,0.514129497386791,0.7431804515697338,0.18701088186845274,0.2703265078970775,0.9985522982265653,0.9745762711864406,0.9996723057387458,1.0,True
143,4.124653710837716,31.46735183450891,0.09195477009889945,0.024537808193485316,0.4289745330810547,0.7268544514973958,0.15603638020839394,0.2643880435871502,0.9997728305315765,0.9912280701754386,0.9996836944488375,1.0,True
144,15.077166062511486,31.103227593487397,0.12812585545854752,0.06982367467117567,0.5473384467922912,0.6496183434311225,0.19909039674906884,0.23629396854384574,0.9991902834008097,0.9961504811898513,0.9995745673624549,1.0,True
145,17.42531196383718,23.7760626599714,0.0468755964150884,0.24458288719887933,0.5808656022355363,0.5578743187156884,0.21128565677178826,0.20292274387107276,0.999378753365086,0.9986195178931719,0.9998765453872066,1.0,True
146,5.231685021000914,28.218104873163504,0.13838858647604252,0.23200588107275463,0.5024174946110423,0.6044460389672256,0.18275072566525646,0.21986286988725923,0.9995374225182718,0.9928741092636579,0.9997277585935149,1.0,True
147,8.833846827895567,24.52824015516809,0.07882912673851067,0.15905122360818094,0.6083369621863732,0.5154970609224759,0.22127816503409226,0.18750832320204575,0.9998044201056131,0.9910913140311804,0.9995618263079484,1.0,True
148,6.20231778226516,41.043318176850846,0.08867639437853149,0.02822632367563916,0.5496586958567301,0.6051114400227865,0.19993437054536073,0.22010490470305782,0.9990979613927476,0.991852487135506,0.9997013413668178,1.0,True
149,13.363826246945896,32.60107349165596,0.06685436060197097,0.02521756561616406,0.48877370080282523,0.6783553722292878,0.17778789446207724,0.24674685468467134,0.9993482157405899,0.9969597754911131,0.9997322942383771,1.0,True
150,10.780372500224118,23.123364296727708,0.7489398509340739,0.04957067469735098,0.5550250325884137,0.6915174211774554,0.20188633667392586,0.25153445468331675,0.9995859213250518,0.9949840401276789,0.9995844414893617,1.0,True
151,10.247944415592347,19.583503352093597,0.10428281360016917,0.012094581274432477,0.5073821327903054,0.6428597190163352,0.18455657685407337,0.23383556785209134,0.9998291474457544,0.9952718676122931,0.9995812278399732,1.0,True
152,16.590446349321446,18.86713032995905,0.9962529872831336,0.038224284286367934,0.599625825881958,24.11034917831421,0.21810955228060266,8.769964930840608,0.8691853710674288,0.8606708440840398,0.8644641295669695,1.0,False
153,3.4174165558736784,43.38301717648496,0.1418454424371261,0.07417582790659165,0.491016301241788,0.6075807918201793,0.17860362413310504,0.22100311353881047,0.9982674199623353,0.9708650829224563,0.9994370425971102,1.0,True
154,18.938778874654542,37.63366607767867,0.8344583668421368,0.06786334059162352,0.5489513134134227,4.16012349622003,0.19967706530375612,1.5132147983419064,0.892142680732456,0.9510018701576276,0.953055443140429,0.90625,True
155,13.479698100297574,21.69911589377719,0.05305986184987584,0.15894988478641348,0.629830620505593,0.8100537386807528,0.22909632761236678,0.29465118185497985,0.9988173677986146,0.9957787158409243,0.9996535396697078,1.0,True
156,16.258019210157563,16.856576783607956,0.14103183391246227,0.018802633732228166,0.4833654206374596,0.6317520141601562,0.17582067171322222,0.22979522064142402,0.9991063449508489,0.9931693989071039,0.9990317791595843,1.0,True
157,2.017113735452132,40.88016090828454,0.023041273614749256,0.018887717023666886,0.5540837943553925,1.2295764088630676,0.20154396808216,0.4472495153747917,0.999037072701011,0.9485420240137221,0.9990738168009632,1.0,True
158,7.613911173910802,34.75265564931468,0.8180846855548904,0.04127294392123653,0.5613255500793457,13.590712547302246,0.20417810428927505,4.943523278882263,0.9614371559705377,0.7239819004524887,0.8894141748414293,0.9230769230769231,False
159,8.588250474333933,17.45633722141053,0.024507555744610793,0.061916215248244796,0.5847308060218548,0.5882076394969019,0.21269159666116386,0.21395626966199957,0.9981000633312223,0.9918166939443536,0.9995881464629626,1.0,True
160,2.768296540869077,25.11013023976063,0.08562735674697614,0.05024920506423463,0.5690340154311236,0.5548623028923484,0.20698200274407208,0.201827144925306,0.9998388708066127,0.983751846381093,0.9998112020138452,1.0,True
161,24.20101708347557,15.562535696301662,0.033713458223768346,0.033936191622846994,0.6026576360066732,12.51168441772461,0.2192123512601643,4.551034609979125,0.894022775568027,0.9309749784296808,0.8871572006593736,1.0,True
162,14.67642455625747,42.54452352016116,0.058757077978842887,0.040506332968491085,0.5302059520374645,0.6376556396484375,0.19285857583820526,0.2319426216646996,0.9996112478942595,0.9956532047735714,0.99940132229684,1.0,True
163,2.0522602907116223,41.175012612582975,0.03792515671862899,0.1304993519936101,0.5685030915016351,0.882601449655932,0.20678888300913492,0.3210398864050302,0.9986996098829649,0.9578488372093024,0.9994204578383077,1.0,True
164,8.522768742986822,28.721619253068326,0.14556362268378478,0.1853177100907647,0.497877311706543,0.7149103164672852,0.1810992670091589,0.2600434509572968,0.9960742052189978,0.9890031926214969,0.9987517972539539,1.0,True
165,6.9168336275151985,28.17436930021686,0.032362329833133086,0.07628378264898085,0.5086988176618303,0.7373768397739955,0.18503551144199,0.2682154861302664,0.9995716610982609,0.993260756868844,0.9996259951201268,1.0,True
166,5.834267741807028,28.657746953525503,0.10023992417254417,0.09089225916646992,0.5352098941802979,1.7646689414978027,0.19467872355917132,0.6418855495215782,0.9999455129951507,0.9726443768996961,0.9984182453558947,1.0,True
167,9.185574416762813,42.88087785585422,0.031878549806242454,0.06949745017325128,0.4900778830051422,0.4720536470413208,0.17826228129460117,0.171706095976054,0.9997239856472536,0.9955053830876973,0.9996324596189187,1.0,True
168,9.722176163558654,35.96537620240947,0.07094322867019964,0.12202431643367954,0.5102183532714843,0.7185517883300782,0.18558823151706114,0.26136800997953036,0.9997283346916599,0.9938341512520448,0.9994355880545347,1.0,True
169,2.1775117330166567,15.275657905754334,0.05879921384818259,0.16654238774144836,0.5780508253309462,2.8064197964138455,0.210261802054512,1.020814879690894,0.9970516733047121,0.8719346049046321,0.9909610772920125,1.0,True
170,8.123362770398534,34.30403937896328,0.6273192539382946,0.22300867215086445,0.5449857314427694,0.6643211841583252,0.19823461357666608,0.24164202039525898,0.9982923154193872,0.9916224995725765,0.9996121212121212,1.0,True
171,29.940612004207647,39.062227589264744,0.11539823702266712,0.4420074719524345,0.5483924641328699,0.45523475198184743,0.19947378792457648,0.16558834468360326,0.9994023734312303,0.998588295687885,0.9996456832408173,1.0,True
172,2.586091508143772,18.268098331608297,0.1077284173944298,0.2824937093185293,0.5300483703613281,0.7652537027994791,0.19280125664455786,0.27835549319972985,0.9953860472484604,0.9705882352941176,0.9857270827112571,1.0,True
173,5.002790790602136,16.61534941152998,0.06821330331096444,0.3046448945959256,0.5435917295258621,0.7506866455078125,0.19772755547334347,0.27305683158978655,0.9982815185127324,0.9796672828096118,0.9993507387805693,1.0,True
174,5.048404174472135,17.96552175093381,0.07353929019764717,0.023928472094814673,0.5578892230987549,1.2008814811706543,0.20292816523249071,0.4368119432063297,0.9985286905345758,0.9588607594936709,0.9983370100118785,1.0,True
175,27.676150640143174,28.226772079348486,0.013435304533885828,0.13425394048454967,0.5322879090601084,0.5702178332270408,0.19361587262976426,0.2074126078953254,0.9944300619753668,0.9971462145375188,0.9981027643194255,1.0,True
176,23.145980458103224,40.16374186364983,0.0978508531052598,0.036208481336007556,0.5069255828857422,0.9729223251342773,0.1843905101321613,0.35389345084782,0.9998248993171074,0.9957115901423752,0.9987659121261813,0.9302325581395349,True
177,28.399159775888283,32.91378316304112,0.046789706701556494,0.20666018486879936,0.4989699721336365,1.2579014301300049,0.18149671432757214,0.457552536759475,0.9996584116140051,0.9960361503091802,0.9984628926521014,1.0,True
178,2.380809391711743,21.738998011513125,0.08450814320522074,0.0633180795078957,0.5458059108003657,2.0998254329600234,0.19853294787908207,0.7637962964265208,0.9997587842727346,0.9239940387481371,0.9981663936630565,1.0,True
179,8.539003538990046,26.332957078699643,0.013571941174221003,0.3788130611641413,0.6533472061157226,1.329141616821289,0.23765031534471565,0.4834656388190274,0.9992503972894367,0.984743411927878,0.9961951656222023,1.0,True
180,3.2384630771237983,16.129157417304064,0.5852575028529652,0.10937095788288188,0.5627569198608399,1.2038082122802733,0.20469875468276083,0.4378765204550261,0.999791013584117,0.9461966604823747,0.9983759295666296,1.0,True
181,37.357377572185825,19.659625234365976,0.020674567083674066,0.1945792468718865,0.48696431246670807,1.1682357788085938,0.17712974255657551,0.4249373053592992,0.9997397866250325,0.9972394755003451,0.9985405830183737,1.0,True
182,31.423747535048744,31.88588519052031,0.5032512672323988,0.03229826238611982,0.5291615763018208,24.855200490643902,0.192478691726678,9.040899202240437,0.9992266047950503,0.8930390492359932,0.9628824057875077,1.0,True
183,10.617011205072684,23.50765044614235,0.0680051189833683,0.08917793136359989,0.5509423149956597,1.1490915086534288,0.20040127771247443,0.4179737157138059,0.9972018188177685,0.9884026596567187,0.9988463350827876,1.0,True
184,18.739479297525097,27.643861700664026,0.5950050920226317,0.23196917346641616,0.5816908171682647,83.59866679798473,0.21158582272819604,30.408409710747186,0.9989545216936748,0.6283317548369639,0.878405315614618,1.0,False
185,3.5449176183701114,37.12760504852965,0.027464836467749814,0.026054174807027892,0.5343351010923032,0.8047698692039207,0.1943605239077803,0.2927292125932225,0.9990592662276576,0.9812154696132597,0.9994702310607604,0.9310344827586207,True
186,19.049490438366163,41.049313060686586,0.8545624707494389,0.21013906427161547,0.49268758864629836,22.131846473330544,0.1792115428247221,8.050298898218958,0.8128298546086009,0.880903839619436,0.894049309740401,0.984375,False
187,2.022982852406441,36.0512869254441,0.7758227197343082,0.0672038519674116,0.4945422581263951,2.184551511492048,0.17988616541846614,0.7946147939919492,0.9999267924859807,0.8990476190476191,0.9981090450677592,1.0,True
188,2.3927717312180037,16.25781703296742,0.04168208041405923,0.2038639562234271,0.5082022349039713,1.6358027988009982,0.18485488305956904,0.5950114232339265,0.8854704297691282,0.9418282548476454,0.7861423220973783,1.0,True
189,15.00018418985548,44.23149818221627,0.06288688708693188,0.14923229044507427,0.5823149544852121,1.1321733747209821,0.21181284815786428,0.41181986699989875,0.9979106816401149,0.9904286308780691,0.9987009879328616,0.9459459459459459,True
190,5.056859547896805,37.3448584894051,0.019291002005944507,0.05354263758798997,0.561093521118164,0.7678550720214844,0.20409370543476435,0.2793017224177486,0.9999514193642414,0.994161801501251,0.9998527245949926,1.0,True
191,8.379742408284796,38.46922142223062,0.0542198850159622,0.03610017348298849,0.5136563777923584,0.6087477207183838,0.18683878804183163,0.22142757547581313,0.9994583559018374,0.9955476402493322,0.9997782481604677,1.0,True
192,18.80093992217541,24.037532882549527,0.5544901542530221,0.0673388838176968,0.6592986162971047,51.95042464312385,0.23981509770409823,18.896590791487228,0.9584257740908653,0.7491166077738516,0.8966547427178742,1.0,False
193,4.790072444456244,28.175597719902708,0.07794132282172903,0.0028807556220561354,0.5750417709350586,0.5985359191894531,0.20916728030653742,0.2177131066132063,0.9986164238626191,0.9910490511994271,0.9998803111909037,1.0,True
194,15.801750934393654,28.218357755427984,0.06994332447744789,0.027015053725218535,0.5011623751732611,0.6344067973475302,0.1822941850580695,0.23076087880257568,0.9995584988962473,0.9983193277310924,0.9997957432901671,1.0,True
195,5.575835350075212,27.341432599377995,0.09957120049985112,0.030269529736373278,0.49609519695413523,0.8873953983701509,0.18045103567224377,0.3227836505368978,0.9998670743054633,0.9882084442753899,0.9993907392363932,1.0,True
196,35.67091958197934,15.038977765995092,0.0014678613868645551,0.039691576411621604,0.447613551698882,0.6194547455886315,0.16281618826570138,0.2253221782429173,0.9993093922651933,0.999057018922487,0.9997081686254742,1.0,True
197,21.696417059651477,23.64697299719515,0.06698366395305892,0.1658320382445961,0.5069722896668969,0.7732951466630145,0.18440749938560302,0.28128051017708494,0.9987157034442499,0.996932044792146,0.9995349955904754,1.0,True
198,22.19431413847138,42.292755100296205,0.13236702334118336,0.39864801982476195,0.5503187561035157,0.8489073181152343,0.20017446268064007,0.3087838900359345,0.9991270187690965,0.9963423555230432,0.9992522889832541,1.0,True
199,9.57347613500287,30.73624619152403,0.13823277092943795,0.16944594398862112,0.5650086579499422,0.9086478904441551,0.20551780810786122,0.33051409063975723,0.999311199889792,0.9936370577755154,0.9995465675160968,1.0,True
200,33.75296223243177,18.157985460283165,0.057048132046483596,0.028922060576235673,0.6859478723435175,1.1415361676897322,0.24950857162401321,0.4152255151464015,0.9947643979057592,0.9965011820330969,0.9982046033968903,1.0,True
201,19.33500827021648,18.528066289550534,0.9234051330344615,0.10678901744504003,0.47564612494574654,39.82177225748698,0.17301283380069615,14.484881309649316,0.9968165032471666,0.8078119599032146,0.9468124035447791,0.9418604651162791,False
202,28.65319890688946,43.06056632523376,0.03890794470982361,0.1240283596747841,0.6108716692243303,0.6828042166573661,0.2222001463653636,0.24836508963135162,0.9998145940934976,0.9978514078932489,0.9995887312358627,0.8333333333333334,True
203,23.780407940994273,33.57176781549722,0.0024106842593534794,0.03307218549954852,0.7118403116861979,0.5721055772569444,0.2589267589480469,0.20809926111706928,0.9963520291837665,0.996933962264151,0.9997244116188061,0.9375,True
204,29.305648574944463,29.239715125726836,0.058227179399425975,0.04481310077137183,0.5515190887451172,0.6568484497070313,0.20061107498742728,0.23892386734858814,0.9993818256748404,0.9972698575206893,0.9991459494712651,1.0,True
205,4.657262141907654,42.440500050165895,0.08917240808047174,0.01508336691893547,0.7163299560546875,1.2498046875,0.2605598345776199,0.4546074052562344,0.9981120201384519,0.9697593087842008,0.9988907376594565,1.0,True
206,27.645317898476424,39.44249193191445,0.7525109267987855,0.025590423067943867,0.49492809819240197,3.2328183043236827,0.1800265119486125,1.1759142493962274,0.999549887471868,0.9804483397943705,0.9940999149769407,0.9107142857142857,True
207,18.10402959991736,36.50405964675757,0.07263982132946935,0.07882882335218921,0.5111113654242622,0.9747957017686631,0.18591305822134296,0.35457487803347837,0.9995457298606905,0.9958758073301689,0.9992889668840108,1.0,True
208,4.988343409143152,31.217776930056726,0.749842626851215,0.015249839320154042,0.5855992635091146,3.098241693833295,0.21300749178366357,1.1269629817980937,0.9991277041172366,0.8996781115879828,0.9958994353320785,1.0,True
209,5.118584452609025,28.679114506572493,0.07014040201600578,0.22781723050477218,0.547279021319221,0.5652836070341223,0.19906878116353877,0.2056178188463285,0.9997548819347986,0.9863325740318907,0.9993509377241827,1.0,True
210,3.8850199540780914,38.40141591126407,0.13881458618941217,0.10294202649714267,0.6902523302052119,0.5266370381394477,0.25107428700267287,0.19156040925026765,0.9993793776043975,0.9873015873015873,0.9995966245542701,0.9864864864864865,True
211,16.87038677274579,29.471238524331177,0.7006765447282575,0.03488254287042487,0.6301758289337158,3.214200973510742,0.22922189467844606,1.1691423301209063,0.8436699810448605,0.9719491728602254,0.8462964146481754,1.0,True
212,12.850172060666964,36.7634445154287,0.11107080981481911,0.5504875911372039,0.5266484260559082,0.6407953262329101,0.19156455152242038,0.23308465992536573,0.9989974378968475,0.9972602739726028,0.9998161708385673,1.0,True
213,20.886839899740156,44.898764509567826,0.00551609609818674,0.24925143289909993,0.47146468692355686,0.7970564100477431,0.17149186599787103,0.28992349767823516,0.9995650282731623,0.9944021817137936,0.9985627595017567,0.9473684210526315,True
214,19.843564503614868,39.996856711221255,0.11335946182683526,0.11991081187745249,0.5516974286335271,1.1294671035394437,0.2006759448304792,0.4108354804536938,0.9995447509787854,0.9941972920696325,0.9987124318097109,1.0,True
215,4.624849739991456,28.93050037192238,0.018432410249151147,0.10538198876991846,0.6198490687779018,0.6210196358816964,0.22546561044772453,0.2258913957556664,0.999914845785718,0.9886947584789312,0.9997528626740259,1.0,True
216,3.118210221613475,35.88060421162141,0.0758854704300682,0.19176541881645895,0.6134108777316112,0.5668021148105837,0.22312376507350634,0.20617016505451835,0.9986779044785986,0.9830641985033478,0.9997124692501838,1.0,True
217,3.835340303668899,36.33957345776704,0.09289611939997268,0.21030662436413766,0.6022168209678248,1.1822933397795026,0.21905200798172,0.4300506413718241,0.9998703756513624,0.9720930232558139,0.9990846006201093,1.0,True
218,5.073485855085236,25.4238394774654,0.03525275267544723,0.0881775118075977,0.4733426493983115,0.7277338581700479,0.17217496124975756,0.26470792139655336,0.9996941762418629,0.9870838639257777,0.9993508469418805,1.0,True
219,3.5312440611458102,26.94639520622077,0.04095246742820114,0.32774986282326296,0.6333258492606026,0.742743900844029,0.23036769176308886,0.2701677157316614,0.9999278065214776,0.9859154929577465,0.9996831432192649,1.0,True
220,4.610551115824867,24.876996445047993,0.08956575079619478,0.11995661237548674,0.7223865284639246,0.5421887566061581,0.26276286893590617,0.19721723423271248,0.9993658845909955,0.9856297548605241,0.9997304582210242,1.0,True
221,14.823142368581724,31.108565037892586,0.6029248969593928,0.15205606806041655,0.5197476886567616,2.45747557140532,0.18905445826164383,0.8938889445453088,0.9991117690599556,0.9757734661772417,0.9965222086357212,1.0,True
222,16.934303177669854,43.87445422028849,0.03302434621255688,0.07726316651603356,0.5845786249914835,0.935964539993641,0.21263624191330743,0.34045032411382614,0.9992669965182335,0.995766698024459,0.999285647731155,1.0,True
223,29.155192764767282,19.02021081727531,0.5310616813390392,0.28800206004113127,0.5215883255004883,24.040218989054363,0.18972397658551843,8.744455582309262,0.9984279475982533,0.8822462038009741,0.9650325677065478,0.96,True
224,6.290489320829026,21.53563032636105,0.019556871238028472,0.04169424070796281,0.48806376457214357,1.103847122192383,0.17752966029880715,0.4015163977527014,0.9957598139789359,0.9737680804118657,0.9982702396143485,1.0,True
225,6.150207696026096,34.04084349312349,0.13894784307075847,0.15729208580049994,0.5232457856874209,0.6368940198743666,0.1903268657268643,0.23166558798676162,0.9980234550006588,0.9898167006109979,0.9996911196911197,1.0,True
226,12.011118431166018,22.52291440070943,0.07812114984082523,0.013301348884020327,0.44928749747898267,1.1770546954611074,0.16342507392219016,0.4281451224339733,0.9993771195238424,0.9884405670665213,0.9986258482199776,1.0,True
227,18.96179140643826,39.812001768316605,0.020797265400471603,0.0196258339848758,0.5763188638994771,0.7137869558026714,0.20963181362492864,0.25963483664978565,0.9997250481165796,0.9980875478113047,0.9996856458014067,0.9393939393939394,True
228,12.807691561712147,32.51972582098591,0.1219928394309422,0.06059616271466573,0.5742906423715445,0.7366649921123798,0.20889406273047276,0.2679565566978347,0.9994680079315181,0.992397098662938,0.9989781649994622,1.0,True
229,4.765409667979954,34.62668605796209,0.04279831894785946,0.12379473796271787,0.5405654907226562,1.309077623155382,0.19662678302163897,0.4761675064062094,0.9993532531367223,0.9787635677206229,0.9990326481257558,0.9,True
230,38.166244427491456,20.086212243513696,0.12213852867552823,0.07635492810015265,0.554939693874783,2.3194876776801214,0.2018552953347794,0.8436968473715769,0.9997251992305578,0.9906808672499049,0.9957285657668765,1.0,True
231,2.8630719863766347,30.45326250535511,0.5443265757655041,0.02552800120062709,0.5654484948446584,0.473209026247956,0.2056777955934602,0.17212635679637953,0.9971984553645794,0.9818581638262782,0.9992606588351269,1.0,True
232,2.943739016273687,39.608518156064804,0.051624718594839115,0.28876240625573113,0.5489801956435382,0.6004252676236428,0.1996875710058247,0.21840034342539172,0.9987601109995867,0.982017200938233,0.9997532984003868,1.0,True
233,19.262623934264262,30.16709606036565,0.07850124091994785,0.2088370011662873,0.5429723584974134,0.49942305281355576,0.197502263746604,0.18166151914414058,0.9994530138934471,0.9979303518401872,0.9996758041857282,1.0,True
234,8.92569303083029,31.527259634856986,0.9262916087818578,0.42406245480195637,0.5387793858846028,0.7314530690511067,0.19597710031996238,0.2660607574237738,0.9994334277620397,0.9930372148859544,0.9994998076183147,1.0,True
235,29.11387672822636,22.94735753095195,0.09446941678803737,0.17800879157086916,0.5034511272723858,0.9198995736929086,0.18312670206129752,0.3346068089481776,0.9983010533469249,0.9965404965404966,0.9991017500387177,0.8863636363636364,True
236,10.049694142353138,36.01094914630838,0.08062396179796369,0.13154339896729125,0.5401058495044708,0.7281219959259033,0.196459591856781,0.2648491036947446,0.9994646941457005,0.9913533834586467,0.9991890511898922,1.0,True
237,33.65649201423491,19.134460908373836,0.031162141740879428,0.15362793818503856,0.553617987834232,20.064482782928035,0.20137453433298771,7.298310325592616,0.9214824120603015,0.9034865645125472,0.9467043877066896,0.7888888888888889,True
238,6.568346261014345,30.821339465312164,0.10219426538247367,0.02558701972755864,0.5323105836525942,2.3759073110727162,0.1936241203485945,0.8642190804841933,0.9988847902547825,0.9619329838158195,0.997587265776775,1.0,True
239,2.447937053704975,37.41257841343928,0.8477568635193173,0.09979554823222841,0.5364452004432678,0.5833867192268372,0.1951280572674877,0.21220269482199378,0.9993553100958439,0.9738924050632911,0.999515563703373,1.0,True
240,2.208138744844291,24.90752425243124,0.056679165807748656,0.24196227536547035,0.6918921837439904,7.297250307523287,0.25167077185324227,2.6543219600529944,0.9997593095622872,0.710077519379845,0.9923469387755102,1.0,False
241,2.1846007028320065,31.57557574613693,0.04697773459567048,0.030152076471346042,0.5242166731092665,1.3135938856336806,0.19068001899637557,0.477810264180484,0.999206139190262,0.9561841375485303,0.9991141483168818,1.0,True
242,11.210609903872998,21.737880879063578,0.027518346490168478,0.024654055279978108,0.5039236169112357,0.4843029222990337,0.1832985667461369,0.17616168115418068,0.9988208616780045,0.9960648512513773,0.9998014756973166,1.0,True
243,2.902134631581909,33.43270802616799,0.07516099316554246,0.19808536581345595,0.7504678206010298,0.9046426252885298,0.27297723561445303,0.3290572044414791,1.0,0.9812108559498957,0.9995519936283538,1.0,True
244,5.173018167317582,44.584851817724086,0.048164792872792885,0.0628293907725742,0.47269723074776787,0.8079942975725446,0.17194019488909162,0.29390207506425936,0.9992720213540403,0.9779532741033234,0.9989900495041308,1.0,True
245,3.3204158694382624,44.17753709712409,0.12499505974513497,0.01370291889898593,0.4797486892113319,0.6911870516263522,0.17450511184568046,0.2514142851513052,0.9987894927974822,0.9721385542168675,0.9993815708101422,1.0,True
246,4.719551670871444,38.77517695814519,0.041819851197945894,0.0774202649765651,0.5708170110529119,0.5887399846857244,0.20763055449084605,0.21414990636972814,0.9974779319041615,0.9901380670611439,0.9998417658926382,0.9821428571428571,True
247,26.27471506197151,15.68479874815312,0.06316167632121354,0.1007627705405156,0.577499042857777,89.2211685180664,0.21006109517534746,32.453553998954256,0.9996494917630564,0.2919655667144907,0.8922379665274252,1.0,False
248,38.365266189442835,28.12538487947277,0.01367466138071941,0.1941950979940074,0.5000883957435345,0.6959949361866918,0.18190353281717955,0.25316311834628996,0.9994182664339732,0.9985017379839386,0.9994133037342424,1.0,True
249,27.82949454155095,19.38919906451617,0.11079380276057328,0.09596205062007164,0.4492245810372489,1.8364547729492187,0.16340218852208674,0.6679971259116207,0.9990726429675425,0.9896539832164617,0.9965102286401926,0.9722222222222222,True
250,2.358310046688323,17.663337371890712,0.7800426304821761,0.08198861151446783,0.6391607012067523,2.5130440848214284,0.2324900769084025,0.9141015889294284,0.9984668455346877,0.8916494133885439,0.9976419433062965,1.0,True
251,9.701500552788838,30.187317567982888,0.003524578570704251,0.06301312297897246,0.43670935379831416,0.591504548725329,0.15884986523654596,0.21515549652095675,0.9998255712541427,0.9968775677896466,0.9997179499941931,1.0,True
252,10.911711657916621,44.20011396497226,0.005491996217613237,0.04116217274957341,0.5259577709695568,0.6102623317552649,0.19131333073578588,0.2219785042731969,0.999848797943652,0.9943083395199208,0.9995549388695447,1.0,True
253,8.318079790862932,40.55660436836172,0.02170439000608864,0.2073515131105753,0.5392934163411458,0.8155910915798611,0.19616407517644105,0.29666535387611953,0.9989789964994166,0.9868667917448405,0.9990284794315217,1.0,True
254,11.120713351809428,29.751543664227437,0.07647544196434784,0.007683688894960177,0.6234670003255208,1.6516788058810763,0.22678160685076873,0.6007862058513137,0.998911860718172,0.985608275241736,0.9984070414169232,1.0,True
255,5.5995137955628405,19.20138678286144,0.6906967514261304,0.11602022191331343,0.5081409107555043,4.865381414240057,0.18483257684461163,1.769747259256923,0.9993309545049064,0.8862354892205638,0.9939389579324113,1.0,True
256,20.319721785820054,31.146440825321893,0.11496848980042351,0.14433827551154566,0.5994325437043843,0.7099007054379112,0.21803924728806431,0.2582212412198999,0.9987072511458456,0.9944392956441149,0.9989178065179981,1.0,True
257,4.0634700082988475,42.533037941187104,0.1408613612913671,0.09221431646266061,0.5601464509963989,0.5134568810462952,0.20374921553569655,0.18676622254500486,0.9990721649484536,0.9904809619238477,0.99981426448737,1.0,True
258,27.684043960371863,35.05918535396922,0.043244485664070985,0.11877887054887165,0.5156784573116818,1.138117197397593,0.18757430482513013,0.4139818894593618,0.9993255092405234,0.9952418715305313,0.998442091147528,1.0,True
259,2.7260967793405078,18.798551382453162,0.802934696655487,0.0009037457020271626,0.4356803894042969,0.4299466533045615,0.15847558688894195,0.15638998190058276,0.9996831766818037,0.9676910953506698,0.9992796208530805,1.0,True
260,4.303696494354185,20.651370580650823,0.09831359790200542,0.026674949809389406,0.6368817223442925,1.3147909376356337,0.23166111484924345,0.47824568317835414,0.9975656630365151,0.9605568445475638,0.9981796497395016,1.0,True
261,2.111701290192556,26.7154637507221,0.025459463909340813,0.04233016369013428,0.5416487031063791,1.0362952280852755,0.1970207936826893,0.37694488541375765,0.9992726310917146,0.9571788413098237,0.9992865682002237,1.0,True
262,5.735765275741736,36.67246317802481,0.08531568970529081,0.08848457849035453,0.6053992907206217,0.6006973054673936,0.22020960831007166,0.21849929522123307,0.9997096399535423,0.9932680538555692,0.9996853960863273,1.0,True
263,10.027398792289661,41.64963825171013,0.042534062693640996,0.17179235582771618,0.8619256700788226,0.9757232666015625,0.31351922129694737,0.3549122730249588,0.9973521624007061,0.9899952358265841,0.9994821783032709,1.0,True
264,4.7947425931309064,17.679565456701198,0.12292918831329361,0.03053891409682308,0.5072283063616071,0.6938928876604352,0.18450062360448982,0.2523985134157742,0.999645741816636,0.989010989010989,0.9992922269869686,1.0,True
265,38.69906479912937,25.547749454770617,0.1417476862345563,0.4602062324307502,0.6036639743381076,89.04411994086371,0.21957839954133887,32.38915386100356,0.798562140965223,0.5394055085901281,0.44648242243979014,1.0,False
266,6.526455011661916,32.46818676231739,0.11660935304348352,0.5002177495981427,0.6951695760091146,1.8646377563476562,0.2528628995581201,0.678248482050132,0.9999178981937603,0.9743589743589743,0.9984214680347278,1.0,True
267,12.663892085666058,42.495333772695616,0.1385702893826646,0.25540448277309086,0.5235496922543175,0.5158093904194079,0.19043740953998886,0.1876219307949803,0.9993194192377496,0.9963438838399665,0.9996855646848127,0.9693877551020408,True
268,12.762664555464085,21.389440155312975,0.9346102179493745,0.019969827822379018,0.6319144464308216,67.52936307845577,0.22985430420370825,24.563316840418665,0.9987713615547861,0.6054196959682749,0.9051520116511924,1.0,False
269,16.07590084370602,35.9423170612377,0.6805558767966282,0.6347258090458914,0.5011242548624675,1.7427143096923827,0.18228031907104705,0.6338997111756022,0.971824130658158,0.9855401190813723,0.9923461193385098,1.0,True
270,5.250739449484847,23.565423995616296,0.10486628226821357,0.0890378126955648,0.5649837147105824,0.7023566274931936,0.20550873518515783,0.25547713749409373,0.9993900207392948,0.9928514694201748,0.9997714044558547,1.0,True
271,2.3517359843165657,40.82124156144401,0.09502476268556787,0.3267369645800052,0.5425027880752296,0.6693620849073979,0.19733146090568884,0.2434756115416277,0.998058810841901,0.9623988576868158,0.9994837479895955,1.0,True
272,7.21511168509269,24.654786338065914,0.9365364118817735,0.1334020161769611,0.4629805593779593,10.801835493607955,0.16840582603663345,3.929089444828801,0.9984742142203235,0.8561286281060764,0.9879269572020413,1.0,False
273,30.7509089865027,36.39990523821928,0.14189977538498158,0.22432164645963343,0.49503847152467756,0.7639554947141617,0.18006665944901565,0.277883279409006,0.9991606826447822,0.9970330322410497,0.999091963880341,0.984375,True
274,11.61516469510406,35.102010661220454,0.08748611845146352,0.10339996146257129,0.5408711555676583,0.7179874517978766,0.19673796639569271,0.2611627366522966,0.9995425853078401,0.9940991839296924,0.9993112044082918,1.0,True
275,29.984100070300652,30.20242684178367,0.9148695172270163,0.1921192368233491,0.4833412170410156,59.466874608453715,0.17581186783027372,21.63064503984507,0.9612373251187267,0.691916600587714,0.9073351616516667,0.9464285714285714,False
276,4.5381079144193475,39.511190175372356,0.03201457540760146,0.03609938606734444,0.4508383133832146,0.865264892578125,0.16398917197791374,0.31473383930179555,0.999607935387752,0.982526210683974,0.9992587439701673,1.0,True
277,11.456467883829763,30.06968588860923,0.11906170514392043,0.5428427896644518,0.5340909184636297,1.8987692755621832,0.194271704244724,0.6906635750184639,0.9988346928583319,0.9818809318377912,0.9981055480378891,1.0,True
278,9.206331370435375,41.4233422596038,0.10610384789206763,0.13988348049459215,0.5701048970222473,0.9927939176559448,0.2073715281686016,0.3611215987375953,0.9988057324840764,0.987,0.9989502456029156,1.0,True
279,6.778450781690849,23.8740246587233,0.14295711075073567,0.08303766382627879,0.5425858633858817,0.45706939697265625,0.19736167894839116,0.16625568351436593,0.9994449583718779,0.9916689062080086,0.9995625470261947,1.0,True
280,5.269790280356437,41.47640924558023,0.08635046029934032,0.17025632593872783,0.49888492931019174,0.4605997258966619,0.18146578061633825,0.16753981509740037,0.9991541194383353,0.990578734858681,0.9996878170607977,0.9482758620689655,True
281,2.037339313058411,18.23307497151501,0.053543666235513224,0.07821584056661729,0.5084372127757353,1.1150923336253447,0.184940354558951,0.4056067619849899,0.9970588235294118,0.9487666034155597,0.9993981437486141,1.0,True
282,2.039431319064927,20.847683164162106,0.010417386574224812,0.04200424484185243,0.5688948631286621,2.154202143351237,0.206931387101652,0.7835754310901674,0.9965374778674011,0.9045454545454545,0.9903820464867753,1.0,True
283,2.4462018321388257,22.289717130973784,0.005381202047204864,0.1704365030386127,0.49202594757080076,0.9790590286254883,0.17897087567444553,0.356125632306946,0.9989909182643795,0.96,0.9992619926199262,1.0,True
284,3.71274429872062,35.57553759203006,0.013539831390007655,0.3759261728059228,0.5923434170809659,0.8586424047296698,0.21546062881108322,0.3123249573002811,0.9979194250047286,0.9765739385065886,0.9994531677212718,1.0,True
285,17.554830073499872,18.32024444732454,0.11677051596644777,0.17550280285879638,0.46700040031881895,7.272280524758732,0.16986801407124744,2.645239382378308,0.9992942836979535,0.9576178297405918,0.9908732214738353,1.0,True
286,5.343157925937868,43.94640957463349,0.7949371861134547,0.011749578971988556,0.583774596452713,8.855424344539642,0.2123437823542914,3.2210964832967606,0.9993407252022775,0.7354358300481822,0.9891004452700303,1.0,False
287,20.300845248119657,37.716741893373445,0.0014007641554730776,0.4284208301410375,0.5529513359069824,0.7372153600056967,0.2011320445216699,0.2681567490338209,0.9989706639217705,0.996574652427967,0.9994843158344506,1.0,True
288,15.13666433541218,44.3248869120293,0.1251034174239965,0.11824946431114204,0.539490036342455,0.8264566504436991,0.196235594278194,0.3006176222354493,0.9993173025866646,0.9939267742495228,0.9991222895293458,1.0,True
289,21.154824465817445,21.317169737454478,0.006708296319809786,0.005916520173139778,0.5183017955106848,0.6421764598173254,0.18852852509945464,0.2335870372659238,0.9963883577650308,0.9944404846756949,0.9982898967097613,0.8947368421052632,True
290,31.447003446645308,39.59958064649645,0.14905607300852813,0.009017114928714631,0.5256533026695251,0.7514235973358154,0.19120258259630096,0.2733248924809626,0.9988059701492538,0.9971712805517592,0.999217129750443,1.0,True
291,5.7212542486122455,18.450903122868475,0.12692163280677907,0.12510575653544037,0.6447744369506836,0.6353329552544488,0.23453203263625924,0.23109776203491814,0.998114254021076,0.9905596763317599,0.9998218536932968,1.0,True
292,2.732763528584558,17.760446151011998,0.032153294144251915,0.05626709970812065,0.46237635058025983,0.7105876124182413,0.16818604946153948,0.2584710986601092,0.984879523948883,0.9746416758544653,0.9974604929012224,1.0,True
293,4.215246968424488,16.661770989793876,0.11726686535855523,0.14422714784885368,0.45273628234863283,13.63711929321289,0.16467954444591237,4.960403396676527,0.9943006953151715,0.7217125382262997,0.9735080058224163,1.0,False
294,17.435048870558113,20.222149189610565,0.0582830053652397,0.1597571661299362,0.4807055403546589,0.6767146412919207,0.17485315952051714,0.24615005068671858,0.9994506788040493,0.9965526879716762,0.9995040666534418,1.0,True
295,39.20731713299296,23.63317492031362,0.14830072129039923,0.0485781583309515,0.5272290778882576,2.963349775834517,0.19177575942194397,1.0778970233769216,0.9987831589194451,0.9907416066585617,0.9950500263296472,1.0,True
296,24.0361884971085,36.084624381898294,0.0616522438275543,0.43241021084163006,0.5278816956740159,0.7978976323054388,0.1920131444159154,0.29022948618319094,0.9991345737775854,0.9978973927670312,0.9995909393056195,1.0,True
297,3.8490455129394245,33.95185676781466,0.07894463835110378,0.18615887888812027,0.5393974781036377,0.671673595905304,0.1962019268890374,0.24431640692949053,0.9990984899707009,0.9777440566514921,0.9993416841912773,1.0,True
298,6.89931355570838,23.12859516463304,0.04547964898028945,0.14171995289122288,0.5624719920911287,0.9255614029733759,0.2045951142696872,0.33666625835170455,0.9996658312447786,0.981729055258467,0.99872893784832,1.0,True
299,10.872947744322154,38.12108262912683,0.10371622945523425,0.1000227935126033,0.5443349611961236,0.7588484166032177,0.19799790061166878,0.2760256167264461,0.9989055089383436,0.9929010884997633,0.9993924601102099,1.0,True
300,8.881814710046466,34.258230368479786,0.09919447904778987,0.008586277971645207,0.5181926727294922,0.8249257405598959,0.18848883247795267,0.30006076485051736,0.9994929006085193,0.9932794167900673,0.9994803012041532,1.0,True
301,4.473208920335207,36.63189307692261,0.09221476104084574,0.03632030851043097,0.5855291366577149,0.6296298980712891,0.21298198364925466,0.22902331628031766,0.9992682703740968,0.9845938375350141,0.9994830972810917,1.0,True
302,30.707562180780606,31.169940059104945,0.14960698236787406,0.1590889256535547,0.497446464769768,0.6839373039476799,0.1809425495556649,0.24877724192853076,0.998960498960499,0.997090203685742,0.9991764512106167,1.0,True
303,12.162883485700695,20.03873499984556,0.0017649967836947333,0.15726510474259425,0.5230061848958333,0.660894266764323,0.190239712673871,0.2403955040074615,0.9993495229835212,0.9944266171254855,0.9994167836699428,1.0,True
304,21.7297104947423,26.578023705325307,0.13967726921766524,0.04486138969425058,0.502698276353919,0.712784476902174,0.18285285799109033,0.2592701922086683,0.9992751372061717,0.9979323684386047,0.999654964202536,1.0,True
305,17.36796508804505,39.597075960844556,0.13982649050197454,0.2047571860178525,0.5221538543701172,0.6708003651012074,0.18992968361685766,0.24399877554755497,0.9994009823888822,0.9969191086909794,0.999597506982644,1.0,True
306,21.824429634663225,43.45560380130901,0.10743142739454843,0.05500220973595498,0.5400858128324468,1.1192204901512632,0.1964523036624176,0.4071083490293571,0.9991854466467553,0.993967697995719,0.9985126952087539,0.8703703703703703,True
307,20.94004322723967,38.386976241631885,0.060969121042047054,0.17893283872656163,0.808318724999061,1.1283343388484075,0.2940200831914793,0.410423445499666,0.9953392024857587,0.9932683379758589,0.9990188864361049,1.0,True
308,35.66844185431962,21.814037597878638,0.07977481227169457,0.1735767971868279,0.6185579299926758,82.03643544514973,0.22499596806372021,29.840159368253367,0.9759472429122383,0.6163692785104732,0.8467153284671532,1.0,False
309,30.074792386174565,40.597242188196816,0.07725135410014858,0.15463362740642247,0.5195579528808594,1.1007491217719183,0.18898544324703404,0.4003895225323441,0.9993848677465655,0.9942825423258396,0.9978894231815314,1.0,True
310,4.645706517817597,18.766641117446085,0.14122835589672328,0.21817249020544993,0.5484436750411987,0.7952272891998291,0.19949241552166347,0.2892581682144502,0.9992092361220939,0.9882352941176471,0.9996134790400225,1.0,True
311,16.849773174451858,30.496945540131566,0.8508654760877077,0.02280278051929569,0.573119722563645,3.453340201542295,0.20846814912896666,1.2561274927128838,0.9987998799879988,0.9705991812430219,0.994872943020262,1.0,True
312,4.649690529933043,26.374962708330912,0.09070628756991607,0.007771773625549447,0.5133935024863795,1.0956001281738281,0.18674316905275898,0.3985166133948444,0.9996702934388394,0.978614746249601,0.9990242712525917,1.0,True
313,12.284853478114442,25.975720297533712,0.08452332952940941,0.02769884901425689,0.5838004218207465,0.6973665025499132,0.21235317614491242,0.2536620156794149,0.9998529368510839,0.9910222994497538,0.9990742059535679,0.7941176470588235,True
314,7.697254296073605,42.39031511597942,0.7737022163108048,0.03124852553042544,0.5773110823197798,1.3259478482333096,0.20999272589067117,0.48230392862119276,0.9993113625184457,0.9800133244503664,0.9985271640961512,1.0,True
315,2.7035943724597766,25.97597271856607,0.08646771001520266,0.09180717444674169,0.6660749474350287,0.5292515657386001,0.2422799390881794,0.19251142473269398,0.9979705046678392,0.9764192139737992,0.9997541386657925,0.875,True
316,7.429989794230505,34.92538701445109,0.11960216037697131,0.09496641039630942,0.5000890844008502,1.0267609988941866,0.1819037833112916,0.373476878582747,0.9991224221149627,0.9817117776152158,0.9988123725959408,1.0,True
317,13.164728163482993,32.75032131288437,0.04068255693151427,0.09225070916265599,0.47210365295410156,0.623587646484375,0.17172428526473574,0.22682549101745444,0.9989132797217997,0.9931392545892824,0.9992234140659128,1.0,True
318,7.944967973730599,27.9464511307533,0.1437132584940339,0.01436385215378088,0.48454469045003257,0.7321936289469401,0.176249622568466,0.26633013072349715,0.9994152046783625,0.9923312883435583,0.9994922569179995,1.0,True
319,6.582767725915289,42.48708780648016,0.1300133010819554,0.5851978134790798,0.47566487238957333,2.332336719219501,0.1730196530476381,0.8483705931917589,0.9999406545799828,0.9654272667971298,0.9978902045209903,1.0,True
320,4.911650643056429,34.88907255376385,0.024178866893691867,0.014138487988391003,0.5509661865234375,0.522974853515625,0.20040996080785015,0.19022831611119043,0.9993870671161508,0.989859339221459,0.999639289242978,0.9615384615384616,True
321,9.711104841759036,32.10087000413992,0.7386052714431386,0.5130926163631854,0.47849927629743305,0.6028664725167411,0.1740506469452348,0.21928831402851864,0.9993488170175819,0.9921984396879376,0.9994257573911984,1.0,True
322,9.883323177765465,31.146271814739006,0.03272019229932061,0.04281243756934703,0.44882822036743164,0.5376482009887695,0.16325801519848393,0.19556564000500032,0.9998351603066018,0.9955859832447527,0.9995298051303485,1.0,True
323,9.79580131876945,43.692687480001524,0.044483981757433,0.012594292380704695,0.5186190009117126,0.5728988647460938,0.18864390626719774,0.2083878136970614,0.9990954319312528,0.9919209200646326,0.9993397060168019,1.0,True
324,3.1448345192453764,20.44519138340254,0.0289348317448887,0.019135164633022898,0.5233145017881651,0.5411453247070312,0.1903518607109375,0.19683769343488391,0.9995157384987894,0.9887514060742407,0.9997566095713286,1.0,True
325,27.061158808804397,30.551906866452406,0.023554177333538085,0.23307437298643935,0.5062955220540365,0.9079191419813368,0.18416133006689187,0.33024901366326664,0.9982425307557118,0.994380007174459,0.9983656874078208,1.0,True
326,21.25354050536028,31.309058733667115,0.08940629805596008,0.019798550156015296,0.5372074842453003,0.7316277027130127,0.19540533248078842,0.2661242791537716,0.9993815708101422,0.997132678773134,0.9993902310813937,1.0,True
327,13.861875836841472,37.573246536378704,0.1491363413292626,0.1296891929442686,0.5834451293945313,1.8409130859375,0.21222394109754514,0.6696188049785132,0.9988590552977865,0.9870915032679739,0.9981431706335294,1.0,True
328,3.413283108466632,29.888481400688452,0.9303476292117363,0.09079333984166169,0.5346311841692243,0.6734888894217355,0.1944682219830761,0.24497670680157224,0.9999615517705409,0.9767441860465116,0.9993608181527645,1.0,True
329,2.8106553849178115,15.377935342677938,0.9691830398946023,0.061428185654779546,0.5119747362638775,33.01205082943565,0.18622710311259436,12.007894449313035,0.9981908638625057,0.41694117647058826,0.9619650857407693,1.0,False
330,20.832503647458942,38.426459417971884,0.6621873884864982,0.0168105318687402,0.5254722877785012,2.1983814945927374,0.1911367397404178,0.7996453502020705,0.9987780040733197,0.9861769352290679,0.9967127550124213,0.9642857142857143,True
331,19.23942987742081,21.04102985358049,0.9346432214083396,0.2914903139351331,0.42076746622721356,17.7498735370058,0.15305111906758934,6.4563879724483,0.9995904436860068,0.9019506745724843,0.9765949570153428,1.0,True
332,35.44779055827213,32.412401244885984,0.07355426256924882,0.02038487556351258,0.5347233772277832,0.5916793823242188,0.19450175654055796,0.21521909097658476,0.9993788819875776,0.9990085624155025,0.999701173959445,1.0,True
333,15.819373711707193,24.120777102563302,0.06509199017610391,0.12752510481710416,0.5700824878833912,0.5360033953631366,0.207363377006607,0.19496735386869563,0.9984035759897829,0.9942351521651696,0.9992062155726072,1.0,True
334,25.472415869918702,41.92441909180647,0.07721298419665427,0.10140101011274535,0.5123736683915301,0.7274932861328125,0.1863722117853649,0.26462041505998846,0.999308532706403,0.9970389671917564,0.9992398327632079,1.0,True
335,5.418311063573685,43.63845597264533,0.8815912096050647,0.0478981657026292,0.5546361804008484,2.614580273628235,0.20174489450637334,0.9510346423854865,0.999296041587697,0.9338480435164064,0.9965951396553983,1.0,True
336,18.87188270960764,44.88242837282097,0.0015830617200122132,0.38479533661141346,0.566041161032284,0.6440862767836627,0.2058933736277197,0.23428171935846553,0.999524760003802,0.9984810126582279,0.9997968965797384,1.0,True
337,10.018965903152331,20.47780017048774,0.05818505562329487,0.2793914993003912,0.5190768863843835,0.6820642222528872,0.18881045879233813,0.2480959220250137,0.9975262832405689,0.9944363103953148,0.9997280929427759,1.0,True
338,27.474490494372386,17.70053466910619,0.019334360230905217,0.07029000829797251,0.44374263987821694,0.7636202643899357,0.16140817212016406,0.27776134180596784,0.999530736743313,0.9962597338892636,0.9987641167696569,1.0,True
339,25.63714675452681,28.28872513327029,0.12126401725290312,0.22207397220981612,0.5529191634234261,0.6539149564855239,0.20112034201373688,0.23785683043065675,0.9994089834515366,0.9973837209302325,0.999348321928967,1.0,True
340,33.14331111071988,41.71107629522451,0.048650960156672474,0.13510143058676893,0.5885771942138672,1.539517822265625,0.2140906925143541,0.5599884602176325,0.9984467664501553,0.9953094692294128,0.998146323541691,1.0,True
341,5.007427064835024,35.149968414487546,0.005924778272335251,0.11357427773765828,0.6706336628306996,0.6422337618741122,0.24393813880374704,0.23360788047415645,1.0,0.9922158796056045,0.9995931541403347,1.0,True
342,2.2461067245922637,33.148189444034706,0.9248049978627915,0.00694722398388346,0.6025799022001379,1.7925576602711397,0.2191840761509067,0.6520298690334759,0.9998364677023712,0.925035360678925,0.9984776277468891,1.0,True
343,5.15837302219581,19.265154965387225,0.1285504988736322,0.014092039058517625,0.5973983764648437,0.4736522674560547,0.2172993336840639,0.17228758257632074,0.9983160669180364,0.9919786096256684,0.9949852828954541,1.0,True
344,3.446767251744984,40.9079732933083,0.047788004533236735,0.07379979954852812,0.5434654235839844,0.6625602722167969,0.1976816126015654,0.24100150142727192,0.9987055947073206,0.9862258953168044,0.9997546997301697,0.9615384615384616,True
345,3.5451377731737885,28.77125766443711,0.04411738773228351,0.20867089229482325,0.6174516223725819,1.7798943292526972,0.22459355667767228,0.647423674070557,0.9999388989592456,0.9496021220159151,0.9983964814220919,0.875,True
346,25.06678445261018,20.634946269501018,0.1362934127301902,0.13097735700232604,0.515125002179827,2.106379917689732,0.18737298952848042,0.7661804427860011,0.9998852553069421,0.9916637721431052,0.9976791120080727,1.0,True
347,19.281127471586792,28.620346473609406,0.12286657830010131,0.25514647042318905,0.4828309451832491,0.6487938376034007,0.175626260136884,0.2359940605192495,0.9991477756945628,0.9925340360122968,0.9985784041040855,0.7727272727272727,True
348,28.83812472586333,43.76809209139183,0.0814293840972169,0.23606340344354854,0.4517456122807094,1.3778326851981026,0.1643191953821362,0.5011766623696068,0.9995812979762736,0.9953404370597797,0.9983074869621456,1.0,True
349,10.305380682828616,23.991119905612305,0.11516578154327078,0.2207599238125597,0.67245970831977,0.5407536824544271,0.24460234962802124,0.19669523640137637,0.9440307308690231,0.9928876244665719,0.8258685642528254,1.0,True
350,5.1338179676466105,28.40899335074154,0.08162382092821016,0.2918763067983527,0.5549573200504955,0.7113338563500381,0.20186170672856382,0.25874253948675624,0.9997822773786197,0.9923906150919467,0.9996867308122622,1.0,True
351,12.30115609396979,38.180423898101694,0.07104744066580283,0.07160416782997571,0.5586458626440016,0.7090134701486361,0.20320338738825566,0.25789851580788703,0.9985736360394627,0.9929033767449115,0.9992652139104877,1.0,True
352,9.759298782952893,20.460388722470995,0.8617175154385903,0.19623408922307087,0.5508429139525026,25.427680130843278,0.20036512130278789,9.24913452604423,0.998638529611981,0.6800424628450106,0.9613999233618598,0.91,True
353,3.225841146013043,24.386577003665707,0.1410640546365714,0.1083349782205913,0.5805138980641085,0.553539425719018,0.2111577269261174,0.20134595793244606,0.99929912000623,0.9709104646769928,0.9992356115107913,1.0,True
354,3.032956084315351,43.348980819583474,0.002645862192734,0.40193189935265716,0.6387456258138021,1.9739990234375,0.23233909623977322,0.7180278510703397,0.9998340327666738,0.9309989701338826,0.9980379332897319,1.0,True
355,3.427046835746181,39.61758442411852,0.06838126387145281,0.1473486106595635,0.5492441757865574,0.4882267661716627,0.19978359187137065,0.17758895095033947,0.9988509631632309,0.9819376026272578,0.9996492458786391,1.0,True
356,17.745354140613333,39.216303558305256,0.5490199708055841,0.012820103601257493,0.7885449727376302,1.2739931742350261,0.28682752398790484,0.4634057921575358,0.999734113267748,0.9891234804862444,0.9983679525222552,1.0,True
357,31.99388809175096,43.650727679158706,0.055239587318199924,0.18486128734994783,0.596386734320193,0.6752780213647959,0.21693135617923673,0.2456274905907759,0.9993089945871243,0.9971491465483021,0.9987878787878788,1.0,True
358,7.18739041453342,20.352306626836643,0.1380053796617799,0.03456398839749783,0.5469819002373274,0.5242139239643895,0.19896070552145043,0.1906790190148331,0.9998168162667155,0.992619926199262,0.9995295289754802,1.0,True
359,2.2841718372311264,28.840237473509433,0.020294173908825795,0.2734983399383084,0.45557440781011815,1.5524457605873667,0.16571189203169265,0.564690904171108,0.9995015783352716,0.943768115942029,0.9987037960259241,1.0,True
360,2.215429231412082,38.117934608917224,0.07730018358008874,0.010603662866230486,0.5394257136753627,0.8455152965727306,0.1962121973737989,0.30755006676143914,0.9996182720447894,0.970873786407767,0.9996139691690042,1.0,True
361,9.724624008873986,23.589310192427845,0.08007100094719745,0.41142429070258196,0.5000285339355469,1.750963134765625,0.18188175851798277,0.6369001615663431,0.9995119570522206,0.9813319878910192,0.9982720436126458,1.0,True
362,7.165368434768984,39.16395079821037,0.07377502396159698,0.0482251733445596,0.5786846562435752,1.1945632131476152,0.2104923534594182,0.434513718963458,0.9999585784110678,0.9845769070446019,0.9989484752891693,1.0,True
363,26.28305185256775,37.22108750008924,0.045857953845198286,0.5184776924105969,0.5703860086108011,0.6338745601593502,0.20747378047341214,0.23056728137929874,0.9995649809679173,0.998575391767264,0.9996426869938065,1.0,True
364,2.8953120189768136,24.030039827352528,0.07712616827215192,0.21746383323938492,0.5369451613653273,0.9742046537853423,0.19530991443267534,0.3543598886093173,0.9992289899768697,0.9574898785425101,0.9989682884448305,1.0,True
365,10.658268940325087,33.83422567931964,0.09923230726470572,0.22777300835114458,0.5447315639919705,1.0714893341064453,0.19814216200686166,0.38974648663882655,0.9994392523364486,0.9920660107902253,0.999224341571766,1.0,True
366,2.8569706438934834,34.857792903493575,0.09845520711421411,0.19581757234761582,0.4852074261369376,0.628644088218952,0.17649068787571595,0.22866473508476826,0.998725601985378,0.9680111265646731,0.9992772205665402,1.0,True
367,5.833837038495172,23.298019343475477,0.009293884495779963,0.17817304706499315,0.5455809831619263,3.767916202545166,0.19845113207929826,1.3705522352363413,0.9986919555264879,0.9372434017595308,0.9963220853419033,1.0,True
368,3.2053268536329567,16.50969137280969,0.5503525408312406,0.09759263524370332,0.6893715491661658,1.4251688443697417,0.2507539092774456,0.5183948475076866,0.9836425199103438,0.9174917491749175,0.9832630637536732,1.0,True
369,5.797270579888988,29.785244574228674,0.08744342409133188,0.31849786340593683,0.5043457878960503,0.7205529106987847,0.1834521283849278,0.26209590375104247,0.9994227756246392,0.9904122722914669,0.9995649938703681,1.0,True
370,2.184475964821423,35.50123717163858,0.044621927254231336,0.06922294760831794,0.5674168904622395,0.920337422688802,0.20639378524622448,0.33476607334997416,0.9999268024887153,0.9718875502008032,0.9995785602084212,1.0,True
371,38.026462709167845,41.29464445333343,0.021844587496217427,0.6515570610374909,0.4943567622791637,1.3695425553755327,0.1798186926472091,0.4981611876753852,0.9993009708737864,0.9952926298039767,0.9974370014967912,1.0,True
372,2.2659900631291867,28.995408438812234,0.005750440455954025,0.24944848645658332,0.5173355551326976,1.0535388273351334,0.18817706215849767,0.3832171197801824,0.9999013125431757,0.9694323144104804,0.9994069974303222,1.0,True
373,19.12469055332696,36.6485422639968,0.001399743220897348,0.2794077611265313,0.5135065225454477,0.9766778212327224,0.18678427928086805,0.35525948536012375,0.9995685005393743,0.994861613920355,0.9988705350840039,1.0,True
374,7.632187567956139,36.61027253195748,0.023787305859674944,0.2125109424947461,0.4657405706552359,0.6295179220346304,0.16940976015353174,0.22898258580780032,0.999532273152479,0.9955646537018082,0.999761082513412,1.0,True
375,3.205405726174242,18.29452417481184,0.017665334465816078,0.23502761951121803,0.517426521547379,0.7895448746219758,0.1882101505331512,0.28719123105805705,0.9993045897079277,0.9688995215311005,0.9991351432653982,1.0,True
376,34.00481091116103,16.028966710927328,0.019700584951236777,0.1050147415494674,0.48823336897225217,0.5353361984779095,0.1775913526712431,0.19472466583285952,0.9992548435171386,0.9991381024995027,0.9997688811278601,1.0,True
377,3.019934539293166,42.44747486663317,0.013440601676853441,0.34068623855180963,0.5380159318447113,0.6646602749824524,0.19569939944111409,0.24176536222718234,0.9996220098277445,0.9801574803149606,0.9994880140430434,1.0,True
378,4.358587523244912,35.40613362186522,0.9519405669134584,0.11474088431422726,0.5921491940816244,2.289306386311849,0.2153899816014393,0.8327186211787642,0.9989333965394643,0.9452586206896552,0.9976717572313641,1.0,True
379,2.5698263252901854,38.48151429975147,0.005583078953915277,0.02481198234877253,0.6376691394382052,0.6098567114935981,0.23194753211547578,0.22183096284010742,0.9981488337652721,0.9706959706959707,0.9995431256730738,1.0,True
380,23.025181731974573,17.189466726596415,0.025050960894961505,0.04432328892983433,0.5869411019717946,0.790438034955193,0.21349557580822598,0.2875161116619008,0.9994945921358537,0.9974164513709476,0.9994553833263511,1.0,True
381,18.78779330926981,26.37793454980242,0.7919889532348716,0.003924806341512395,0.6078683679754083,16.634472933682527,0.22110771728293926,6.050669079592867,0.9286837480344095,0.9019983575143717,0.9578435000426974,1.0,True
382,20.753758389411207,32.938230820848986,0.07433121222294553,0.08876942902101283,0.5658428192138671,0.7119862874348958,0.2058212282274615,0.25897985656962696,0.9999641666965278,0.9948514851485148,0.9989612188365651,1.0,True
383,2.894555101714088,29.949133834907823,0.026336919109063044,0.021485838069115932,0.5042582481138168,0.5569800100018901,0.18342028642301497,0.20259744555210812,0.9992559523809523,0.9690585911784069,0.9992401887159189,1.0,True
384,6.272119946205378,31.580617896719858,0.963767626777355,0.03993999595929221,0.6241249442100525,0.6782759428024292,0.22702092917460273,0.2467179628057991,0.9993616749648921,0.9896597731821214,0.9995372968290066,1.0,True
385,12.793933825508155,40.97286746915975,0.9814429075351233,0.254690877685519,0.6396098061213418,2.207211206829737,0.23265343556912074,0.8028570940924307,0.968212927756654,0.9779050736497545,0.9884173221540323,0.984375,True
386,8.234825236943852,44.31857527621816,0.11635864032645632,0.10666020103904303,0.35152694157191683,1.3224713461739677,0.1278653795940968,0.48103937617042003,0.999910997715608,0.9832572298325722,0.9989122990774685,1.0,True
387,12.23297090566792,32.820512799156894,0.067431569053994,0.26762460176085945,0.6236379796808417,2.3618750138716265,0.22684379935320706,0.8591149339850054,0.9997061991969445,0.9821690790853786,0.9976005150114122,1.0,True
388,16.401708418091804,43.10605774590833,0.02954075690536441,0.15541409648447585,0.5307278633117676,0.6237740516662598,0.19304841728507927,0.22689329455260715,0.9997181397221663,0.9979916012415556,0.999710487049863,1.0,True
389,2.4752119256077094,20.202896894365914,0.08291613808824727,0.28456495889551503,0.6788249768708882,0.9584980010986328,0.24691766997265147,0.3486467074262248,0.9983114690219509,0.9615384615384616,0.9994033847004554,1.0,True
390,22.4225277600733,17.521045452222065,0.07754704079974849,0.027962587432614587,0.5882904052734375,2.190332794189453,0.2139863751139083,0.7967176937109263,0.999508116084604,0.9910233393177738,0.9976629089909266,1.0,True
391,4.296738161106206,23.264206308228765,0.08383968893481476,0.09291201674853398,0.4794484306784237,2.5278564901912914,0.1743958949785038,0.919489494126253,0.9999468226535496,0.9480030143180106,0.9978112527359341,1.0,True
392,21.461782662569664,19.592179904731776,0.027034136700949056,0.1832614669792055,0.637287351820204,0.6504838731553819,0.23180865963394773,0.23660879871375395,0.9879255773449668,0.9953753112771255,0.9524183006535948,1.0,True
393,8.07384890688988,17.854865832161064,0.8638738595789038,0.5514483265186385,0.6251387162642046,44.58277754350142,0.22738968141858837,16.21666250805056,0.9989690721649485,0.5846153846153846,0.9468434896975011,1.0,False
394,2.2311978786765754,37.831742314353214,0.012073622395942406,0.12460852072228484,0.5909358005897671,0.8518759783576516,0.21494861850494507,0.30986371870307783,0.9986384266263237,0.9644562334217507,0.999451551884311,1.0,True
395,2.520985187999009,34.50647225946353,0.13519043781181328,0.20114004332159607,0.531927850511339,1.0250941382514105,0.19348490393982934,0.3728705700936566,0.9996461012150525,0.9646621202727836,0.9991514503912756,1.0,True
396,14.827210220517028,30.697000300738488,0.11541880388707018,0.014679749224952554,0.5916687859429254,1.5773239135742188,0.21521523661961756,0.5737401521776454,0.9996595165134491,0.9896322552060257,0.9984180728241563,1.0,True
397,2.847299142853406,16.750812997486715,0.8442294864002438,0.33146450266217564,0.59602233341762,8.725792339869908,0.2167988079895487,3.173943780262054,0.9983072365636902,0.7321225879682179,0.9908761994651565,1.0,False
398,26.50686391674952,44.73289360898329,0.06107471018231145,0.0869842877603494,0.5677067041397095,0.5629978179931641,0.20649920287286652,0.20478637963405305,0.9989777373920945,0.9979510573317354,0.9996004429375436,1.0,True
399,2.836585726297831,23.04510872126817,0.9500332491091388,0.27461666138116203,0.49430165392287234,1.2260881789187168,0.1797986473816471,0.4459806969907684,0.999553827522468,0.9436379163108455,0.9984428138975745,0.9791666666666666,True
400,3.7134604328536533,37.130693499950034,0.0006453441271574822,0.06887885180607417,0.49394047260284424,0.7786018252372742,0.17966727029179683,0.28321077608287115,0.9993924665856622,0.9832512315270936,0.9994753600115782,1.0,True
401,32.19611922558646,43.187183454260065,0.004215993846690347,0.06612705238894596,0.476072017963116,0.5759743910569411,0.17316774930187767,0.2095065141227802,0.9996130030959752,0.9977363107984093,0.999150688457084,0.8125,True
402,21.404302252108064,24.50087172221999,0.07761878445940798,0.016281932145628192,0.5234717707480153,0.5255537955991684,0.1904090661563002,0.19116638761998828,0.9996266334785314,0.9965767878077374,0.9992151668996639,1.0,True
403,3.898926181225627,26.811807320055618,0.9199484166712941,0.02349053951271893,0.4707256618298982,8.61556665520919,0.17122305097132523,3.1338499856096784,0.9992344204562854,0.7940886699507389,0.9908568749267378,1.0,False
404,17.732789245189732,36.03219250550266,0.006060638649388439,0.12363006937106362,0.5090458756786281,0.720916748046875,0.18516175128255694,0.2622282469518681,0.9994909214322077,0.9982346710603742,0.9997555908590982,0.9516129032258065,True
405,3.2222935598873725,37.57570020298228,0.06209632770204324,0.09963194601415208,0.5619751912242962,0.6184883837429982,0.20441440655170645,0.2249706711189836,0.999397318065391,0.98046875,0.9995469744364146,1.0,True
406,8.4420513184639,28.669627484389686,0.769963413830436,0.08195380464210446,0.5390391879611545,0.6573466548213253,0.1960716014440841,0.23910508585141488,0.899108532616386,0.9882685512367492,0.9733952087079061,1.0,True
407,10.36363357637161,41.480725665998584,0.08810650678723206,0.2602003902672967,0.6042701027610086,0.8217770663174716,0.2197988743661999,0.2989154573943508,0.9985509155578975,0.9937022042285201,0.99962478204251,0.9821428571428571,True
408,7.823734539525058,33.069401301837665,0.12187322264599576,0.005462609414153486,0.5345821380615234,0.5578603744506836,0.19445038181654223,0.2029176717456475,0.9996068255091609,0.9937754883022107,0.9996281606346058,1.0,True
409,9.986492682338241,24.056196133672863,0.0671870589950443,0.24621613561272082,0.5746301504281851,0.5483909020057092,0.2090175563277017,0.1994732197121331,0.9998026133986025,0.9941333333333333,0.9997266016586166,1.0,True
410,6.792748460999211,21.12952342208812,0.10240020786862122,0.027022835477710335,0.5419064571982936,0.598453722502056,0.19711454986722865,0.21768320816335088,0.9999223662759102,0.9962982548915917,0.9998144253371273,1.0,True
411,7.878754578542859,41.90159259290145,0.6463056329489527,0.07290078397250538,0.6356571227546752,1.3950326273760458,0.23121567561583223,0.507433016792243,0.9994671538402984,0.973651191969887,0.9979757921262444,0.9921875,True
412,35.95956060402769,43.628297543441434,0.8964617876555083,0.09110472333815646,0.5964796999667553,16.2369121795005,0.21696517176001057,5.906059233992169,0.9690328141353198,0.9337216559184522,0.9633070134695774,1.0,True
413,5.358919559170817,43.5309561516062,0.06338223460331692,0.08391013244025562,0.553424596786499,0.5308430194854736,0.20130418973971728,0.19309030450942027,0.999480981686068,0.991768794585696,0.999685697194594,1.0,True
414,20.319324622275794,34.87309714681039,0.13330974287568184,0.29262822154573326,0.503349781036377,0.6113173961639404,0.18308983810179624,0.22236227631214295,0.9995132240791822,0.997956081966354,0.9996908597533748,1.0,True
415,21.364235350384778,24.465706501141078,0.1253058093634995,0.010709853653378123,0.47001028060913086,0.8581111431121826,0.17096283623233857,0.3121317147337796,0.9997118155619596,0.9968056949895044,0.9993072902453872,1.0,True
416,2.1693087826076756,34.427181833072694,0.1493945868543612,0.05473437450958022,0.672728024996244,0.6249995598426232,0.24469994787621058,0.22733906427786824,0.9976569821930646,0.9712313003452244,0.9997009509758966,0.9629629629629629,True
417,4.387598985323445,32.28836813445949,0.8356689030967575,0.2895760452158338,0.5577574729919433,1.1970603942871094,0.20288024208513908,0.43542205052088806,0.9994365290187556,0.9587280108254398,0.9982717422341113,1.0,True
418,10.90540923144957,19.282646824006044,0.011856435938069893,0.0004119224047899153,0.543132097293169,0.5999153332832532,0.19756036757689327,0.2182148585015039,0.9970016442595996,0.9961302805546598,0.9994157679493455,1.0,True
419,16.017626225217814,30.204228065622384,0.6476607190571632,0.1485850013405057,0.5356085815429688,1.8400467529296876,0.19482374320045207,0.6693036826200292,0.7982576139390885,0.981614291302647,0.933284824230297,0.9765625,True
420,26.33473705772757,36.39581329554196,0.09725226736478006,0.011938819480801463,0.8279241642481844,1.3494630195725132,0.30115141975557963,0.4908574019227331,0.9974311926605505,0.9921331512905532,0.9981956812758279,0.9342105263157895,True
421,3.10284619308353,36.946987642727656,0.042560561748134086,0.12355999074369643,0.5367105603218079,0.7931805849075317,0.19522458000183868,0.28851369434829016,0.9993515756711192,0.9737609329446064,0.9993356143905923,0.9411764705882353,True
422,2.011647505459224,21.824976219065817,0.722411116918452,0.06067219171018268,0.49999245353367017,1.0180875529413638,0.1818686345330579,0.3703219754217337,0.9990289915383548,0.955956678700361,0.9994005484344111,1.0,True
423,6.904239671834965,41.45468649859197,0.003399532430087687,0.23893017179645415,0.47404256360284214,0.6752883648050243,0.1724295499735846,0.24563125294226226,0.9991202346041056,0.9921556322560402,0.9996305873660879,0.9666666666666667,True
424,4.355068171142429,28.880869705978117,0.1286213544527375,0.02358594339451704,0.561734126164363,0.45335593590369594,0.2043267208817052,0.16490493893966207,0.9999376169681846,0.9821029082774049,0.9994793926247288,1.0,True
425,34.270233828691616,16.190684310500377,0.03911446580692498,0.06797860212236259,0.5321042742047991,0.8599033900669643,0.19354907678084346,0.3127836315859411,0.9983410749834107,0.9971503726435774,0.9991139988186651,1.0,True
426,5.511685215989892,35.97635480186252,0.12895906922635542,0.060510018990471585,0.5348020854749178,0.46240093833521795,0.19453038609552764,0.16819499307936583,0.999975445058318,0.9918392969240427,0.9996413413832267,1.0,True
427,19.032733117903952,44.635057460466086,0.138581184050136,0.053127091133135164,0.6072419484456381,0.8560626983642579,0.22087986171488222,0.3113866077894877,0.9990873136598722,0.9950969467350123,0.9991821588564872,1.0,True
428,23.344255185492223,16.904220415048286,0.08610215752929702,0.10536471636313913,0.5160303115844727,1.81610107421875,0.18770228926908492,0.6605936153793197,0.9786491379732176,0.9915282954930532,0.9017988793866116,1.0,True
429,5.85943074500729,20.961261972743088,0.13202758674577603,0.034625537837332215,0.5692524909973145,2.869466781616211,0.20706147164929484,1.0437477640357333,0.9990437942245172,0.9538938395970554,0.9972425136664893,1.0,True
430,9.957123941240463,27.11346145669244,0.06421925681661732,0.17992578944318272,0.5563662846883138,0.6697346369425455,0.20237420741327294,0.2436111246467675,0.9985279685966634,0.9924895688456189,0.9994937441238158,1.0,True
431,30.139301407721575,31.902860757394606,0.09018459025663056,0.5462330076150868,0.47920917062198415,1.8631452672621782,0.17430886586545333,0.6777055999523863,0.9984116899618806,0.9912546641791045,0.9969686471505284,1.0,True
432,33.01688259521656,40.92392783926548,0.029661595429899622,0.09301392844339668,0.5064773559570312,0.5429975069486178,0.18422747083244892,0.19751141131362995,0.999691738594328,0.9987831260140616,0.9995563442768411,0.9285714285714286,True
433,5.156637500599516,27.330381423631685,0.01630090578643273,0.3445629273973458,0.5322828621699892,0.6094503731563173,0.1936140368600279,0.22168316021221293,0.9989888776541962,0.9846029173419774,0.999380012399752,1.0,True
434,16.398624979507773,20.265358886663613,0.03813802772229736,0.09030834275797923,0.5035644922501001,0.7333158835386618,0.18316793775106655,0.26673834270500285,0.9993722536095417,0.9940788360683471,0.9991097326326067,0.8478260869565217,True
435,5.893333325126496,29.220034135277167,0.048347762060008764,0.19613357965620506,0.5405388673146566,0.8061555226643881,0.1966170989497589,0.2932332340059662,0.9995553579368608,0.9871263364608335,0.9993393745247859,1.0,True
436,2.841625328279618,21.20316894941257,0.05839113863162795,0.35001090158874004,0.5676970048384233,0.5582023389411696,0.20649567482225623,0.2030420588529007,0.9983561643835617,0.984375,0.9998773027641934,1.0,True
437,7.3227739265734435,42.83712126083482,0.05575435086194641,0.17925154169100319,0.44528882643755746,0.8224404278923484,0.16197058628520442,0.29915675036381845,0.9999190523731146,0.9919484702093397,0.9996092223524814,1.0,True
438,11.030024195592805,37.062432406435526,0.059625156944514396,0.04370730450653906,0.5108440944126674,0.5419135320754278,0.1858158403261818,0.19711712330255712,0.999757065349421,0.996091117401267,0.999607535321821,1.0,True
439,17.366914689299307,35.72815946048381,0.10149272740640441,0.038543189352067186,0.6373117566108704,0.6956533193588257,0.2318175366998378,0.2530388576987973,0.999340001015383,0.9970947123765252,0.999607072691552,1.0,True
440,2.278228760133456,38.68701666180024,0.8914193047686061,0.07874024357263923,0.42626303213614003,1.435029630307798,0.15505009137362952,0.5219816369908129,0.9990986931050022,0.9402985074626866,0.998702088825796,0.9310344827586207,True
441,8.55404509688165,21.718256897840796,0.052778857575704004,0.09690097698677906,0.49948259194691974,1.1727115313212078,0.18168317607277953,0.42656532792688817,0.9999078595779969,0.9842887473460722,0.9986316025178513,1.0,True
442,4.749125761284529,27.97406873222805,0.060240723179591005,0.04025766629567051,0.5528799588563013,0.7233614061699539,0.20110608163632507,0.2631174736423957,0.9997030752916225,0.9843129052499477,0.9992958621546618,1.0,True
443,4.423068220434109,19.16731383139657,0.06380399854093634,0.05566217458446761,0.5297404479980469,3.4060433959960936,0.19268925211457671,1.2389236221710977,0.9990278047832004,0.9223300970873787,0.9964770325249449,1.0,True
444,3.7517572598807063,28.658061156140317,0.07801595158433293,0.5448924096737346,0.7598709833054316,0.9192395891462054,0.27639756795998227,0.33436674434825514,0.9972470750172058,0.9707401032702238,0.9995004717766554,1.0,True
445,24.72293139256558,20.92898982803551,0.10988709227829525,0.04179458728442323,0.5026315053304037,4.325596110026042,0.1828285705147749,1.5734042634284804,0.999930762307,0.9812903225806452,0.9948580371115583,1.0,True
446,30.642334573938605,17.52251600905052,0.06460859233003911,0.012894551796995068,0.48935901417451744,2.507220099954044,0.17800079796278265,0.9119831566053272,0.9986486486486487,0.9892571428571428,0.9959308240081384,1.0,True
447,25.979309911962734,23.114179502737347,0.12500164760359891,0.28112641706814984,0.4788963317871094,0.7132431030273437,0.1741950730045302,0.2594370141407921,0.9985943210570706,0.9979534407776925,0.9996281899611289,1.0,True
448,3.5287373955245744,15.927384571096722,0.06828387263608877,0.028566213436377462,0.6346904843352562,0.5767806297124818,0.23086406789018665,0.20979977759576796,0.9969452929741739,0.9864986498649865,0.9996948118006104,1.0,True
449,4.224683489505921,43.18127897314157,0.029900713772888613,0.047172501591768494,0.5740216076374054,0.5512473583221436,0.2087962032940072,0.20051223501366758,0.9989620916324816,0.9842829076620825,0.9995972538331133,1.0,True
450,5.476101296742277,29.590032964454277,0.05710638238025943,0.005865460495131049,0.4898978146639737,0.46862428838556464,0.17819678273937398,0.1704586915969707,0.9993758581949819,0.9939527212754261,0.9998296712655425,1.0,True
451,23.149818461397558,42.57511651394539,0.1404279736269174,0.05437006556195569,0.55319555182206,1.1635525352076481,0.20122087629241467,0.4232338094107702,0.9999076007613698,0.9931893928416171,0.9984473197781886,1.0,True
452,22.317990277882245,19.512912152427248,0.07399320517857673,0.39714242274694533,0.4889306640625,1.2165054321289062,0.17784498871121474,0.4424950422345381,0.9989669421487604,0.9933958985053876,0.9986303847843502,1.0,True
453,24.580904860743804,27.834017900085804,0.008783481830460382,0.09099484539519151,0.4176915267418171,0.5168512278589709,0.1519322683526201,0.18800089161968797,0.9994476155404162,0.9973406612888929,0.9993619337161731,1.0,True
454,19.31744138793911,35.51170776291087,0.13855944714522572,0.11733139410125575,0.569263522907839,0.580563690702794,0.2070654844268662,0.21117583863789133,0.9990591678862638,0.9977182658820704,0.9997648331491193,1.0,True
455,2.3274838506520084,18.55002010975992,0.04875175716793343,0.240054853838002,0.6465832392374674,1.1233202616373699,0.23518997137055953,0.4085996112210285,0.999948804587109,0.9478458049886621,0.9989516820737635,1.0,True
456,27.568441466947572,40.66729270122663,0.9467347596920781,0.007522349618166362,0.6611250973819347,10.726182916191187,0.24047946697317585,3.901571367592926,0.9782219570405728,0.9495347348727291,0.9781489023117332,0.9888888888888889,True
457,4.859926338263408,22.340984116862536,0.14783691763883147,0.0315910618905507,0.5273931075115593,1.219369226572465,0.19183542400968331,0.44353672672667876,0.9995068425594871,0.9794319294809011,0.9990505459360868,1.0,True
458,3.0553414469539733,36.07928823368372,0.05627878534605893,0.015616047723308539,0.5001512081065076,0.5582992878366024,0.1819263803593874,0.20307732331160855,0.9991875323140557,0.9785932721712538,0.9995275277266623,1.0,True
459,16.13011899669287,38.18319388002817,0.10554969322305811,0.07673543147526697,0.45136699270694813,1.2560093656499336,0.1641814752537607,0.456864312005267,0.9994313658592062,0.9929336676544336,0.9987329985192874,1.0,True
460,5.138542172437339,39.641055052584846,0.07774471498398484,0.055189723679763956,0.5654356479644775,0.5784021615982056,0.2056731226338185,0.21038959807770558,0.9993508725037229,0.9899759422614274,0.9996696531357926,1.0,True
461,11.600985639205348,39.25460603702789,0.14002384210076074,0.17554226460633002,0.5109046399593353,1.3736774921417236,0.18583786333037264,0.4996652409830558,0.9995198719658576,0.9870760554554712,0.9984331056649257,1.0,True
462,9.615513408261835,33.199788817189926,0.047636202898978075,0.24452198429663632,0.5354647385446649,0.9574038856907895,0.19477142135138462,0.3482487308690993,0.998868351565447,0.9876146051150072,0.9989344786321984,1.0,True
463,6.476360112616508,38.33992073041374,0.0030811679408653645,0.2915444124249882,0.5495250821113586,0.6803271770477295,0.1998857695129775,0.24746408440956266,0.9990898978663161,0.9920564872021183,0.9996554892053284,1.0,True
464,9.4573354799223,30.78614247930713,0.750909873313153,0.2927753426231382,0.6039236099993597,0.5915835646332287,0.21967284013310037,0.21518423798530195,0.9989850140306884,0.9955029585798817,0.9995688315334557,1.0,True
465,3.318079544634821,15.7788277055101,0.026888353258434177,0.2536765584194141,0.47257468813941594,1.6734898885091145,0.17189562090263327,0.608719829223455,0.9987630323378689,0.9136242208370436,0.9975155965328769,1.0,True
466,10.10538678748198,19.225449992364844,0.9156182057077445,0.33395133236775076,0.7080923009801794,13.241384435583043,0.25756344719303664,4.816457707725388,0.9985170538803757,0.8552495340650238,0.9844587594035767,1.0,False
467,2.134877878498709,18.62877587280454,0.12152997081685903,0.183443617090411,0.7989798545837402,0.6200318336486816,0.29062313670056356,0.22553208984607231,0.9968981150083512,0.9612277867528272,0.9996957123098202,1.0,True
468,15.092129611058539,19.22734841105328,0.728288928606512,0.04139221374327838,0.5565543541541467,22.41360825758714,0.2024426163196607,8.152787707008338,0.74679881597765,0.8401673640167364,0.7055563552612638,1.0,False
469,37.28107354123579,23.093615008836846,0.549897843096333,0.06744233382779358,0.5106438773018973,77.52571294875372,0.18574301280190908,28.199416722280922,0.8000953345647381,0.6710637318812792,0.8292466214763754,0.9545454545454546,False
470,6.52249356775211,17.204331538950527,0.11118855271790802,0.3713067417040193,0.5326455434163412,4.2136730617947045,0.19374595953721754,1.5326930650678834,0.9986175115207373,0.9312901631240732,0.9956394872299269,1.0,True
471,2.599430389710098,41.08401321695885,0.05841774063262623,0.22159725296442198,0.6929508050282797,0.6584073702494303,0.2520558376799375,0.2394909134077594,0.9986547085201793,0.9728622631848438,0.9996306250079606,1.0,True
472,26.59302605260285,29.316208216927325,0.1112780389494467,0.02443522661598052,0.5493243869982267,1.0030043752569902,0.19981276811880688,0.36483557875616524,0.9990793107983691,0.9973306215838312,0.9993576449428304,1.0,True
473,39.18236671428383,39.65129842217329,0.03372634610340324,0.02351390810457941,0.5747683455304402,0.549591064453125,0.20906782379547778,0.19990977011201763,0.9995097695917081,0.9987234721557364,0.9995075347188023,0.9318181818181818,True
474,3.4711614559069113,22.262919708414703,0.10254881366517499,0.08826920121564459,0.6898727416992188,0.6992891311645508,0.25093621443221403,0.2543613579162568,0.9979732468585326,0.9823182711198428,0.9997714808043876,1.0,True
475,5.875594255288306,26.018923160840494,0.13819373544444513,0.06638456724054682,0.513784681047712,0.6576416378929502,0.18688545742192406,0.23921238380774928,0.9993868792152054,0.9915966386554622,0.9996602106693849,1.0,True
476,10.221293058285005,34.9298571695813,0.07269587726931319,0.107072084155633,0.5209967494010925,0.6473335027694702,0.1895087950629592,0.23546287429767562,0.9996328254084818,0.9957622739018088,0.9996687046351234,1.0,True
477,6.542265096004701,21.349160380416976,0.1367105685352132,0.14432171973191998,0.6252253988514775,3.139131960661515,0.22742121158204123,1.14183652027089,0.9982751185855973,0.9243912857753097,0.9957881619937695,1.0,True
478,9.968345236168854,30.196188880104213,0.01040254956066614,0.40190866882914605,0.48842159907023114,2.806868076324463,0.1776598200064109,1.0209779382623911,0.99836867862969,0.9723119520073835,0.9966620532443214,1.0,True
479,13.377495743598825,27.484629021355637,0.03057366278677706,0.03996546369575827,0.5132322311401367,1.2546598434448242,0.1866845077683272,0.4563734330750338,0.9989053092501369,0.9915039170252675,0.9989473523623549,1.0,True
480,2.7575217415590774,43.10189173780644,0.012643122682199975,0.08475041266898062,0.5143232345581055,0.5515007972717285,0.18708135236166967,0.2006044215964305,0.9989516974437546,0.9733333333333334,0.9994709210044361,0.9302325581395349,True
481,7.0350161659931,30.103667862830555,0.016866560388382943,0.1395607247760917,0.4878200888633728,0.47758054733276367,0.1774410250241949,0.17371646593684256,0.9996024308513659,0.9959384972439803,0.999802948269229,1.0,True
482,8.118113764383233,17.966578978830388,0.0722939426858185,0.16603532492920187,0.4192742241753472,0.625885009765625,0.1525079630837721,0.22766114027582707,0.9992876478130788,0.9918796992481203,0.9995105890727888,1.0,True
483,8.136735673971524,22.51004295998149,0.8695027019810567,0.42473758550484164,0.522043091910226,5.7032655988420755,0.189889394574102,2.074521564295813,0.998829861923707,0.9298531810766721,0.9939319393193932,1.0,True
484,3.1944318991939125,36.29078839967556,0.008559821539086993,0.05975832858078654,0.5794566285376456,0.8655893662396599,0.21077315279154346,0.31485186424666867,0.999267475931352,0.969760900140647,0.9991271880909663,1.0,True
485,7.7393543922306565,42.207220935175414,0.014421170957862483,0.03150044217448809,0.4451218966780038,0.49905377968974496,0.16190986679390332,0.18152719871925702,0.9989779801170677,0.9960504043633628,0.9998685594111462,0.9666666666666667,True
486,21.033459716819056,19.80757445156307,0.03483711475651255,0.07202551399351143,0.47012996673583984,3.4854507446289062,0.17100637119428305,1.267807470248552,0.9422456947527014,0.980873330927463,0.7646676206582542,1.0,True
487,15.523588760611936,41.53489699605666,0.09181370808199456,0.03499993519236035,0.5606754158116594,0.8751666877843156,0.20394162265701915,0.31833554560925803,0.9992290980447123,0.9935082746639846,0.9990133201776024,0.9404761904761905,True
488,2.2668727925182277,36.23169304149287,0.08387749810738519,0.02499899173615129,0.5714093844095866,1.240975062052409,0.20784602600996752,0.4513956929348931,0.999836867862969,0.9531737773152965,0.9990261976581242,1.0,True
489,10.110676108534319,29.20775587391057,0.05190056245443955,0.24764108674804272,0.543517780303955,0.4756731669108073,0.19770065697934028,0.17302267011967642,0.9996569468267581,0.9977528089887641,0.9998491021578392,1.0,True
490,4.903065355599027,39.086686186062394,0.11610813961123914,0.17931612605363656,0.582355260848999,0.4820059537887573,0.21182750930583383,0.17532617549089116,0.9994727901118856,0.9919861381849686,0.9997440210634096,1.0,True
491,17.091608203151296,26.692771128099892,0.054613182558496454,0.21896219642227194,0.5598387718200684,0.5740655263264974,0.2036372994632078,0.20881217839914967,0.9999823822695161,0.998022412656559,0.9997509588085869,1.0,True
492,22.865984613605015,38.73602984242433,0.1173075291332865,0.2953223115334363,0.5259173711140951,1.345430162217882,0.1912986355808966,0.4893904792618613,0.9999217282404509,0.9925311203319502,0.9980458474257797,1.0,True
493,3.0380776924697006,30.69683935725529,0.14038764298321926,0.15880272469112314,0.4893242972237723,0.6743268966674805,0.17798816992333416,0.24528152586921081,0.9998762529389927,0.9874353288987435,0.9996660404925902,1.0,True
494,10.111264341174552,37.50757231737724,0.09680529793000087,0.1447213532812319,0.5737185478210449,1.1181355714797974,0.20868596748025883,0.4067137177184955,0.9990511942576626,0.9858362084619575,0.9986119373388855,1.0,True
495,28.55441201274271,40.98397068866683,0.056171525226586055,0.05865214969852094,0.4644126892089844,1.290891374860491,0.1689267528926326,0.4695523902753652,0.999921253642019,0.9954635667706266,0.9984380229833761,1.0,True
496,2.553770231480029,22.05103899962235,0.13355853190619388,0.023462133686828982,0.6336409250895182,0.79034423828125,0.23048229831439632,0.2874819938009347,0.9976163234172387,0.9612983770287141,0.9975533030408948,1.0,True
497,34.58343206370509,41.892680631742685,0.08795295616214703,0.09860601952174822,0.408538818359375,1.2082510811941964,0.14860303695316676,0.4394925818517011,0.9995390430533788,0.9963650848976746,0.9983312883435583,1.0,True
498,9.032997328665301,44.35711489456794,0.08390196983808378,0.024136197796631276,0.5275872018602159,0.6516275405883789,0.1919060244235721,0.2370247994612234,0.9987337400713711,0.9913009094503756,0.9994498441225014,1.0,True
499,34.639265923079584,37.113501103118494,0.07767261413657513,0.18536382808440244,0.5370226502418518,0.920478105545044,0.19533810045041503,0.3348172457202491,0.9996142802040029,0.9978469929668436,0.9990946998792933,1.0,True
500,21.676338419444413,37.52750113823757,0.030037737782243883,0.037074720138689315,0.5498532056808472,0.6037505865097046,0.20000512208543983,0.2196099040915995,0.9995602849353619,0.9970997955593591,0.999415787484106,1.0,True
501,18.915446365136123,37.652669916520026,0.11571091421493612,0.08986729444710471,0.5114263498558188,0.9192676184312353,0.1860276315275229,0.33437693979772504,0.9990111248454883,0.9945039051200463,0.9989477750103225,1.0,True
502,34.91852054079208,19.652826597832394,0.7360270331087264,0.1915857854474019,0.5217578676011827,8.885747697618273,0.18978564629699354,3.232126383408049,0.9996742317298295,0.966663194082717,0.9859447055448909,1.0,True
503,3.51020036849961,39.280809701462914,0.03545380400831722,0.10828251990768713,0.6073502992328844,0.61286755612022,0.22091927352917623,0.22292613577154857,0.998966764250043,0.9753030983385721,0.9993279464857853,1.0,True
504,17.059072203070286,23.26459590966946,0.017641528987577836,0.20865351379676664,0.4310137939453125,0.5575625610351562,0.15677814658150238,0.2028093442722131,0.999109650023971,0.9976107899807322,0.9997594354752486,1.0,True
505,2.768058334414651,40.26899332374513,0.8984836887654087,0.008564445535879275,0.5317344665527344,1.3037115243765025,0.19341456192517803,0.4742156268312538,0.9998099220680479,0.9285714285714286,0.9982694580449096,1.0,True
506,8.105495331210257,29.919203564548745,0.07893267149423906,0.035939578592889994,0.5988506862095424,2.043836975097656,0.21782760083753927,0.7434309002908875,0.9988518943742825,0.975049504950495,0.9979707358752536,1.0,True
507,11.140137819902561,41.379274468950314,0.09828005090602308,0.44233726822110686,0.431539587072424,0.5573095373205237,0.156969400024227,0.2027173087281574,0.9991261796574624,0.9957502451781628,0.999725152025286,1.0,True
508,3.70825985038736,42.14165801187442,0.5952746486272393,0.17830587582508123,0.49773677190144855,3.4525784386528864,0.181048146672703,1.255850406977778,0.9992048767558972,0.8515665125834617,0.9955943021717132,1.0,True
509,5.1217928949700315,34.08966245779442,0.11602641316513682,0.05918639313238182,0.5407842848036024,0.5243008083767361,0.19670636778429762,0.19071062259069513,0.9994188749418875,0.9929716052853528,0.9997899012535892,1.0,True
510,8.350206020996861,37.733872014580186,0.10929082433296149,0.22170959426515868,0.5918708551125448,0.5772813890801102,0.21528873781688598,0.20998192518974976,0.9993923813975227,0.9946103750280709,0.999630126708022,1.0,True
511,3.0466410867318348,34.69979594530408,0.6538931083705268,0.0631761664041961,0.47569791008444395,1.6059725144330192,0.17303167026992172,0.5841608732958328,0.9998580472986401,0.9458563535911603,0.9986012207527976,1.0,True
512,7.121003836044144,23.17624094294459,0.14500790080159764,0.013746335165177304,0.5503722920137293,0.5258378421559053,0.20019393598032734,0.19126970749822336,0.9998416970080735,0.9960474308300395,0.9999336253816541,1.0,True
513,28.723526069255232,27.40577390864924,0.04537889802134605,0.3332488762793662,0.5617154679208431,0.5669653550633844,0.20431993408072896,0.20622954251445375,0.9995727712902307,0.9986204590109109,0.9996174499497017,1.0,True
514,4.085143019572842,37.55810422098432,0.6044978332750728,0.1716705556205884,0.6150696795919667,3.9484835085661514,0.22372714223884477,1.436232285315613,0.9995544664736021,0.9080841638981174,0.996209031143529,1.0,True
515,24.899974282654433,35.79545392248218,0.08269924345019858,0.024427766799002073,0.5506215346486945,0.6618270874023438,0.20028459618403274,0.2407348107599977,0.9997443109179238,0.998378111557718,0.9996147177807744,1.0,True
516,4.172504622171294,34.76880009931041,0.026276219604789413,0.15608399276075552,0.6101201837713068,0.7423276034268466,0.22192679897332412,0.27001629056056625,0.9986966438579342,0.9834710743801653,0.999550275456283,0.9166666666666666,True
517,5.37334247324368,36.92495374950964,0.5589900681119759,0.11370812457818519,0.5588462352752686,0.8502349058787028,0.203276271481983,0.3092667904718478,0.9993446442874827,0.9844195742813254,0.9992251356012698,1.0,True
518,5.097276516005629,25.567954398715635,0.01822142835570249,0.03768724323780603,0.6052963688688459,0.632600244486107,0.2201721712317442,0.2301037582804622,0.9985775248933144,0.9892857142857143,0.9997215558601782,1.0,True
519,24.073645372239312,40.55680241111315,0.09775513463260627,0.01428748519088731,0.5635665183843568,0.7197613383448401,0.20499324028339616,0.2618079750390618,0.9986735801278186,0.997223764575236,0.9996315595557661,0.86,True
520,2.232075555864076,15.021738798631626,0.10770933175096753,0.04529012812886197,0.4065122604370117,3.305027643839518,0.14786589118319057,1.2021798737780853,0.9983071342200726,0.8728624535315985,0.9970693352394567,1.0,True
521,9.112921169433085,25.003292511051207,0.07018018642024049,0.1784604046439921,0.3904812024987262,1.8154796102772588,0.14203470993885206,0.6603675623706158,0.9997113997113997,0.9808988764044944,0.9983283016043314,1.0,True
522,9.505408880978921,43.36041241609364,0.750731716017368,0.12313128200181403,0.604897750051398,2.7774643479732046,0.22002717652329198,1.0102825449866921,0.9991315079764136,0.9692259869443581,0.9967373955497136,1.0,True
523,3.8822066577126066,21.853955676886944,0.05658402554864502,0.0891706493532155,0.6031863642673866,0.5777731502757353,0.2194046723364833,0.21016079976382102,0.9993181301613758,0.9921205892428914,0.9998415034529605,1.0,True
524,31.24875623638539,33.507870803396656,0.08275472353268477,0.052559899735760224,0.6168389320373535,0.7015469868977865,0.22437069500471687,0.255182636590113,0.9993383617837767,0.9978472401618875,0.9993755853886981,0.96,True
525,2.483653935256176,39.368003854827975,0.03686535872792607,0.1886946995324179,0.4942903104035751,0.6757623423700747,0.179794521258641,0.24580365884948305,0.999381740743285,0.9850402761795167,0.9997818079139553,1.0,True
526,2.2023715466661575,43.37200430411556,0.9078503751425346,0.040264065204570085,0.6209547519683838,0.9557064771652222,0.22586779470202265,0.3476313108088405,0.9984431759211209,0.9553734061930783,0.9993795960075178,1.0,True
527,2.614924367598501,26.26062938952047,0.09875376334674137,0.06958992210686986,0.5801151644799017,1.2034114714591735,0.21101269047208768,0.43773220885414693,0.9991292990857641,0.9595536959553695,0.9990542125373586,1.0,True
528,4.142071327819105,29.045487579880927,0.056518720137176875,0.03502177214811307,0.5280058840487866,0.6492608252992021,0.19205831703799162,0.23616392391214455,0.999306387540198,0.9908691241122759,0.9997933884297521,1.0,True
529,10.34452995607247,26.902930383253327,0.6243633168052012,0.25007393724765176,0.5418494939804077,8.854238510131836,0.19709382990919272,3.2206651446175347,0.8683063309258898,0.9109364767518009,0.8640372983870968,1.0,True
530,22.59096137670528,29.458605007926757,0.10339683909452344,0.0806032672341419,0.5491832450584129,0.929165451614945,0.1997614287602068,0.33797720494819905,0.9841105130034373,0.9934127822195404,0.9954741769467504,0.9818181818181818,True
531,19.539379312752512,35.1252993403335,0.1250217949714771,0.027770721000407908,0.5594186328706288,1.8476962134951638,0.20348447696257063,0.6720861185110619,0.999114574110147,0.9886980772053428,0.9976430535550609,1.0,True
532,6.786801413351712,21.629964131501236,0.14345230377100157,0.08096969598798626,0.5235331920867271,1.0591425794236204,0.1904314077235054,0.3852554440256628,0.9994382811402893,0.9759436729904166,0.998504570811823,1.0,True
533,13.354352667531893,41.53725951137672,0.1173565118001253,0.07076076568614023,0.510174020131429,0.6455453236897787,0.18557210565838178,0.23481243710562275,0.999226696805663,0.9961840978116969,0.9996138499163342,1.0,True
534,11.388114470858923,24.411479879613392,0.6652585987093567,0.05424593242496041,0.5138077113939368,1.6769492107888926,0.1868938345436008,0.60997813265381,0.9995993589743589,0.9856353591160221,0.9983238885784979,1.0,True
535,6.685100032594816,27.236983401270756,0.05546175250031512,0.12077199150589148,0.5665360586983818,0.5820409502301898,0.20607338907021425,0.21171318109416165,0.9993547554523164,0.9939568345323742,0.9997353447135107,1.0,True
536,20.970453445069626,42.87791778571808,0.9444681417736754,0.15247833594155272,0.6705321357363746,1.405049823579334,0.2439012090583429,0.5110766993767824,0.9868413146668269,0.9901873327386262,0.9945660611706256,0.9767441860465116,True
537,5.1152878801190464,15.624460224613298,0.09544540055649355,0.06654438427432846,0.5385587138514365,1.3168172528666835,0.19589683246578188,0.4789827406711224,0.999010227647641,0.9728725380899294,0.9987759203434731,1.0,True
538,20.369311714832435,37.97112534255328,0.052400530418723085,0.06503234370143449,0.5844426588578657,0.5461789911443536,0.21258678521673324,0.19866865315273707,0.9991624790619765,0.9983403741701871,0.9998669770535418,1.0,True
539,25.025347113896487,28.541245438518757,0.0711500682251105,0.06469512061606625,0.4600141389029367,0.6843596867152623,0.16732681206866176,0.2489308806017699,0.9975035663338089,0.9969298993689237,0.9995233349222169,0.9032258064516129,True
540,31.954137813922966,44.69511628754522,0.6262847581960218,0.11266802502016829,0.5427522659301758,9.21580696105957,0.19742220666895915,3.3521830505293524,0.9565514103730665,0.9600728313174665,0.9083599287105733,1.0,True
541,9.261159202685974,44.90774853637943,0.0069785873404763716,0.0643816997395521,0.5190707375021542,0.6395485821892234,0.18880822218095117,0.2326311658071345,0.9995115995115995,0.9948289578361177,0.9996100258801007,1.0,True
542,8.749450336075038,37.49127358007614,0.06663350851526813,0.22660018111486702,0.48280384855450326,0.5204287834887235,0.1756164039343841,0.18930220157496983,0.9994830098228134,0.9948263118994827,0.9997018707609748,1.0,True
543,19.736470117497614,30.487085392336844,0.07111619271945217,0.018363420346540288,0.5005937576293945,0.6631511688232422,0.18208735454384134,0.2412164357891906,0.9997962094966375,0.9982754372998276,0.9996829581671645,1.0,True
544,4.460312985273826,21.47467496515887,0.05778569335344242,0.23634069188252696,0.42555659750233527,1.3212615303371265,0.15479313089086838,0.4805993144200321,0.9992942836979535,0.9578107183580388,0.9983065198983911,1.0,True
545,7.597344341650002,34.27660230570027,0.044730747091650744,0.0908825292011858,0.5103892326354981,0.7838449478149414,0.18565038764838554,0.28511792395510516,0.9993895526292841,0.9889101338432122,0.9992180672462169,1.0,True
546,9.939942127118908,32.98411746694371,0.05623250278167987,0.28351444082089117,0.44498626045558765,0.6090966929560122,0.16186053010013982,0.22155451160034637,0.9993342210386151,0.9968143643208804,0.9998140424514518,1.0,True
547,16.70658114416511,25.291742335827873,0.090533933272509,0.2925431988804453,0.564714951948686,1.4250668612393467,0.20541097467662622,0.5183577518824641,0.9954772268818346,0.9840142095914742,0.985854928143035,1.0,True
548,39.2061700996557,36.75766501657059,0.1292659565500916,0.1615890849145258,0.6169331359863282,0.6477081298828125,0.22440496100902665,0.2355991421974831,0.999584429976451,0.9987003780718336,0.9994276591258247,0.8928571428571429,True
549,24.305542607591324,42.85316462402205,0.0933579755082498,0.05282825734928308,0.4907156229019165,0.8261368274688721,0.1784942545641853,0.3005012889441906,0.9996926994161289,0.9969905757503762,0.9991690651380677,1.0,True
550,39.43352535246932,15.339411151845166,0.07191899280081801,0.29623300317819606,0.7373205331655649,13.491774338942308,0.2681950050091653,4.907535222001806,0.9965122072745392,0.9474578671576264,0.9792663476874003,1.0,True
551,6.824313264059182,34.03314217211215,0.14240153155319274,0.010686769509519103,0.5777145254200903,0.5729813411318022,0.21013947539708208,0.20841781388515226,0.9995074161239123,0.9867033470884915,0.9991699478556987,1.0,True
552,5.3136442962115265,33.22437329019854,0.06430869622536454,0.0770724897396197,0.609413328624907,0.9635427565801711,0.2216696855321515,0.3504817007036158,0.9998161652062013,0.9859320046893317,0.999436559255185,1.0,True
553,18.824453718174187,24.8785068523931,0.8586463695924451,0.0652700236305608,0.487575888633728,43.99401569366455,0.17735219895891277,16.002504648390428,0.895227082931843,0.8456702724132072,0.9264286683860459,0.7111111111111111,False
554,2.8152829077048795,18.749471177004718,0.9211856481703924,0.07528280887743995,0.45722166697184247,1.8731616338094075,0.16631107062398454,0.6813489807555418,0.9934071729957806,0.9200710479573713,0.9873241277170361,1.0,True
555,4.115687797433005,27.413550180770955,0.09601045185539188,0.08019337881556708,0.5191310414096766,0.6402182328073602,0.18883015729065253,0.23287474637054906,0.999250331584107,0.9877300613496932,0.9996764395829202,1.0,True
556,4.164329388829588,18.84231505194726,0.09529048642876828,0.4034152130099452,0.6085231087424539,3.582161643288352,0.22134587449598145,1.30298535935338,0.9997904881625812,0.9171668667466987,0.9967061599724694,1.0,True
557,7.703518821396151,18.60127529319665,0.01750695031785347,0.37270733941341855,0.6200208356303554,0.6496168567288306,0.22552808939654265,0.23629342776665227,1.0,0.9836567926455567,0.9987663839629916,1.0,True
558,32.97834438981233,24.26796546884688,0.05914716349487876,0.19634513304088352,0.5449443143956801,0.5247632194967831,0.19821954842568773,0.1908788212872984,0.999537251272559,0.9989739875671435,0.9997073324478264,1.0,True
559,15.223733361875707,22.34241430803358,0.08502316516927336,0.15834317763908445,0.5074494101784446,6.856557117808949,0.18458104851685417,2.4940230033489064,0.9992363497518136,0.9528555001916443,0.992121225203445,0.9482758620689655,True
560,5.1158008315618755,34.62492905683659,0.14997144303161525,0.07551060617125945,0.6421816899226263,1.9411175067608173,0.23358893967885586,0.7060674374738942,0.9999485905235198,0.964221824686941,0.9983516728293313,1.0,True
561,2.299796937958008,34.98860565104492,0.0772982927134231,0.028670580780179505,0.4310891524605129,0.8276829926863961,0.15680555769573634,0.30106369534629973,0.9998663280310119,0.9663182346109176,0.9993529763089787,1.0,True
562,27.35520620741172,27.483624419277092,0.0695645135690248,0.0710883327376696,0.5616499159071181,1.0724446614583334,0.2042960900103979,0.39009398004556106,0.9988967691095351,0.9948268303375712,0.9984454409566517,0.9,True
563,5.540560989390108,40.662103250052176,0.06946454948332013,0.16488094135874914,0.5159235000610352,0.6166104403409091,0.18766343735085558,0.22428758280464106,0.999855620686668,0.9891248058001035,0.9995409802621513,1.0,True
564,2.8014087339424285,21.00990437690669,0.027713357947886114,0.05396947784151929,0.5749378204345703,0.952193366156684,0.2091294690646892,0.34635344211788266,0.9989327641408752,0.9766899766899767,0.9995210880878643,1.0,True
565,17.66578404305164,18.543288601926246,0.5641973313995534,0.09614841894986868,0.583500589643206,63.66614804949079,0.2122441143614135,23.15810034712986,0.7376222152774677,0.6851025869759143,0.7201377693096879,1.0,False
566,4.325911797485529,35.64682473446312,0.13792203866940922,0.30458035197382527,0.5628993511199951,0.6764757633209229,0.20475056302193537,0.24606316055448085,0.9993562034397131,0.9823807477438762,0.9993503515744421,1.0,True
567,2.0439505298532317,39.76301682820311,0.016964261311642432,0.1375296321679293,0.5983635783195496,0.994642436504364,0.2176504188696972,0.3617939840836033,0.999442323366651,0.9528439474963539,0.999205328085976,1.0,True
568,10.474235281302095,40.57146174379116,0.044900270443437126,0.5153090381479561,0.5109840393066406,0.6507793079723011,0.18586674426802513,0.2367162609891681,0.9998119417019276,0.9965551727969775,0.9996722147357686,1.0,True
569,17.69079622287072,15.010330013049767,0.7286286329303198,0.09384059150800873,0.5782095102163461,4.9967827430138225,0.21031952253254071,1.8175435411228151,0.9984384759525297,0.9661314262582648,0.9938883676108843,1.0,True
570,3.7185901055856485,35.25248653753961,0.14079810182920724,0.01576041441738812,0.6550480337703929,0.5833179249482996,0.23826897908842778,0.21217767140131433,0.9983363832972884,0.9779559118236473,0.9995684539864063,1.0,True
571,2.7737716858419854,24.602763631208227,0.09842042879259646,0.03780992151877649,0.40067418416341144,3.551335652669271,0.14574233321211405,1.2917726284763458,0.9998882681564246,0.885286783042394,0.9965849586400546,1.0,False
572,3.6037784499048584,31.443350825232045,0.07235188279236963,0.12799826571288425,0.48675419035412015,0.38609886169433594,0.17705331215961354,0.1404406652037363,0.9996572995202193,0.9829092290163312,0.9994282606573608,1.0,True
573,9.35659662580118,15.577739074191566,0.045030880089088024,0.010417733926371598,0.5387818472726005,0.7290867396763393,0.19597799563202364,0.2652000222482669,0.998712584486643,0.9933949801849405,0.999640933572711,1.0,True
574,11.702919076439427,34.12208611191258,0.9711425679746828,0.2573017763035158,0.623720645904541,31.114566040039062,0.22687386859349248,11.317698096836356,0.9985358711566618,0.7285223367697594,0.9576979965039667,0.8695652173913043,False
575,6.312364782560761,29.638870733772443,0.048100210046116414,0.18826571459189,0.47537803649902344,1.2169280582004123,0.1729153185694261,0.4426487694078177,0.9992628086988573,0.9738941261783901,0.99834016793595,0.75,True
576,4.466115070375569,30.657055685583266,0.0011410412852367602,0.1395860381097763,0.5423874765072229,0.676978201236365,0.1972895171577962,0.24624591870807555,0.9983536384590056,0.9884297520661157,0.9997775755737539,0.9464285714285714,True
577,2.3173154790999626,18.762492838340847,0.11367718559157047,0.03142346403591848,0.6643986511230469,0.469530029296875,0.24167019844273904,0.17078814829499994,0.9976205926887303,0.9694323144104804,0.9996276910273537,1.0,True
578,2.6368438270802894,37.59741939616458,0.015337200661221111,0.13548320171078143,0.5942915280659994,0.8986444473266602,0.2161692400756391,0.3268754106405892,0.9991996552361017,0.9644718143060161,0.9992245153220763,1.0,True
579,2.26232916508725,33.948332800767844,0.030774120358128064,0.21813825500127923,0.5170797109603882,1.8280293941497803,0.18808400069338493,0.6649324553813996,0.9995638555172277,0.929384965831435,0.9983045428563124,1.0,True
580,12.22247775240833,23.254160658867406,0.6486710158702236,0.19067267251591152,0.5072411045883641,8.148182262073863,0.18450527886680088,2.9638422969319143,0.9993713064252483,0.8999821077115763,0.9897487139632138,1.0,True
581,11.032580912237119,36.81578795713655,0.581478805513903,0.1508340983981802,0.4235280354817708,0.7493257068452381,0.15405525614468316,0.27256180000581687,0.972718253968254,0.9932444136497488,0.9957164620485707,0.9264705882352942,True
582,3.242514686314876,26.466095968168574,0.10743501396702121,0.008106403824502876,0.5183117907980214,0.49048150104025134,0.18853216081284754,0.1784090944322784,0.9997258771929824,0.9697486152535151,0.9991328993516158,1.0,True
583,18.933679888055842,18.79353693808366,0.11205799641158544,0.40836397654809387,0.5122582220262096,0.5739096364667339,0.18633021900592542,0.20875547459145744,0.9990521327014218,0.9962950488379926,0.9994491058564285,1.0,True
584,23.423314962236525,29.94244575170374,0.14784343403223052,0.03168810775425064,0.4399562526393581,1.258706994958826,0.16003090117921717,0.45784555513287273,0.9987584494413022,0.9944773175542406,0.9985933192040062,1.0,True
585,3.130433572295749,20.617200494787987,0.13750196418008986,0.30202963745081696,0.5051145281110491,0.6841950552804129,0.18373175207169423,0.24887099710943783,0.9949157928185574,0.981062919975565,0.9992313604919293,1.0,True
586,17.47542678167878,41.87771495198626,0.6540750523405097,0.0757058268348555,0.6837216754292332,1.3994981632676236,0.2486988086163095,0.5090573231379085,0.9993055555555556,0.9893856545513027,0.9983851433185305,0.9347826086956522,True
587,5.545166577440581,20.018816685399067,0.9779841884677063,0.25956094453181827,0.5702830676374764,9.092140395065833,0.20743633643975973,3.3072002326173644,0.9981006647673314,0.8128904965471885,0.989646963293779,0.9666666666666667,True
588,3.6185274946065515,26.34864916778951,0.06212618623071983,0.15322748933325353,0.4865193896823459,1.0530454847547743,0.17696790511544475,0.38303766998886496,0.9993425378040762,0.9750328515111695,0.9991776045264646,1.0,True
589,3.1617343959413073,26.985857001368316,0.05600148111001531,0.03238675358968131,0.563335200718471,0.524238041469029,0.20490910015739885,0.19068779158251115,0.9987317691819911,0.9795221843003413,0.999603043334436,1.0,True
590,23.13991771232553,32.731992364423746,0.007910413576256737,0.011327235527774718,0.5336826693627142,0.6008231870589718,0.19412320659039325,0.2185450837386624,0.999338915821948,0.9983246908655764,0.9997004134294674,0.8857142857142857,True
591,22.501811249213308,25.189106643817777,0.107511513231543,0.11827231210347576,0.55035400390625,0.5921202628843246,0.20018728381365572,0.215379458087912,0.9999260409733008,0.994341147938561,0.9986316706057967,0.9117647058823529,True
592,11.700795579209041,29.712338714343158,0.1193957557311782,0.18315155997449473,0.5418905960886102,0.9445852982370477,0.19710878050343147,0.3435860625020504,0.9999334398296059,0.9941281593055911,0.9992886901737629,1.0,True
593,3.206476571724196,41.353405573175245,0.5026626934156788,0.14385897855975005,0.5461579756303268,0.9606962724165483,0.1986610089116829,0.3494463127004583,0.9993254962420505,0.9531459170013387,0.9985826133909287,1.0,True
594,8.362034105366826,43.10549455909344,0.14622482436531303,0.022995825430800716,0.5908485192518967,0.675654411315918,0.2149168705502979,0.2457643997100611,0.9987430683918669,0.9913562784849913,0.9995612414557546,1.0,True
595,4.851679234218861,39.89447145363846,0.6701335685653134,0.023118943262799257,0.5964360918317523,1.6929691859654017,0.21694930961666922,0.6158052826238024,0.9995529727313366,0.9543362831858407,0.9978498352696376,1.0,True
596,34.23559699259339,17.517694196199642,0.6482736673627305,0.47476523560563916,0.588550158909389,35.70497948782785,0.2140808586181125,12.987427749336627,0.9986602357984995,0.8443324167430492,0.944873328259215,1.0,False
597,17.836371975097784,42.77756861824459,0.05158139595904222,0.09657536397092985,0.5107521057128906,1.3426936222956731,0.18578238010272716,0.48839508268041315,0.9993071593533487,0.9932922407541697,0.9987415796876157,0.9027777777777778,True
598,4.133214790918253,31.348130636577505,0.5453251193628732,0.2276575517297312,0.5579852422078451,0.5270960489908855,0.20296309148814895,0.19172737112378566,0.9989503149055283,0.9876543209876543,0.9996653030866494,1.0,True
599,3.1537476173915144,21.271017888151285,0.8840707592311383,0.020079698861539173,0.5806059156145368,14.248893737792969,0.21119119764378763,5.1829319210405576,0.9947992810065908,0.6678111587982832,0.9758645824896736,1.0,False
600,2.454700437559181,22.88391495183609,0.07670385073154203,0.25180738512930834,0.516189131625863,0.5310781611952671,0.18776005890912648,0.1931758356036991,0.999494779386999,0.97968659315148,0.9996105552944337,1.0,True
601,7.117147364326939,25.597379830478236,0.03160837887569597,0.004231111252060155,0.5699144601821899,0.9830701351165771,0.20730225814698178,0.3575846432487019,0.9996070383792516,0.9857926221335992,0.9989515202955714,1.0,True
602,7.578576125204789,17.981338769718466,0.9436979617102228,0.0025258870358281574,0.5020120143890381,0.7664393583933512,0.18260323517058022,0.2787867668366818,0.9982982344182089,0.9881859756097561,0.9993783919477849,1.0,True
603,5.08220064878199,32.15737455982688,0.02163925575825813,0.06658158190809677,0.697166736309345,0.7043515718900241,0.25358935215591333,0.2562027840730705,0.9999692855826525,0.9880624426078971,0.9995398837160664,1.0,True
604,5.952686591385934,32.49874190057102,0.06267036138913037,0.09276567704078872,0.5338935256004333,0.7743151187896729,0.1941999040200559,0.2816515176525501,0.9998284047360293,0.9871649065800162,0.999292588938325,1.0,True
605,24.916516952181627,23.60493589037864,0.060648646105057505,0.09648581191605567,0.5566974986683239,0.5910734696821733,0.2024946841001848,0.21499869464044744,0.9998982671504629,0.9965618860510805,0.9992866484365711,1.0,True
606,11.684401532872297,29.985155764870374,0.0990571171023284,0.12148043617891781,0.6186197721041166,1.8187132615309496,0.22501846268395875,0.661543779599313,0.9999840258142841,0.9864917020455423,0.9983672685363043,1.0,True
607,5.96959924598234,42.62238818313083,0.924616986177304,0.029836641647276042,0.5004522296744334,1.9077285981514085,0.18203587477502658,0.693922463735939,0.998597833014659,0.9610609480812641,0.997962752049279,0.9861111111111112,True
608,4.818505643435653,15.514779210631378,0.13236961811074033,0.1584320538723847,0.7043147616916232,2.584331512451172,0.25618939462994444,0.9400318745382742,0.9946830265848671,0.9028213166144201,0.9966508765048426,1.0,True
609,29.258597159830842,17.68113752193925,0.13388941646174993,0.18803023801975233,0.5253518711436879,1.0219518488103694,0.19109293906143998,0.37172758506276093,0.9227587447172017,0.997106158298218,0.9846527473268796,1.0,True
610,2.738762567401256,40.39028040390014,0.0602971364734556,0.32298357990726395,0.5158389922111265,2.2269635354318926,0.1876326982323717,0.8100418605950723,0.999228593468758,0.9252782193958664,0.9978407315641263,1.0,True
611,7.521768604464998,20.46433815276229,0.5964515738577945,0.33162049683784955,0.6350754631890191,10.342328389485678,0.2310041011606153,3.761947062990171,0.9426439278264048,0.7549668874172185,0.8411008769510783,1.0,False
612,31.84875217610626,29.364932811627952,0.8591300949076457,0.2751407752438641,0.6141634231958634,14.550731561122797,0.22339749803695472,5.292723243672449,0.9957627118644068,0.9364234262449107,0.9784005900326626,0.9285714285714286,True
613,30.914946878415442,18.1134252391927,0.006447937071113374,0.002244987333380323,0.5093627630495557,1.5216620950137867,0.18527701676915392,0.5534935687228995,0.9982130092923517,0.993470341604234,0.9977149923385037,0.9107142857142857,True
614,2.826969475709965,16.69670275848488,0.1434394064778296,0.0144519805553875,0.6265656320672286,5.28311458386873,0.22790871170965682,1.9216946749081014,0.997393117831074,0.8211306765523633,0.9946171721034209,1.0,False
615,16.99009063720293,34.197247864567196,0.06426118567593107,0.25096614003177725,0.5306738394278067,0.566237555609809,0.19302876648847483,0.20596481073320347,0.9994225216554379,0.9975433424580613,0.9996956262820089,1.0,True
616,4.03489477969846,28.90653388002927,0.6524346627769925,0.0415862703042726,0.5754950150199558,0.5726820904275646,0.20933214456048338,0.20830896360835685,0.9969450101832994,0.9835361488904796,0.9988269648339032,1.0,True
617,2.3630021953541593,39.503361476271756,0.007278493189262996,0.09034831561114366,0.6693124453226725,0.49889939626057944,0.24345755550212353,0.18147104286478674,0.9980835966229865,0.9705619982158786,0.9997138091995539,1.0,True
618,4.8816849901656285,25.419385412347424,0.1376118504975179,0.18314137043469728,0.6487472001896348,1.2496009649232376,0.23597709649769316,0.45453330264409,0.998933739527799,0.9548054919908466,0.9979842660768778,1.0,True
619,11.494258912901078,34.34275975600393,0.07443269954225751,0.027674248436350166,0.6467832837785993,0.4760889325823103,0.23526273612387594,0.17317390187213103,0.9998460828074496,0.9947003668976763,0.9997473471450228,1.0,True
620,24.096902063804652,25.091981079073854,0.06439089349290586,0.1405650123701281,0.512842990733959,0.6385876690899884,0.18654292438906553,0.23228164062524886,0.992640432562331,0.9974315914254668,0.9982863819291186,1.0,True
621,27.368791466689196,26.556448732996284,0.07656420750586217,0.001209523388043093,0.5612768875925165,0.5426737467447916,0.20416040366205543,0.19739364588383224,0.9991662034463591,0.99817773445777,0.9996505988735308,1.0,True
622,26.925632903306767,33.62051037651425,0.5916113566639006,0.22680671050438567,0.636596543448312,17.611975533621653,0.23155738309080776,6.40622857223523,0.8027370807270895,0.9320935474781629,0.6623101135897085,1.0,True
623,15.694214057469928,18.771418655452102,0.049394396871996066,0.19194028053287784,0.6580187479654948,0.6303415934244792,0.23934955486598752,0.2292821903116624,0.9982552677492954,0.9945477422060673,0.9994448714663934,1.0,True
624,34.46825377179315,40.38505093626303,0.14950669427059068,0.11826834928620765,0.5170543232902152,0.7108984775230532,0.18807476611219134,0.25858417359101377,0.9993852207057666,0.9976913842460061,0.9991181917051233,1.0,True
625,26.6025869581871,31.659116986251966,0.09404593553030216,0.03518027959514715,0.6399655115036738,0.6851021902901786,0.23278282082628526,0.24920096090068555,0.9984261410477404,0.9977248233744461,0.9996962712833432,1.0,True
626,6.521576515308238,15.48122205227451,0.13120983612230092,0.5408659371825052,0.7224421501159668,18.21291971206665,0.26278310090908075,6.624817665714462,0.9968944099378882,0.6754966887417219,0.9689139055903799,0.8888888888888888,False
627,22.524051433014087,23.394385946593086,0.09619556089696014,0.18109820569237556,0.4818167435495477,3.403339854457922,0.1752573516364479,1.2379402285129022,0.9980331553807249,0.9837353657578377,0.9955571119038761,0.890625,True
628,4.81974546909308,15.455815723046394,0.04737812476472681,0.04086682590290037,0.4555268721147017,2.898621992631392,0.16569460126669036,1.0543527609299457,0.9947257383966245,0.9064039408866995,0.9892647356694348,1.0,True
629,3.7801094144033573,15.317421008039663,0.13197852456764958,0.08961179806564423,0.546154679923222,0.5121023243871229,0.1986598101220877,0.18627351236856068,0.998813134643281,0.9848024316109423,0.9996810461685671,1.0,True
630,29.917987488130752,37.878424371080676,0.10908417794472897,0.3050746496624068,0.4933409143666752,0.6991802278112192,0.17944918532478488,0.25432174511005046,0.9992581969239899,0.9979569160184952,0.9994531819602125,1.0,True
631,5.850413515770292,41.25692688478542,0.002203005321260093,0.08752064045521446,0.49814605712890625,0.6004512023925781,0.18119702121056092,0.21840977700979855,0.9992517770295548,0.9934296977660972,0.9997475385003787,1.0,True
632,8.75290340094043,22.559181567945263,0.11201258251064466,0.02950663594334285,0.4745635986328125,2.09173583984375,0.17261907269292742,0.7608537655071305,0.9999736474556619,0.9689578713968958,0.9971997352476961,1.0,True
633,3.8793506861247034,42.55572269060113,0.12832428015068012,0.21604265175727183,0.570204226175944,0.7289126078287761,0.20740765842901746,0.26513668304960253,0.9988852857721929,0.9761663286004056,0.9992741935483871,1.0,True
634,20.97980000237645,38.9509987117862,0.135228837639426,0.005377959115671639,0.5290055428781817,0.6994776571950605,0.19242193569866559,0.2544299328947398,0.9995004314455698,0.9970478252312537,0.9994210296220151,1.0,True
635,10.331479133006487,35.12419937330496,0.8247670613609308,0.2450800739849294,0.5808570311241543,1.7807672244986308,0.2112825390920864,0.6477411833956406,0.8279203301632873,0.9806925498426023,0.9630961783826478,0.9150943396226415,True
636,17.278690503344066,42.622996139668054,0.12293105115694684,0.5518723301547603,0.5265643119812011,0.5032032012939454,0.19153395563681477,0.18303652078186905,0.9997403721332756,0.996542783059637,0.9993706947869717,1.0,True
637,8.872357680524422,19.302251052118226,0.007486979834825075,0.06793775619334341,0.49685251990029977,1.7915289235669514,0.18072650641014407,0.6516556735063985,0.9995642068564788,0.9736801121320666,0.9975985267034991,1.0,True
638,30.570084170817474,24.124065991442208,0.1148292699267342,0.033958940805539656,0.54793701171875,1.2514785766601562,0.19930812040686624,0.45521627031762835,0.9796822307601967,0.9940298507462687,0.9207266191668272,1.0,True
639,4.365962999036542,15.73229994739189,0.8303731623179617,0.23495690481654205,0.7262280782063802,3.8454208374023438,0.2641602048381053,1.3987439849554377,0.9979529170931423,0.8641202254226675,0.9950831074760751,1.0,True
640,3.246523859470467,32.42743207717139,0.020275274465265496,0.26722031477842534,0.42582675388881136,1.095358031136649,0.15489139832024965,0.3984285523505925,0.9992808859485114,0.9711479435236341,0.9991386735572783,1.0,True
641,10.589934078058997,26.748885070737458,0.0738171035605928,0.036588251318290334,0.535546854922646,0.6300422266909951,0.19480129058927145,0.22917329783006873,0.9991452179694178,0.9965549639837143,0.9997865668456222,1.0,True
642,39.50510836653516,41.80068569255397,0.0006080766358656231,0.15748159716946492,0.5711032322474888,0.6409076509021577,0.20773466537784888,0.23312551721046287,0.9875650972473164,0.9910205003670864,0.9987763663908635,0.7,True
643,11.155265759585559,44.43463505207034,0.023697505820412208,0.40449402448169286,0.48649570859711744,0.8733546816069504,0.17695929129216734,0.3176764414829581,0.9989299726548567,0.9929804591159173,0.9993874425727411,1.0,True
644,12.35163479458536,24.219662891867166,0.06677866829283415,0.06981983482385656,0.5186256202491554,1.046878092997783,0.18864631400326196,0.38079432589527473,0.99944279346211,0.9915806626833242,0.9990285198806468,1.0,True
645,7.832395539767087,35.894082996947255,0.030880971020802075,0.2571633076544403,0.48389261960983276,0.5232237577438354,0.17601243652198106,0.1903188532218892,0.9994475574145687,0.9935072889868921,0.9996002746830384,1.0,True
646,7.182535713128086,44.73947043987107,0.05906142263115515,0.1329217249685578,0.49882954359054565,0.5785720348358154,0.18144563446186437,0.21045138823783593,0.9994053336992819,0.9912363489281381,0.9994891643908286,1.0,True
647,11.941488983683199,23.42163173950714,0.10487930762465478,0.38941484227802764,0.6915014440363104,1.4113259748979048,0.25152864311391554,0.5133596039733703,0.9993512812195913,0.9892580564576567,0.9988821050821223,1.0,True
648,2.6978386582428207,44.361438106674065,0.05015725651624218,0.3196697994936929,0.48081147043328537,0.6318622388337788,0.17489169081957898,0.22983531406831856,0.999107009971722,0.9792843691148776,0.9996655678180689,1.0,True
649,7.004746918548369,22.071841033012717,0.007932081358527554,0.04659596063316973,0.6073570251464844,0.7168483734130859,0.22092172003154595,0.26074840513788294,1.0,0.9957805907172996,0.9997379945353146,1.0,True
650,2.807314868929038,17.69644707006821,0.010699687983339728,0.1709012047680859,0.49446171086008955,0.48272518995331554,0.17985686693358935,0.17558779243776812,0.9996473906911142,0.9875283446712018,0.9997459779847587,1.0,True
651,2.7881664672234296,26.13030126110693,0.06452107797636002,0.03212904988878804,0.5275692659265855,0.6793728996725643,0.19189950035758793,0.24711697292425822,0.9990111597683289,0.976303317535545,0.9995415547842033,1.0,True
652,11.23888656306728,33.867365634385344,0.07822086007147029,0.0675953623941004,0.5410299028669084,0.7458352225167411,0.19679570957630751,0.27129216160588443,0.9995193694126694,0.9954545454545455,0.9995827058802185,1.0,True
653,27.85356920880874,40.342182988623705,0.6936640145509949,0.008160685164480251,0.5706716000455098,12.589489983123483,0.207577662289823,4.5793358210037285,0.8831724782067247,0.9552042616486215,0.9374734529476382,0.8583333333333333,True
654,9.174047898649981,31.62814161167603,0.03236936143191517,0.40217164846382636,0.6069365001860119,1.0824799310593378,0.22076875712219063,0.39374423669765046,0.9996282527881041,0.9846250392218387,0.9986353474057084,1.0,True
655,31.84836117945052,27.84724273979598,0.03527729943769584,0.08979052253627073,0.5025453082585739,1.04988305043366,0.18279721695404885,0.3818873574037115,0.9995099131209624,0.99609375,0.998172239544135,1.0,True
656,22.690791610403597,44.2482249097693,0.8074085036338547,0.0735450776179441,0.4731332082597036,2.0938875713045637,0.17209877855214992,0.7616364422453378,0.7155077262693157,0.9849863776012985,0.9345974127439638,0.65625,True
657,15.349997183551075,37.80925053262996,0.12063136082997794,0.2735511653688577,0.4591124653816223,0.6479088068008423,0.16699883485429162,0.2356721369733171,0.9994837377387713,0.9950132364710952,0.9992414777797608,1.0,True
658,35.195641160103214,17.97648620055298,0.030472837473585482,0.02619473129869626,0.4714873631795247,4.366217295328776,0.17150011432178083,1.5881799254447977,0.9995826377295493,0.9802542602109818,0.9908285895003163,0.96,True
659,15.477762603397332,38.801863891391754,0.0035923927336800276,0.028690636952036035,0.5387601256370544,0.7114601135253906,0.19597009454437989,0.2587884646200639,0.9995522053884618,0.9942405026470417,0.9990009760578745,1.0,True
660,18.050863608298904,42.90342705246297,0.11986254452779925,0.1407443560251955,0.46942758560180664,0.7052977085113525,0.1707508851427125,0.256546934418114,0.9994296994955034,0.9966322988446195,0.9994155727387161,1.0,True
661,9.403320652776925,20.158919494744893,0.10342475764605179,0.30410786492514114,0.557626451764788,0.5806623186383929,0.20283258406248456,0.21121171383530163,0.9984354999288864,0.9877029021151008,0.9991567020563497,1.0,True
662,6.224387434140357,27.89345553053656,0.03269681751930637,0.033279640802618415,0.5013985052341368,0.7171669936761623,0.18238007565789785,0.2608643009514512,0.9998632759092152,0.9943167778601433,0.9996783728730492,1.0,True
663,3.5506990085226895,39.2885177281905,0.005391915859230284,0.0687083570040295,0.6075970576359675,0.7897187746488131,0.22100903011152284,0.28725448593361097,0.9986347275660916,0.9794801641586868,0.9995849444043953,0.9629629629629629,True
664,11.766099247572885,35.53947888611107,0.11968189463220201,0.0719386007434684,0.4255373337689568,0.8357108621036305,0.15478612384734045,0.3039837747171053,0.9999048434675041,0.9915509957754979,0.999181756732719,1.0,True
665,2.3252888282136985,34.351786288491844,0.1495646249737543,0.1855198898249941,0.8079303105672201,0.628764788309733,0.2938788002544018,0.22870863886880183,0.9999686441740876,0.9748283752860412,0.9995870612525809,1.0,True
666,4.94419028414826,34.09166967871755,0.1437942364072008,0.34761667431182336,0.54220093621148,1.004839579264323,0.19722166447595596,0.36550312092514065,0.9996903705232738,0.9787234042553191,0.9991766836818706,1.0,True
667,5.438835470709167,24.764228389561808,0.019498886647215583,0.11320502533361074,0.6320719596667167,0.7942704420823318,0.2299115985027135,0.28891012200398,0.9938163359483156,0.9811217510259918,0.9981340430087792,1.0,True
668,28.615184534836203,17.102170502105317,0.12170746292155257,0.2066000382545035,0.48223462312117865,4.757756772248642,0.1754093523047673,1.7305995750413856,0.9987000324991875,0.9805258906937091,0.9929882242426276,1.0,True
669,34.639751533887534,19.72940373552031,0.09071413381022407,0.3582944666034709,0.4470783682430492,5.0447217155905335,0.16262151915889966,1.8349809952720246,0.9994287346472437,0.9501647008819467,0.9786796932067202,1.0,True
670,2.2716788197626703,29.300839907713613,0.04061658307411945,0.051555220218385905,0.5284358859062195,0.8671090602874756,0.19221472709999415,0.31540464195247386,0.9995259415327891,0.9744292237442922,0.9995723268151087,1.0,True
671,18.92858711317752,22.000140294079085,0.09619994589761108,0.009223360552716022,0.5166326062432651,2.7150126490099677,0.1879213695900117,0.9875661917008748,0.9991235758106923,0.985877466251298,0.9969120287253141,1.0,True
672,33.290606086333256,43.21948556303906,0.11020391631899953,0.17522508104212975,0.4004335565082097,0.7429181115101959,0.14565480664491662,0.27023108360002207,0.9995220646805799,0.9983375959079284,0.9994467296913714,0.9516129032258065,True
673,26.18138127402263,39.27021737113747,0.04241578906330512,0.40341914296697673,0.46553655771108776,0.6500787979517227,0.16933555192235333,0.236461455541568,0.9994858611825193,0.9982181746188874,0.999611023009485,0.8125,True
674,24.624488302188013,32.234562609761426,0.12712672446431816,0.1396215677329884,0.5849578163840554,0.9649058255282316,0.21277417003663482,0.3509775071635056,0.9993186463774699,0.9968098159509202,0.999292373011722,1.0,True
675,3.923960074296668,41.32884121689372,0.07912980269027241,0.1047414416405914,0.5318376753065321,0.5120926962958442,0.19345210336203852,0.18627001022007497,0.9992040328999735,0.984757505773672,0.9995782897305739,1.0,True
676,4.386064378687989,17.615590884799225,0.09397239842298645,0.13088616813452852,0.510901133219401,3.755556197393508,0.1858365877791138,1.366056372861086,0.9997251992305578,0.9153153153153153,0.9962868661150011,1.0,True
677,36.70366892038971,15.566232805105624,0.09731643176815948,0.369525032086672,0.6873236762152778,102.32610829671223,0.2500090103201854,37.22038095071298,0.9969806763285024,0.4870022123893805,0.8594224924012158,1.0,False
678,33.69068140793015,21.856311165705876,0.01786600747078308,0.10166785637292626,0.5400042411608573,1.3221549009665465,0.19642263255753648,0.4809242715175968,0.9990281827016521,0.996038769490097,0.9982463465553236,0.975,True
679,8.389030380049636,22.20389086813752,0.5140174756911757,0.31547590885252796,0.436690886815389,10.021404266357422,0.15884314800522614,3.6452132370102865,0.9980719794344473,0.878524374176548,0.9892294946147473,1.0,False
680,12.261763371480374,20.313972530043017,0.039754724558985,0.2974618823233638,0.5359942118326823,2.8076807657877603,0.1949640134259907,1.0212735481699902,0.9982133995037221,0.979240506329114,0.9904539255795831,1.0,True
681,3.790887207839576,44.981526892203306,0.823080756251008,0.03409177306831732,0.5157581476064829,1.1415450756366436,0.18760329159282746,0.4152287553475882,0.9984729237636556,0.9516348773841962,0.9986594864446344,1.0,True
682,2.5247970549399184,41.6226690363751,0.047316884099539484,0.36504538585698554,0.6626018683115641,0.8306556542714437,0.2410166317055466,0.30214497947285124,0.9976809673678979,0.964633521271143,0.9995135205685877,1.0,True
683,5.576886797083728,41.44131234951777,0.08555047250183109,0.005879473796200982,0.559902012348175,0.6721489429473877,0.20366030274738264,0.24448931097406582,0.9988962472406181,0.9865439093484419,0.999459108610991,1.0,True
684,3.9529810691384073,40.84381624501955,0.9319051205344399,0.11526355125161233,0.6003122329711914,0.9637844562530518,0.2183592278890452,0.3505696172094815,0.9998982947418381,0.9603174603174603,0.9987883971206614,1.0,True
685,36.093899865822095,42.50364652289378,0.14476599565247655,0.00016512892332528093,0.5668501853942871,0.6834456920623779,0.20618765038126188,0.24859842166500837,0.9994195206899411,0.998189629549569,0.9992422617771106,1.0,True
686,13.358219429687466,18.51421347854814,0.05223284394879374,0.10952102189004997,0.5003620783487955,5.11027463277181,0.18200308288311057,1.858825394228767,0.9995233555767398,0.9607565011820332,0.994233068429566,1.0,True
687,23.35803023114751,34.004173871530014,0.05503365215364216,0.1828266339328425,0.4981873394691781,0.7502100696302441,0.18121203736290983,0.2728834805652017,0.9996135713733674,0.9982008995502248,0.9996313900475313,0.9605263157894737,True
688,5.779752554814527,31.198788765712205,0.018562610527070117,0.09323993956912831,0.513314406077067,0.6682247320810953,0.1867143983066078,0.24306190768661937,0.99925107657742,0.9913236929922136,0.999627076641765,1.0,True
689,2.1788924656643127,36.635011633581776,0.135085316087301,0.330311025663324,0.6403212436409884,0.9211675954419513,0.23291221581538102,0.3350680426776605,0.998656608453033,0.9663865546218487,0.9995452123858158,1.0,True
690,9.489868501643466,44.6105186136664,0.0772906559516212,0.04437931418025719,0.5074917674064636,0.5167356729507446,0.18459645565183788,0.1879588593585525,0.9997407695441247,0.9961105424769703,0.9996712584438859,1.0,True
691,2.5228173794661304,16.47717207278096,0.01803963687389736,0.30579700756283795,0.5475526289506392,0.9030669819224965,0.19916830395827728,0.32848407557630066,0.9982222222222222,0.9629629629629629,0.9993953441499547,1.0,True
692,3.901968033437005,18.717561316508565,0.8778960710200463,0.11002572959214485,0.5021185345119901,2.304265128241645,0.18264198109399296,0.8381597552396429,0.9991139464823675,0.9009364218827008,0.9970328206370352,1.0,True
693,18.074971481953206,37.95040994837723,0.09139686586110106,0.06212649554170841,0.5146880944569906,1.088320255279541,0.18721406750794264,0.3958686123430264,0.9993118634737131,0.9946421211704904,0.9990175398040859,1.0,True
694,3.568161873222291,27.29659998304944,0.8594006105730192,0.04497868876727385,0.5453411599864131,0.9747032497240149,0.1983638981357623,0.3545412492716818,0.9987747243129704,0.9426957223567393,0.9984060569834629,1.0,True
695,13.329626680950952,33.12732770109815,0.5078075159314805,0.225908876715055,0.5151745080947876,2.0147159099578857,0.18739099694657554,0.7328383237116061,0.9997520251281203,0.9784182978418298,0.9968255334717903,1.0,True
696,27.094539680120626,36.4960833456433,0.0578433618724637,0.15494366748401087,0.5246030688285828,1.1395297050476074,0.19082056764138977,0.4144956788891023,0.9994937990382182,0.9956675572243483,0.9986443741527339,1.0,True
697,7.620368304377142,37.36331504812672,0.10844468221646672,0.15292322856849136,0.5778574476055071,0.721886578728171,0.21019146230712948,0.26258101583965626,0.9992775312209722,0.991667976733218,0.999504503932206,1.0,True
698,3.7594402541357983,29.964693992978994,0.7318199998361675,0.10700800767382346,0.6792657786402209,0.5757596246127424,0.2470780084244055,0.20942839438382438,0.9986222099751998,0.9835466179159049,0.9996633196680728,1.0,True
699,5.836187595951078,27.002180264695284,0.09906365207468007,0.06666234217207205,0.48918900666413484,1.0796237521701388,0.17793895896190348,0.392705322308264,0.9997496871088861,0.9837758112094396,0.9990581692604387,1.0,True
700,2.8724563865278054,30.871558067274165,0.09461149097655593,0.043866818333328284,0.5222478210926056,0.8851197361946106,0.18996386333175083,0.3219558948985896,0.9997291881059416,0.9738582677165354,0.9992872416250891,1.0,True
701,3.022319315494164,28.969117863565078,0.0045812070859030775,0.5092128534487333,0.5247203826904296,0.5321428934733073,0.1908632397091682,0.19356312426012165,0.9993451211525868,0.9889655172413793,0.9998032580467459,1.0,True
702,6.092464589497495,20.665779140158147,0.12289661222397047,0.15256162086904343,0.48427343368530273,0.932619571685791,0.17615095488446275,0.3392336161127241,0.9987083440971325,0.975030303030303,0.9986724337287483,1.0,True
703,7.223654777434724,15.110765815074679,0.12584561569406333,0.016820062826756167,0.5169985634940011,0.582280022757394,0.18805448389007454,0.21180014199481068,0.9995129079396006,0.9962418858899897,0.999848501244454,1.0,True
704,6.30377924637578,31.84689733881007,0.041346702680706955,0.18118840228485444,0.4793572425842285,0.9716157913208008,0.17436272596953228,0.3534182086337647,0.9999045382515226,0.9799426934097422,0.9989207856680337,1.0,True
705,14.400529887557155,36.77393054041662,0.11285149624523746,0.06834945969687276,0.47523800532023114,0.6846068700154623,0.17286438324210462,0.2490207917373661,0.9995724146356362,0.9959929177150312,0.9994943962248252,1.0,True
706,2.598158806236278,29.529988719823564,0.6380012215088295,0.3020296919768972,0.6813437850387009,0.8670967949761285,0.2478338682050313,0.3154001805342843,0.9986876640419947,0.9548936170212766,0.9990629880270693,1.0,True
707,3.5354397948127585,40.78250343634559,0.09453700545973472,0.0843214511672953,0.5438376069068909,0.6536902189254761,0.19781699159029728,0.23777508377051151,0.9997378178958013,0.9825730394669401,0.9993928596311373,1.0,True
708,7.814845350429979,19.888126967093307,0.10546278927251285,0.15373021254371078,0.5919384426540799,0.7532840304904513,0.21531332229571876,0.2740016115695855,0.9244387427838358,0.9862511457378552,0.7946322067594433,1.0,True
709,2.3246793848853273,26.034013579004736,0.8585414083684337,0.03727380953733512,0.6404909050982931,0.5783221203347911,0.23297392894195884,0.21036048364771648,0.9982131254061078,0.9689054726368159,0.9996263451574332,1.0,True
710,4.539936272203469,23.742240744929145,0.12842733192867375,0.03493290748848874,0.5161971014899176,3.0598095043285474,0.18776295788946665,1.1129835511528001,0.9989265779304423,0.934033475549721,0.996987999306136,1.0,True
711,2.3420893136532297,36.57243484165007,0.015890111224577147,0.01800569109806951,0.6334678649902343,0.953152084350586,0.23041934895640806,0.34670216891884664,0.9996688303086502,0.9584487534626038,0.9994222658732451,1.0,True
712,9.068649424481498,22.77887036122152,0.0012215219702279123,0.10555272732081485,0.623486328125,0.780712890625,0.2267886371978769,0.2839786608314554,0.9966720738498587,0.9929178470254958,0.9876617514294312,1.0,True
713,7.084163279161423,21.5927926457367,0.13890930083686084,0.30264954074559947,0.510906728108724,0.46640218098958336,0.1858386228795925,0.16965041612193754,0.9993520798237657,0.991494532199271,0.9995439313120897,1.0,True
714,38.49023007638125,33.855323294731484,0.01757526298621848,0.04771427543203215,0.4850171407063802,0.8407423231336806,0.17642147292820537,0.3058139322340324,0.9999115474768918,0.9981227707903135,0.9992710041917259,1.0,True
715,22.775796086052946,24.326260260146743,0.039065006347596305,0.022828216109186568,0.46609870592753094,0.7460730870564779,0.16954002926557551,0.2713786831098392,0.9996347254352855,0.9962010681054891,0.9990112218472887,1.0,True
716,4.473512832854877,19.575062618192614,0.733851431828576,0.11452930150233574,0.5209218805486505,2.359803633256392,0.18948156206000794,0.8583614842850579,0.9676888248610825,0.929368029739777,0.9401222370295482,1.0,True
717,6.20445641039913,31.730582132237785,0.07720000315429264,0.004854874753791573,0.5386073112487793,1.6019675572713217,0.1959145094171721,0.5827040991281156,0.9991780821917808,0.975632183908046,0.9985553535452804,1.0,True
718,2.0629411025102073,44.932255937200246,0.7370362679218533,0.09649772833472237,0.5047339723821271,1.4700345491108142,0.1835933276808987,0.534714422735181,0.9987231023882714,0.9291266575217193,0.9986296090103207,1.0,True
719,38.36059711242947,34.75419244363208,0.01872516528312124,0.11349624223008732,0.5380321565221567,0.7732103691726434,0.19570530105005216,0.28124967297883535,0.9996201329534663,0.9984788880146866,0.9993419147648004,0.9242424242424242,True
720,4.903213233537859,36.166138596967095,0.08260431064190409,0.26338823241111514,0.5156350816999163,0.6050976344517299,0.18755852726043276,0.22009988302655198,0.9998799548630285,0.990791896869245,0.9997987684629935,1.0,True
721,3.083268132896958,15.610095281093928,0.11396156654032483,0.05267847418581329,0.6297247750418526,1.0720618111746651,0.22905782709135705,0.3899547210270914,0.998330550918197,0.9646697388632872,0.999280748022057,1.0,True
722,20.11583999229091,16.778423179186845,0.7055154665581447,0.04175004799799522,0.5312268257141113,36.37276992797852,0.19322991124595057,13.230331686478257,0.9997521685254027,0.8192858437556643,0.9513152536851535,0.9523809523809523,False
723,6.262354714142548,41.15331650909343,0.8690565808885866,0.14569532550979042,0.8241533915201823,1.0688907199435764,0.2997798284798924,0.3888012595536193,0.9980155917788802,0.9778642666018,0.9991479462800417,1.0,True
724,4.122537454306345,41.75636002827501,0.1279391192409864,0.0671548436471507,0.6449431767539372,0.5014506143236918,0.23459341051784968,0.18239902996190213,0.9993117130248188,0.9849006622516556,0.9996021879661859,1.0,True
725,3.236861719187528,16.78164411926951,0.01880803884224683,0.014064695929777863,0.5793008243336397,0.875828462488511,0.21071648014051284,0.3185762613660058,0.9995549621717846,0.9590254706533776,0.9988102926680037,1.0,True
726,2.2396119792540765,16.450259823925826,0.029999197509792207,0.04586404681493242,0.45890066358778214,1.796170128716363,0.1669217934854367,0.6533438782725819,0.9988756465032607,0.9287598944591029,0.9984522568621876,1.0,True
727,6.97101727793431,24.58067010746261,0.08459059118256046,0.32233574128995307,0.5378838947841099,1.2232614244733537,0.19565137191639922,0.4449524855297652,0.9994668562288964,0.981764705882353,0.998778897696463,1.0,True
728,7.731039402465717,39.41226669437753,0.11831150392566007,0.32172750352350016,0.5128381252288818,0.5899597803751627,0.18654115459682477,0.21459359821923427,0.9997308209959623,0.9902629016553067,0.9992523821822284,1.0,True
729,32.40940196501206,15.455123687684408,0.13071232095285953,0.040983641722182704,0.5095837034028152,56.40873139480065,0.1853573822228254,20.51826758985988,0.9992838386249702,0.738176344767488,0.9140684014482561,1.0,False
730,2.863584286375957,26.781165993156243,0.10069507555313878,0.03668209271875786,0.6405129750569661,0.8053407033284505,0.23298195672961786,0.29293684937261666,0.9995019920318725,0.9791666666666666,0.9995782208588957,1.0,True
731,35.212693189848665,24.426522308512567,0.07326474458734603,0.4031170369456454,0.5101833343505859,7.290180969238281,0.18557549363815595,2.6517505394408234,0.9993992189846801,0.9774609584243273,0.9893514796148491,1.0,True
732,20.50988493951245,42.38327505088746,0.11024619401144448,0.14755537779932343,0.4657123565673828,0.7019691467285156,0.16939949748337307,0.255336194171686,0.9993705413344524,0.9964938879939353,0.9993179467998504,0.9375,True
733,2.2896125443145623,17.68147975955469,0.053627191730655284,0.02956940632178002,0.5871361180355674,1.6275855616519326,0.2135665114893142,0.5920224627218771,0.9998090509833875,0.9440832249674902,0.9987236370266821,1.0,True
734,3.924808208161887,26.075700421877002,0.8898194668128319,0.1814904290322602,0.5481783294677735,0.9424610137939453,0.19939589799069438,0.342813369417792,0.9993399339933994,0.9596847529554411,0.9985762068342072,1.0,True
735,10.451393193029254,29.570068516497983,0.007579359858319017,0.23246121784688853,0.47931580977006394,1.1197090842507103,0.17434765508339448,0.40728607159512653,0.9989385898407884,0.9920048578079141,0.99927430249305,1.0,True
736,5.335535123641348,23.89105065887488,0.08870298977696604,0.04917291635576944,0.5906480527391621,0.6409713894713158,0.2148439523078665,0.23314870165346385,0.9865761456565345,0.9913949275362319,0.9976570575399104,1.0,True
737,2.0350293723923545,34.68996815080056,0.7815475463565167,0.04252004671131234,0.48817774454752605,2.718836530049642,0.1775711196895248,0.988957100740376,0.998845787122999,0.8775862068965518,0.9974064173779973,1.0,False
738,33.045722081691196,38.67877762758506,0.10928281190221167,0.22892648870917312,0.5600873231887817,0.6411082744598389,0.20372770822381958,0.23319849257685643,0.9996905621454358,0.9986158965750802,0.9994724991958829,1.0,True
739,7.271660727742773,16.66580529020763,0.049547493628164664,0.05680176614004868,0.5166383743286133,0.6031719207763672,0.18792346768929047,0.21939941862121018,0.998769987699877,0.9943872778297475,0.9997986017205167,1.0,True
740,8.299632349204009,32.024783793435134,0.003554834311949928,0.060386451301735804,0.5038564713274847,0.7473984390008644,0.18327414302624792,0.2718607702827511,0.9992599760915353,0.992409402546523,0.9995060135291804,1.0,True
741,12.8595166351893,43.08142565860185,0.1271571464004401,0.11532617673906097,0.5593802332878113,0.6601544618606567,0.2034705093923717,0.24012640533067203,0.9992073483470881,0.9961791724250061,0.9996917512638198,1.0,True
742,4.332298491374162,24.481693479354487,0.12068122652063007,0.08718420980112622,0.6020606788429054,0.6872164752032306,0.21899521241440395,0.2499700167282946,0.9984046796064876,0.985519591141397,0.999666191242072,1.0,True
743,8.86648782634314,28.668564916575257,0.13706628390611916,0.017410501121705516,0.5084330449338819,0.8474971583632173,0.18493883853665613,0.30827095463708937,0.9994377284228282,0.9890716668583918,0.9991471173546913,1.0,True
744,19.463730312645946,44.00565971917013,0.07787706195673796,0.11110109548289336,0.5092181770169005,0.6105902535574776,0.18522442464672145,0.22209778345427364,0.9995301978389101,0.9969469886205939,0.9994759145291466,1.0,True
745,23.06716267459061,32.75873874065388,0.06966112317720109,0.05408913104540864,0.58473791592363,0.7427803813547328,0.21269418283645186,0.2701809852532749,0.9994646680942184,0.9951697786749333,0.9987967729845948,0.9324324324324325,True
746,21.275524273972128,26.666480620867432,0.06860763602863297,0.053626201887069874,0.5630866686503092,0.8023897806803385,0.20481869841722297,0.2918634726269641,0.9988349514563106,0.9976340694006309,0.9996702753201077,1.0,True
747,2.177666452564467,17.540012447694508,0.047967205612367524,0.018826037150975396,0.6562698364257813,1.6705532836914063,0.23871340095726581,0.6076516604849366,0.9980932570636158,0.92806484295846,0.998649986499865,1.0,True
748,2.616050359770279,36.435450133070844,0.013497156010244532,0.34778155209424133,0.5584141413370768,0.6985194947984483,0.20311910044075315,0.25408140826101544,0.999029440310579,0.9764397905759162,0.9995971532160601,0.9473684210526315,True
749,24.653731582522756,25.437068547478223,0.9850410170176953,0.028432472737543964,0.5078054315903607,13.647073184742647,0.18471054872749157,4.964024052644458,0.9579989969909729,0.9239958190234433,0.9588455745858289,0.9444444444444444,True
750,6.664930008890512,31.116715980592083,0.11097479095161569,0.15283143575083183,0.47864178248814176,0.6147261120024181,0.17410248254021934,0.2236021720159156,0.9997418022205009,0.9959659345584939,0.9998393574297189,1.0,True
751,7.03276917152929,18.7395727765682,0.12119445666614075,0.3094187331541296,0.5489017085025185,0.6298854225560239,0.1996590218766033,0.22911626146138997,0.9994099134539732,0.9935216377299818,0.9997021803533082,1.0,True
752,39.95411758093796,17.713318876816576,0.02081346456148479,0.43192349462202745,0.43832931518554685,0.6424128214518229,0.1594391144610294,0.2336730120989803,0.9997511818860413,0.9986744279868596,0.9994174918864941,1.0,True
753,28.034894188764678,37.7163471520104,0.09202040496159959,0.3546108923920752,0.6934046427408854,1.3304484049479166,0.252220917861664,0.4839409735376498,0.9997752671256666,0.9929517902452777,0.9980238155561185,1.0,True
754,6.876394508750089,29.774940368331965,0.14199108613656514,0.02719278344859772,0.5012823895710271,0.6092049203267912,0.18233783942623394,0.22159387852279402,0.9981964650715403,0.9870708872046366,0.9993957703927493,1.0,True
755,3.9650122352072654,26.2079497309632,0.10366685000945204,0.14667725853510033,0.6901635064019097,0.8492711385091146,0.25104197798739386,0.30891622706978894,0.998777244520527,0.9761467889908257,0.9947959119694024,1.0,True
756,39.093091350452305,40.1283045795421,0.013410701678195918,0.056923108649085716,0.5411130464993991,3.4860382080078125,0.19682595247058385,1.2680211557988132,0.9999274952509389,0.9903889137237372,0.9943161883376606,1.0,True
757,33.068483470370126,16.390659075229316,0.5401487293574376,0.048600657648791665,0.4231088426378038,10.220613267686632,0.1539027777830609,3.7176740687736163,0.7397881682169091,0.961028684470821,0.4860796374231143,1.0,True
758,3.8225885493632656,41.17853948292061,0.8938936944147812,0.1257564537489431,0.5133739709854126,1.5809894800186157,0.18673606461070966,0.5750734754294687,0.9989109126551949,0.9305273833671399,0.9976097453274841,1.0,True
759,4.875897084516763,35.05335229359247,0.057344681854058235,0.004449353059711534,0.4575787419858186,0.6449485447095789,0.16644095407474213,0.23459536307284504,0.9996693121693122,0.9916154276131918,0.9996853443059421,0.9583333333333334,True
760,2.326225975927926,28.036487583344098,0.1289023570259542,0.17523228622170983,0.45671395195855036,0.708969963921441,0.16612639296425832,0.2578826907327729,0.9998576107076748,0.975929978118162,0.9994494402642686,1.0,True
761,20.854912223664424,21.61038106823883,0.1338344374438504,0.11658427596662141,0.5217977063409214,1.4423596612338363,0.18980013735010162,0.5246478826634866,0.9994462901439646,0.9940609483010417,0.9986395207294079,1.0,True
762,3.9581502708166063,40.993168948807835,0.0871946013955027,0.05330695680913671,0.5413631598154703,1.9472804069519043,0.19691692937823704,0.7083091477929101,0.9987687761635066,0.9549763033175356,0.9983443108344915,1.0,True
763,4.957545592604379,43.219198198996295,0.1451310102934462,0.2954471387007258,0.5455945134162903,0.7388986349105835,0.19845605361135077,0.26876902809189857,0.9996653404231585,0.987688098495212,0.9994548868385456,1.0,True
764,24.955159281551804,43.8859562644473,0.04519256314309514,0.17466950086236144,0.6282088987288936,0.7100052372101815,0.22850643805896179,0.25825926389514986,0.9981976985997505,0.99746504211301,0.9996094936434243,0.96875,True
765,23.88934944788847,39.2598859914016,0.018228093248413086,0.2068206432336568,0.5267812368032094,0.6075921960779138,0.19161286047007006,0.22100726175498328,0.9989802161941669,0.9976833976833976,0.9995564805022006,0.9024390243902439,True
766,27.464302090049685,17.955698175244283,0.09589143556092108,0.12053368821531613,0.48627471923828125,17.994215223524307,0.17687890801307218,6.5452654916439625,0.9266105981781169,0.9104359313077939,0.7730018587360595,1.0,True
767,6.674509094021158,30.37790226754756,0.082080660619905,0.026241145834556636,0.52576417189378,0.8887449411245493,0.19124291047382083,0.3232745369417861,0.9992826398852224,0.9902152641878669,0.9994171187732592,1.0,True
768,7.618603096224442,39.744008645202385,0.04980087789687446,0.15887715403044483,0.4553171793619792,0.7278436731409144,0.16561832704627044,0.2647478657970371,0.9998843796970748,0.992266508030934,0.9994396189408798,1.0,True
769,37.69053340672017,39.47575202198195,0.004838313974480568,0.07941694883128617,0.48384269339139346,0.9773739674052254,0.17599427622153896,0.35551270348958497,0.9983664345284154,0.9970978638374803,0.9988643123681791,0.8970588235294118,True
770,34.783346853863705,36.75219131459167,0.7282942577837879,0.16490986987730713,0.4490983690534319,36.58312726702009,0.1633562798268729,13.306847645359467,0.9648785736243467,0.8574203993524016,0.9146877748460862,0.9722222222222222,False
771,20.139487334786708,18.421693402548,0.6150560177303616,0.019732924522699025,0.5008068084716797,64.29086515638564,0.18216485024502377,23.385336671193212,0.9990074441687344,0.7125031195408036,0.9073327961321515,1.0,False
772,3.7238507516304473,43.22067950975891,0.06489046645208317,0.09412090026307844,0.5417985320091248,0.5763115882873535,0.1970752928611536,0.2096291671737013,0.9995056846267919,0.9926453143534995,0.9998147805149101,1.0,True
773,20.470975197082534,36.65563745441992,0.10933725958347437,0.1492942012861942,0.5072044730186462,0.6515003442764282,0.18449195439856478,0.23697853272377845,0.9995723571672939,0.9971682646927319,0.9994632190865588,1.0,True
774,14.494852717871467,43.85794270439743,0.05216345366760287,0.23735277871401075,0.48749473690986633,1.800384521484375,0.1773226806069768,0.654876833125575,0.9993174908481728,0.987216085391585,0.9980271344887243,1.0,True
775,2.086763742975057,41.26520861086806,0.05537642065315072,0.0053589888111011405,0.5907625966257863,1.3209892867447495,0.21488561681721502,0.48050028778461784,0.9986301369863013,0.9423347398030942,0.9989955517290859,0.9871794871794872,True
776,39.96658464167284,17.628905552229266,0.017518758030919207,0.2186212506797954,0.677429892800071,0.9687458385120739,0.24641021824368003,0.3523742840808868,0.9999011369253584,0.9975646879756469,0.9990112994350282,1.0,True
777,2.0332333969688587,43.80660167221239,0.05878853398544293,0.37071434949576454,0.5889132363455636,1.3284526357845383,0.2142129254064813,0.4832150269558133,0.9988249118683902,0.9420118343195266,0.9990296692884622,1.0,True
778,31.679162458634973,20.6505439204993,0.09405737944505102,0.03392538790261819,0.6056388296732088,0.7986837247522866,0.22029673886957632,0.29051542161864513,0.994881699661999,0.9968486852301492,0.9984149218519611,1.0,True
779,6.636516770101863,18.858015218415932,0.08713410812352373,0.1865684536708249,0.6833851337432861,0.8122866153717041,0.24857639401494086,0.29546337458307803,0.9980403458213256,0.9853170884098719,0.9994409243384271,1.0,True
780,4.7239267753373815,36.0892471427551,0.8066587341497589,0.15846557884885634,0.5203837258475167,0.82752685546875,0.18928581218424273,0.30100690156396886,0.9991544872569151,0.9784345047923323,0.9992282050018885,1.0,True
781,13.051439874197674,31.66471408518116,0.09921069496280217,0.12296645513684563,0.494174321492513,0.5709393819173177,0.1797523311321166,0.2076750660066876,0.9999373943529707,0.9957555178268251,0.9996964791582356,1.0,True
782,7.427680366188754,33.36516345767444,0.06683562814362123,0.12442832967086014,0.583789419620595,0.5978513677069481,0.21234917417427412,0.2174641059682748,0.999665574209083,0.995105421686747,0.9997236587580435,1.0,True
783,5.061634696116687,39.30646035881121,0.07949575850816877,0.04353841811179012,0.6086884984430277,0.5113094977612765,0.2214060338019802,0.1859851274242579,0.9987022350396539,0.9920318725099602,0.9998489849632171,0.9814814814814815,True
784,6.457298049395576,34.812762492160175,0.1254927957796939,0.07457188270550813,0.5068921175870028,0.6655285575173118,0.18437833737206671,0.24208119371201323,0.9995133143294167,0.9914273467638234,0.9995356233201526,1.0,True
785,7.732990133162668,23.060248227799782,0.05514087255825965,0.16286681008043788,0.5408270409766663,0.8111591744930187,0.19672192003265265,0.2950532761272431,0.9988088792636708,0.9883376849434291,0.9993109897140607,1.0,True
786,3.9792227701503515,30.943701485305706,0.12922145159756265,0.05298199822226385,0.5657494214116311,0.6257715030592315,0.20578725545319057,0.22761985303327723,0.9993204423302651,0.9891342446547494,0.999754033844943,1.0,True
787,37.653081287820285,31.399430602793213,0.09473177130227722,0.3025558398483418,0.5909280597038988,0.7408608490566038,0.21494580281376213,0.26948276927914255,0.9990664177113897,0.9979340219926691,0.9992445465705562,1.0,True
788,5.711178918285916,17.380939403111558,0.028476317433386376,0.041715548575246134,0.5391588772044462,0.8376606211942785,0.19611513753966298,0.30469298546814455,0.998109640831758,0.984488107549121,0.9994774546986936,1.0,True
789,10.49383383860322,15.937191120970253,0.1048800323328683,0.008191715877978926,0.5597081865583148,1.0053187779017858,0.20358980001981136,0.36567742595964575,0.9997838772422736,0.9922409858512095,0.9993581789397116,1.0,True
790,9.811860453409928,38.56154556968744,0.06760167289874092,0.30134567669529017,0.5006448131496624,0.5654667999784825,0.1821059256196463,0.20568445395334142,0.9994920133205396,0.9956853634251577,0.9996811088906842,1.0,True
791,5.633478625337655,25.977177753896395,0.09524356736526167,0.10684629328397387,0.48516920338506286,1.169669358626656,0.17647678462649202,0.4254587596375837,0.9798853569567483,0.9802371541501976,0.9966149964401254,1.0,True
792,11.05938085420542,29.511307448879627,0.06293322088766244,0.23340229919162964,0.48691885811941965,0.864792960030692,0.17711320886688378,0.31456217725492513,0.9990840813335776,0.9942735949098621,0.9995336018655926,1.0,True
793,7.8737390662932025,23.401808813620562,0.00880375526510747,0.15201130130874396,0.4183156490325928,1.0230138301849365,0.15215928831662717,0.37211387309796434,0.9976326416933575,0.9854738298362924,0.9991484320041467,1.0,True
794,4.021904148959914,38.56795571853311,0.14160623706607106,0.14858698434889756,0.5229983859592013,1.0463418748643663,0.19023687586714313,0.3805992804319939,0.9995554897021781,0.9737006887914841,0.9989664493560184,1.0,True
795,33.46696445412048,31.92110845593964,0.0216318045450932,0.010496430980951477,0.4802495411464146,0.853628431047712,0.17468729311040349,0.31050116067959677,0.9996970614965162,0.9979514557079894,0.9991548758212698,0.9655172413793104,True
796,12.47697245520502,25.390937396716062,0.14898896185625682,0.07814098733376555,0.5066555707882612,0.6458644377879608,0.1842922951868572,0.23492851254813482,0.9987520798668885,0.9957690732905691,0.9996980724308347,1.0,True
797,13.015832305759524,16.778808152248416,0.7609890581472516,0.0007329268250099662,0.46415735880533854,45.58010762532552,0.16883387830715105,16.579434103658006,0.9807263668545955,0.6968184188957603,0.931464125383949,1.0,False
798,27.341328312481387,40.0171638160638,0.07740948865573413,0.17928263401376573,0.5618831723235375,0.7429639239643895,0.2043809353428633,0.2702477475485075,0.9995042141794744,0.9980962741365244,0.9994960403167746,1.0,True
799,6.5626518349745835,44.55354773314755,0.09175552886982154,0.0242351146305603,0.5045728461686955,1.0861177666242732,0.18353471918747605,0.39506747304286866,0.9992060971737059,0.98499699939988,0.9990776085938498,1.0,True
800,20.999555311759355,28.815547812331797,0.13071706410104428,0.0415553641808979,0.496085443804341,0.7570731870589718,0.18044748803462857,0.27537988983414413,0.9997574777687954,0.9965071603213412,0.9990672112136338,1.0,True
801,9.990460540580587,40.671007693497316,0.8403531707567177,0.21542364614471926,0.4850921928882599,1.7112486362457275,0.1764487726159121,0.6224543003019741,0.9989387717436442,0.9768392370572208,0.9978309776742028,1.0,True
802,2.6657995142837403,28.529141265819614,0.1281057219281311,0.04879028186850143,0.5963268694670304,0.8497725777004076,0.2169095807723796,0.30909862194470616,0.9986942328618064,0.9702748177229389,0.9995074187541299,1.0,True
803,10.333538738427496,19.128821241601344,0.1032947259220093,0.04156105767224106,0.5086345672607422,0.7074226379394531,0.18501214082383063,0.2573198621109951,0.9981602274627864,0.9928463039236939,0.9995673379483953,1.0,True
804,15.261321780582781,24.30448918168918,0.03056483071416713,0.04766505424823017,0.5274132438327955,2.035801763119905,0.1918427484507261,0.7405081501168614,0.9947670431989606,0.9840075258701787,0.9830878909299058,0.9583333333333334,True
805,2.170848101755221,21.104124280423296,0.058339389037879504,0.14190445821575165,0.5630348205566407,0.9712274031205611,0.2047998390485825,0.3532769352382422,0.9995649809679173,0.9691489361702128,0.9994586987117029,1.0,True
806,35.45333658595766,44.33984420869877,0.13583755384755178,0.028324012811031186,0.5037252167124807,1.0174034966362848,0.18322640011045344,0.37007315489400533,0.9986589181940099,0.9955425760836151,0.998113891911498,0.9204545454545454,True
807,7.026500831310403,25.431875090951262,0.007916237837539596,0.13281463534740448,0.537071796173745,0.6027361281374668,0.19535597692727602,0.21924090220437983,0.9993224932249323,0.9953972383430058,0.9998112043901273,1.0,True
808,9.495411020371165,35.14611383414942,0.061962174062434344,0.054540739648148547,0.5392328898111979,0.6660203097159403,0.19614205908944443,0.24226006501349212,0.9993037181451051,0.9940704569236135,0.9995842572062085,1.0,True
809,4.071359567100578,20.938191175786177,0.679402771399666,0.08437130841482327,0.5085034037745276,1.884925132574037,0.18496443105547344,0.6856278682518117,0.9957898282249916,0.9258836944127709,0.99694114768139,1.0,True
810,8.140468286144301,29.582100120993815,0.028996313330693368,0.016211996184763187,0.4822703394396552,0.5745355014143319,0.17542234385699168,0.20898312843426503,0.9996166134185304,0.9952731092436975,0.9996859230720911,1.0,True
811,13.783254650835012,35.61001857291247,0.09773698467737375,0.2448417955175541,0.7357628562233665,1.0517723777077415,0.2676284113005621,0.38257458651906073,0.9998844598497978,0.9912713472485768,0.9991774962987333,1.0,True
812,5.632644952902303,34.34104434776109,0.0448467759754177,0.18331176020161272,0.5332627977643695,0.637591906956264,0.19397048133678094,0.23191943935940917,0.9989695096078075,0.9913117185844459,0.999743238616912,1.0,True
813,7.899242145570152,44.26993640583524,0.008458208704470293,0.08220719094137109,0.6059785043039629,0.6403094876197076,0.22042029305693292,0.23290793964776535,0.9993960744841469,0.9952691471678814,0.9997481996273354,1.0,True
814,3.800409044392278,27.882542439377026,0.0689894311091034,0.4701378021150977,0.4089554150899251,1.2394355138142903,0.14875457099733205,0.4508356934111292,0.9832734577200911,0.9489655172413793,0.961292262748636,1.0,True
815,2.3119092591511556,33.963041711490504,0.03670949506683647,0.02706299428195425,0.5141119275774274,1.7643542387047593,0.18700449097751953,0.641771078659368,0.9996734693877551,0.9383070301291249,0.9985466975154341,1.0,True
816,27.518588070080746,37.13170235196293,0.9058528860901891,0.11179050340479041,0.4898597172328404,10.215350559779576,0.17818292507466232,3.715759796879634,0.8457700410245038,0.9563485985602695,0.6857517960687065,1.0,True
817,7.1325091966421885,21.950037055816395,0.02179504988873754,0.08527429815805142,0.5019972664969308,1.6933577401297433,0.18259787073161549,0.6159466163875653,0.9864486101468282,0.9809630459126539,0.977514983307188,1.0,True
818,2.128320012883111,31.207708608899793,0.7899456094196702,0.03789845775243131,0.5150248878880551,2.6734995925635623,0.18733657367977488,0.9724661180140765,0.9969309462915601,0.8899563318777293,0.9971459223124102,1.0,True
819,7.769573015900829,21.031447621720638,0.04612087276280522,0.011271674189657034,0.5813744488884421,0.6521954255945542,0.2114707460572298,0.23723136352017066,0.9971076267316182,0.982862659908279,0.9988798370672097,1.0,True
820,3.832389520097878,38.815870841107014,0.11887515914266146,0.08250740786087549,0.6779953927704783,0.836815458355528,0.24661591476313663,0.3043855636053638,0.9992033988316517,0.9822881761608425,0.9994651760605904,1.0,True
821,26.321797770694772,16.023234474682894,0.6590475072228839,0.4015271934716698,0.5877039773123605,82.60763549804688,0.2137730661893849,30.04792925144145,0.9993544222078761,0.38995027479717354,0.8929343079115525,1.0,False
822,2.813647283880606,40.34681238261993,0.04422641856806218,0.34791345084396513,0.5503070972583912,0.8928532070583768,0.2001702218601476,0.3247688889273077,0.9988837728477745,0.9669454400637196,0.9992853104632682,1.0,True
823,23.78110283160408,20.953681063584867,0.020736799251996008,0.13591357912571067,0.5956261157989502,3.2975921630859375,0.21665468669976495,1.199475271494204,0.9976525821596244,0.9840788476118272,0.9958081043316255,1.0,True
824,39.653591272848644,41.684942629767,0.1036445663200955,0.16012668699476615,0.5599357929635556,2.3834358377659575,0.20367259020162226,0.8669575275548814,0.9990388576136208,0.9748899497798995,0.9845376845376845,0.9791666666666666,True
825,5.543080206567161,15.42594574196389,0.06661882397743031,0.08417379820807076,0.48845763828443445,0.871835128120754,0.17767292900961779,0.3171237149054241,0.9982497082847142,0.9884364002011061,0.9995921990068847,1.0,True
826,17.604791682200194,38.82482012246148,0.1211500906192653,0.1469338253184107,0.5829268474968112,1.076571717554209,0.21203541981012294,0.3915951668164684,0.9991117184830884,0.9937098676451317,0.9988219430842382,1.0,True
827,7.064817972138844,20.806584497825618,0.04556437597914013,0.08458634421681022,0.5449197350478754,0.5964107978634718,0.19821060786590253,0.21694010911886058,0.999014425230714,0.994540707334441,0.9998250575852116,1.0,True
828,13.38339390426784,25.354556889827112,0.01323787943290432,0.37615037860104367,0.5674898247969778,1.0603428890830593,0.2064203145823688,0.3856920479728547,0.9991170411066418,0.9903085663361925,0.9986019708800764,1.0,True
829,4.122021420728195,27.031754325649175,0.020919462239549557,0.10692988602378577,0.6749439239501953,0.7998167673746744,0.24550596507541061,0.2909275576681896,0.999935591910344,0.9844961240310077,0.9996206733048838,1.0,True
830,35.64540508317927,15.58469195098032,0.07636159371940138,0.05093137250011045,0.457639217376709,72.3788833618164,0.16646295156027688,26.327294728168468,0.8403044634939403,0.6508947528055808,0.5200254914456591,1.0,False
831,3.477804584409746,17.725560606684564,0.9030350627974181,0.051663337541722434,0.558163579305013,0.870226796468099,0.20302796031590686,0.3165386959126825,0.9985791418016482,0.9563567362428842,0.9988830200109805,1.0,True
832,5.920695535511027,17.991664526383317,0.10978444929709037,0.13966051218548028,0.49387722923642113,0.5291321164085752,0.17964426597520491,0.19246797590382866,0.9995061728395062,0.9963215974776668,0.99986506544326,1.0,True
833,37.10958616003246,21.135452248373518,0.03936790206413441,0.08870323336507649,0.5415396009172712,0.6934323992047992,0.19698110855140902,0.2522310140744284,0.9996080352768251,0.9974273519265626,0.9986682647489679,1.0,True
834,8.390782871249764,18.251830200199024,0.04510332768818102,0.1128360638505049,0.41072758761319245,2.8936275135387075,0.14939918592038895,1.0525360553249494,0.9991566874683758,0.957801766437684,0.9965622400887164,1.0,True
835,21.67990950566277,30.53374361678008,0.10022185078153623,0.003398970048698539,0.5351007710332456,0.7979021487028702,0.19463903080459055,0.29023112899005343,0.9984707141764796,0.9954597048808173,0.9992033337418801,1.0,True
836,2.3534329235077176,25.982062179591416,0.05386040584341004,0.1874601741886903,0.6427799860636393,0.9087047576904297,0.23380656556789364,0.3305347756888145,0.9850654467872451,0.9565217391304348,0.966464854652411,1.0,True
837,2.95856973819693,34.5423584691156,0.019462332641975697,0.10191736371092615,0.5199801127115885,0.5618403919956141,0.1891390008286071,0.20436537430835305,0.9991634132738427,0.985062575696407,0.9997951327863019,1.0,True
838,19.513184182159087,41.19937393478867,0.04452212147496764,0.17949154350996252,0.45826148986816406,0.5676030245694247,0.16668929867317545,0.20646149017991805,0.9994901080970834,0.9967063592601976,0.9992111490928215,0.88,True
839,24.502053805020026,26.525153234969302,0.09726401351792534,0.042727010471350496,0.462578257576364,0.8818987236648309,0.16825949166936605,0.32078427491419825,0.9996533795493934,0.9941229128556416,0.9981781376518218,1.0,True
840,29.359148468913247,42.362457046532434,0.05155466370286891,0.5489043455676071,0.47507502668994966,0.9296893103648041,0.1728051009454662,0.3381677547752049,0.9995243243243244,0.9948334106113798,0.9978522654896094,1.0,True
841,2.6671053408551515,20.685749810467783,0.038521386984437855,0.02754457740812485,0.5234944025675455,0.6707355181376139,0.1904172983167776,0.24397518793410397,0.9973530968766543,0.966824644549763,0.9994359078499063,1.0,True
842,18.814447417392685,38.9264217516727,0.14820709947168278,0.35400802770090484,0.5738532122443704,0.840511770809398,0.20873495068913986,0.3057300704955015,0.9992771432702039,0.997251348875089,0.9995840580806171,1.0,True
843,2.248180519754262,30.712475586352262,0.09644924225586635,0.21211153401868296,0.5717478858100044,2.121581607394748,0.20796915344328462,0.771709947340934,0.9999413455334624,0.9209809264305178,0.9981680508060576,1.0,True
844,5.9313510834325305,34.31386290885745,0.8809998916754758,0.182110339568162,0.5206936803357355,0.7532276285105738,0.18939855588495533,0.2739810957578112,0.999245283018868,0.9884169884169884,0.9994951652363016,1.0,True
845,2.1846421137058507,41.79749486333202,0.10068770706845494,0.04723430321799036,0.49844897523218273,1.0841703609544404,0.1813072054772011,0.39435911833160986,0.9995442114858706,0.9555325749741469,0.9990354413474143,1.0,True
846,8.006457336288204,38.87578712760103,0.09432600122096002,0.1337971875344832,0.5999455830407521,1.0416981530567957,0.21822586163175597,0.37891016024962826,0.9989474915214595,0.9821749013039838,0.9987350694746193,1.0,True
847,5.324436377302717,29.600244336382353,0.04314186913343102,0.13900957541360207,0.535204291343689,0.8619896173477173,0.19467668556792492,0.3135424816529664,0.9997620558375635,0.9859488742170306,0.9992296070996208,1.0,True
848,5.387066354393978,28.978373112728846,0.1001740677077829,0.07185335557661773,0.5354360631994299,1.4786306845175254,0.19476099090219326,0.537841204744851,0.9993083174822757,0.9683393070489845,0.9983897998751273,1.0,True
849,28.918345302758315,41.064391432583896,0.0920060018407292,0.42732661345473655,0.5333829419366245,0.7713267885405442,0.19401418290947609,0.28056453416289573,0.9992734588945398,0.9968360821272298,0.9988620558856999,1.0,True
850,23.887268284989617,29.55463260148997,0.1488830930856563,0.20365965401175887,0.531513786315918,0.9829910278320313,0.1933342910869792,0.35755586854676336,0.9960704181075134,0.992936427850656,0.9972628421447319,1.0,True
851,37.81047062078801,16.4940319493896,0.8123818163016318,0.13281859252077854,0.44035788143382354,83.0770595774931,0.16017699074501435,30.218678861245458,0.9985228951255539,0.5720727491357283,0.8821210738143646,1.0,False
852,2.2395891911952215,28.71794422080831,0.130593992351376,0.050927910727248164,0.5611681256975446,0.7018320511798469,0.20412084231030309,0.25528632665856515,0.9993578892067013,0.9661733615221987,0.9993483259353982,1.0,True
853,8.144073312819405,42.83374641749467,0.11517609317418173,0.02156192506005192,0.510540783405304,1.1105947494506836,0.185705513143525,0.4039707983084141,0.9993597227976347,0.9852250601305692,0.9988307756550788,1.0,True
854,27.47867890081748,20.403652650026427,0.00024829573089116817,0.0006866858056953906,0.49642040615990046,0.46416473388671875,0.18056932816600463,0.1688365609396002,0.9993455497382199,0.998778320746335,0.9997280761386812,1.0,True
855,6.941115966300217,36.19201760869304,0.13912514772013854,0.25327313752449293,0.5104024410247803,0.587378740310669,0.18565519210434514,0.21365476358505717,0.9994205837618599,0.9918346516968615,0.9994980129679983,1.0,True
856,13.028005163498397,23.069019094509947,0.031001839111548482,0.17231905346008336,0.47540657193053004,0.48041175393497243,0.17292569812601188,0.17474629683766038,0.9997355546740712,0.9970085882466467,0.9996580503805773,1.0,True
857,2.4082803209615538,15.307572530310651,0.08063122373806818,0.04215485720083146,0.4742445945739746,0.4761242185320173,0.17250303727643002,0.17318673688083178,0.9993815708101422,0.9688073394495413,0.9993969223586172,1.0,True
858,36.38375910552402,36.626993476378615,0.0496379004268571,0.02393268272888243,0.5669686635335286,0.8709767659505209,0.20623074594651208,0.31681149188139274,0.9993771022798057,0.9975839982020451,0.9988766356027404,1.0,True
859,19.182811614374188,26.77597406009424,0.05648232204050321,0.217857720184913,0.5505628278178554,0.7065306632749496,0.20026324199941054,0.25699541278556065,0.9995504270942605,0.9978204010462075,0.9996431495203509,1.0,True
860,2.6667673547544126,24.946732822913575,0.013889883586927604,0.035384650346374044,0.5425551732381185,0.7050658331976997,0.19735051562936934,0.2564625914517793,0.9996410624551328,0.981263011797363,0.9996238326545966,1.0,True
861,36.06845569325823,30.902642113077583,0.11303989157270755,0.2971330201710381,0.5656975863272684,5.038694415176124,0.20576840081659092,1.8327886083898988,0.925259811132729,0.9809540150995195,0.9671307356454403,1.0,True
862,27.87060748244208,33.94041708279899,0.01533497802605398,0.09333413605958901,0.49067235397080244,0.6126026218220338,0.17847851580380242,0.22282976783896966,0.9995883503138829,0.9989641599337062,0.9997799723023957,1.0,True
863,4.185195116760692,38.80132471120224,0.06480920113487558,0.00891017806607607,0.483791708946228,0.6310954093933105,0.17597573099878783,0.22955638541195172,0.999795090365149,0.9800779558250324,0.9991475017882865,1.0,True
864,3.867914839785277,41.646457655354915,0.11062161513504759,0.03785508365528949,0.6047000550387198,0.6126473410087719,0.2199552663939377,0.2228460341193345,0.9989747413552055,0.9851668726823238,0.9996740618413333,1.0,True
865,4.872955907113952,35.240382460151366,0.09337523728176862,0.30168610189456285,0.49968113218035015,0.5624185970851353,0.1817553936450622,0.20457569222288977,0.9992431886982845,0.992639842983317,0.9998100384144539,1.0,True
866,2.6478521182487698,37.200106987105414,0.1327554274409372,0.41292819319780605,0.5059476318359375,0.7552525634765626,0.18403478751912755,0.274717651189158,0.99930151338766,0.9575715764056572,0.9989537143141847,0.9920634920634921,True
867,5.864694913830053,28.639609705601313,0.7779573873112902,0.40080809888977115,0.5006426030939276,2.2436932650479404,0.1821051217278758,0.816127178603123,0.9994900560938297,0.9470644850818094,0.9971155142202454,1.0,True
868,6.419470319387949,30.172591005119777,0.12155270317628028,0.032453932025941025,0.5065434455871582,0.922003173828125,0.18425151045685334,0.33537197826521736,0.9998980874409756,0.9850885368126747,0.9991944668203661,1.0,True
869,5.0607118350665505,30.88128261722654,0.9115557416306467,0.4304941105143398,0.5365123091072872,0.7152870441305226,0.19515246755809162,0.2601804829169186,0.9988779174147218,0.982363315696649,0.999377748278437,1.0,True
870,2.48811894665465,21.340812120795086,0.03052548755135887,0.012105503748848999,0.5474593950354535,1.7437448086945906,0.19913439079673426,0.6342745477258235,0.9997880308061895,0.9382716049382716,0.9984364987825195,1.0,True
871,10.25644220399111,33.8022122926685,0.1432541103583968,0.19765161381205862,0.5897789001464844,0.6488216234290082,0.21452780434580423,0.23600416741211735,0.9993762993762993,0.9935083262771662,0.9995530667507952,1.0,True
872,24.63756883045472,41.48796931985004,0.002378238342846567,0.260048826723842,0.5433401810495477,0.6421526858681127,0.19763605653654384,0.2335783896640446,0.9991121155864073,0.9973923461836633,0.9995121402034,0.9743589743589743,True
873,5.589081626207536,34.42459381744047,0.04307775961866059,0.23935766178231718,0.5231380462646484,1.0407055270287298,0.1902876762919708,0.3785490997195134,0.9984362361822594,0.9758975223327153,0.9988877831762571,1.0,True
874,8.66153205407586,30.902279437970886,0.13090074674655217,0.14533589171563166,0.45917079323216486,0.8309996755499589,0.16702005118757515,0.3022701147218569,0.9997831273042724,0.9899841855561413,0.9991257490740888,1.0,True
875,17.68162221061,15.763013821117577,0.5763447977833371,0.007163463116236299,0.6276966857910157,2.887474365234375,0.2283201243117369,1.050297892184127,0.9984486503257834,0.9807345807345808,0.9965635738831615,1.0,True
876,17.163572380925135,22.441212656617335,0.11662758402987115,0.0633903913031369,0.43858119419642855,4.6494140625,0.1595307336273845,1.6911906988786778,0.9993317741396592,0.9639387452659312,0.9930530873372322,1.0,True
877,2.556059237642781,41.56479554083698,0.7867477396949414,0.06297620248017503,0.44721341133117676,0.6245067914326986,0.16267064010436055,0.22715982333688875,0.9997768687244328,0.9531100478468899,0.9990170305177735,1.0,True
878,5.4078594524761,32.1762039216286,0.04244735003496701,0.011731463903633766,0.5198985069028793,0.4796660638624622,0.1891093173065959,0.17447505747331832,0.9989346590909091,0.9943910256410257,0.9998554913294798,1.0,True
879,38.79504144742032,20.758394748363866,0.07353881407290955,0.037666439773501904,0.47295417785644533,0.6787971496582031,0.17203365753932187,0.24690754802553383,0.999062089664228,0.9980913489280483,0.9993227851997784,1.0,True
880,22.864011673179224,43.42604573923417,0.13083974612613325,0.27082442501021503,0.5243772097996303,0.7555803571428571,0.19073841305505104,0.2748368837617223,0.9988372093023256,0.9966439433665443,0.999425990166962,1.0,True
881,7.60753010171888,15.197238088951956,0.12641109353639823,0.07431020559389812,0.5785573550633022,7.039761407034738,0.21044604857688032,2.5606622369745593,0.9964177459355195,0.9041931385006353,0.9926878264363198,1.0,True
882,13.503824937861108,32.88969726318858,0.027361132870580146,0.011278119424384192,0.5903407202826606,0.724938710530599,0.21473216235220496,0.2636912066823369,0.9998604001861331,0.9951493489915751,0.9995498459087918,1.0,True
883,15.320786189140884,37.4062780643592,0.021553795949330205,0.11893593477161861,0.48937437874930245,0.5843706403459822,0.17800638671560598,0.21256058900452085,0.999275012083132,0.9971837884167993,0.9996922352770787,1.0,True
884,3.0522588748200663,31.064207998162278,0.01325290580652339,0.2183270291809996,0.5937976837158203,1.1225395202636719,0.2159896077691829,0.40831562219968554,0.9999728371587668,0.970954356846473,0.9991523561359997,1.0,True
885,39.83705308362933,39.20026563030295,0.13392564265145127,0.3937395639396018,0.5207202434539795,1.4131526947021484,0.18940821802687333,0.5140240600749061,0.9992240328123267,0.9838193018480493,0.989897935211047,0.9142857142857143,True
886,2.9730710095322013,21.088664770643312,0.04400046352261392,0.09103756905252904,0.6543472691586143,3.4787445068359375,0.2380140810351221,1.2653681248111532,0.9979450775266205,0.8854166666666666,0.9964881729792483,0.95,True
887,4.856634119270255,30.18416609118625,0.08561222592217188,0.03352551124698756,0.5560241206999748,0.5798621639128654,0.20224974774012025,0.2109206633478025,0.9993308239230447,0.9911464245175936,0.9997668785031573,1.0,True
888,37.42613502288918,41.06387277526474,0.015997926061014172,0.176472848031115,0.5202094395955403,0.6211697896321614,0.18922241682209118,0.2259460130951364,0.9992287917737789,0.998589562764457,0.999500702137619,1.0,True
889,3.6580085108284504,28.557889938075725,0.8027523634463098,0.023552814683824874,0.6474108329186072,0.7843051323523889,0.23549100257947747,0.2852853127484105,0.9989366227137388,0.9571279191355873,0.9987856494417524,1.0,True
890,3.713804247485863,43.532815475914134,0.040575076618880386,0.0009153187636284477,0.6947241465250651,0.842645263671875,0.2527008778086471,0.3065061130756293,0.9990142747617831,0.9759432767789313,0.999257155341927,1.0,True
891,2.7870878409049102,31.208052085630555,0.0005596488969219771,0.01217648978142163,0.6255576724097842,0.9440354846772694,0.22754207368288615,0.34338607180087494,0.9992612656981039,0.9690721649484536,0.999501329787234,1.0,True
892,3.9378428273309733,20.849857504300054,0.06496616376259252,0.028343185266213215,0.5114362890070135,0.9590306715531782,0.18603124682180072,0.3488404624470048,0.9994736842105263,0.9698216735253772,0.9989446705864616,1.0,True
893,12.526373355619537,23.81952518221464,0.1473921243580482,0.07012642904428615,0.6019282133682914,0.727145816968835,0.21894702905719415,0.264494025667612,0.8696072897346988,0.9944219621568413,0.9772376967962128,1.0,True
894,13.467555173965856,44.49661967942814,0.09189330300478799,0.1779502357912674,0.5213359424046108,0.7477103642054966,0.1896321740618962,0.27197423081728905,0.999199950766201,0.9957943524161016,0.9995851961100612,1.0,True
895,3.961065395738521,26.50866285975263,0.7540007872838904,0.05164029396814687,0.5837706052339994,2.2019298260028544,0.2123423305773847,0.8009360300590722,0.9989877078814172,0.9150823827629911,0.9972517353732824,1.0,True
896,6.262921706683209,17.721007950484843,0.05302761936953378,0.11510595407522789,0.5240518906537224,0.592231974882238,0.19062008057135935,0.21542009251824765,0.9972936400541272,0.9884020618556701,0.9996700541111257,1.0,True
897,4.9553058845704365,19.69285285460406,0.0024243274544814395,0.15277111530496662,0.508136510848999,0.49505138397216797,0.18483097641048002,0.1800713562582914,0.9993412384716732,0.9885511251480458,0.9995732442712683,1.0,True
898,8.05813499044392,38.930679597522,0.02359583198253017,0.0775455841658953,0.5431422591209412,0.5516155958175659,0.1975640638681637,0.20064617873622384,0.9994532531437944,0.9957751888362566,0.999786701828547,1.0,True
899,5.547894505059652,33.76898213616812,0.08075509472174615,0.028221799001924314,0.5181152966557717,1.0585464166135203,0.18846068749141615,0.3850385941202972,0.9993784959602238,0.9837770382695508,0.9991488101846712,1.0,True
900,8.187424649167088,24.666756345197374,0.00199601879441213,0.16656266029079492,0.5642148590087891,0.5974905395507812,0.20522906949090614,0.21733285733922178,0.9992844364937388,0.9945790816326531,0.9996232989593634,1.0,True
901,14.37726738274813,37.685485389201446,0.040015768903660445,0.226061640151987,0.5457504391670227,0.6370764970779419,0.19851277047412305,0.23173196274824673,0.9996725069592272,0.9971969166082691,0.999653582176803,1.0,True
902,2.02359946209676,41.263598606744864,0.0359952799610431,0.07277091790681028,0.5690504312515259,1.005292922258377,0.20698797387987664,0.36566802115657626,0.9989061474513236,0.9482587064676616,0.9992417266966365,1.0,True
903,12.397781363345326,26.82410636532451,0.030975382397819412,0.03581949903433103,0.47212397257486977,0.992230224609375,0.171731676379656,0.3609165594736007,0.9999023151313862,0.9900332225913622,0.9988570460991407,1.0,True
904,6.742414416164826,43.18006370652988,0.0385782183974796,0.14635659256439149,0.5468217134475708,0.9278301000595093,0.19890243873658722,0.3374914804891751,0.9996491091270615,0.983340217540961,0.9988590057049714,1.0,True
905,13.405947466318288,20.197887026698368,0.02627989348569258,0.016874817467871374,0.5221362480750451,4.462853651780349,0.18992327945451218,1.6233307003612711,0.9967779730521382,0.9647157190635451,0.9944609297725024,1.0,True
906,7.2519446383125175,32.52093262507864,0.08813031123950334,0.017555082986357717,0.5685370309012276,0.6465166364397321,0.2068012282199819,0.23516574508515345,0.9988003427592117,0.991921664626683,0.999672261225053,0.9722222222222222,True
907,5.323987084495176,25.250577657979065,0.03173791884846976,0.44150287421173173,0.5053201333070413,0.6060026119916867,0.18380653947295145,0.22042906205377893,0.9997681428240204,0.9955242966751918,0.9998238351096627,1.0,True
908,3.9880622553612195,35.553112380252756,0.07168819092694786,0.11559169643757096,0.4905760447184245,0.9708349863688152,0.17844348401062415,0.35313419648627997,0.9993201903467029,0.9724260055653934,0.9990250652577287,1.0,True
909,8.20992355752417,29.44411636512813,0.014029747905664197,0.11207356804688993,0.4646720886230469,0.637969970703125,0.16902110755118954,0.23205695730977446,0.9997170745508559,0.994198694706309,0.9996698943661971,1.0,True
910,7.196562348501178,22.356690037918163,0.7922686253766515,0.014646556912278938,0.5797882080078125,0.8278083801269531,0.2108937624228534,0.3011093041198733,0.9697568919390485,0.9904587155963303,0.9933692696656014,1.0,True
911,37.776418839667016,42.97318988298814,0.0174699264778375,0.21943798050976124,0.5275645785861545,0.7374687194824219,0.19189779537144713,0.26824890670890655,0.9992956092979572,0.9984009746440266,0.9992015613910575,0.9230769230769231,True
912,25.021447240497476,19.950354376629495,0.13849794252461406,0.22066872433559703,0.5182252611432757,1.3467058454241072,0.18850068627749408,0.48985449979091783,0.99915611814346,0.992096541174471,0.9976932567995279,1.0,True
913,15.916032714739044,34.715293226742375,0.11067750951534291,0.06784655721322888,0.5666735400892284,1.0248935647206763,0.2061233969306335,0.3727976129242027,0.9991625792558918,0.9950105545960468,0.9992378436055078,0.9605263157894737,True
914,9.250154450330584,43.578107820739575,0.020732012939224036,0.42394365595742756,0.504486810593378,2.449700491768973,0.18350342436993694,0.8910608156268531,0.99910654456109,0.9704918032786886,0.9973846817071418,1.0,True
915,3.306711139093427,27.81184817461269,0.12923477957547433,0.058863448942517736,0.6448612213134766,2.5016746520996094,0.23456359981982056,0.9099660401028031,0.9999673127839702,0.8764044943820225,0.9964997499821416,1.0,True
916,12.504975582399954,37.150859516216585,0.09196852103724885,0.12676557259335205,0.5313958326975504,1.0595664978027344,0.19329138631239887,0.3854096412664772,0.9997208263539922,0.992080033347228,0.9991556151591914,1.0,True
917,8.93311720072081,34.0549076459467,0.11187766818863687,0.1420731021233823,0.46782672020696825,0.5116702664283014,0.1701685819471886,0.18611635441456625,0.999715018523796,0.994239385534457,0.9995028379666073,1.0,True
918,7.730476130038817,25.000896445159157,0.1084560923877864,0.2435389119891255,0.4318068368094308,1.0630698067801339,0.15706661018091084,0.38668394453958477,0.999061473486626,0.988391376451078,0.9991771240485496,1.0,True
919,6.092278332131442,22.98551221852742,0.005284344381284383,0.045906101701962264,0.538113463158701,0.6116450440649893,0.19573487575035467,0.22248145586365464,0.99850828295517,0.9921841076856275,0.9998048332472304,1.0,True
920,9.559820579574072,33.109677082181854,0.565512628509927,0.5019810828086751,0.46642830060875934,2.0454468105150307,0.16965991694428093,0.7440164662671571,0.9994046437785274,0.966055957960517,0.9969775194904591,1.0,True
921,9.80004463093798,29.84444176327201,0.861994793433058,0.21545868527222542,0.5397251498314642,77.17679669780117,0.19632111510736697,28.072500962495635,0.9996144206670522,0.5167509783334924,0.8962915889383162,0.9117647058823529,False
922,19.79655829720444,36.58720427332571,0.01460018776046828,0.07803801103288992,0.44111818880648224,0.559011510900549,0.16045354704644169,0.20333638929391978,0.9995901303385524,0.9957630506035654,0.9990600767603979,1.0,True
923,7.722448748422528,32.93032836118665,0.14177400617216074,0.3683027897503108,0.5086323131214489,0.6330190138383345,0.18501132089698488,0.23025608260003072,0.9981935483870967,0.987582176771366,0.99929766147283,1.0,True
924,19.0758158429861,22.967113768046513,0.07811863854322271,0.08917399822346171,0.45351864042736234,0.951065426781064,0.16496412153200407,0.34594316233739736,0.9992939515180043,0.995609909062402,0.9992279423118495,1.0,True
925,10.970394558504335,25.703859087980405,0.113163131524592,0.028325005675270323,0.4767113710061098,1.0197976919320912,0.17340030934171838,0.37094402609651334,0.9992337164750957,0.9918055948007912,0.9991973660502219,1.0,True
926,4.423433398444846,21.238666331272213,0.8217813308659814,0.1434008012466662,0.5296833801269532,4.1761102294921875,0.1926684940896942,1.5190298568098952,0.9997042295178941,0.9072164948453608,0.9955897266573902,1.0,True
927,27.849226023845613,42.85885903886211,0.07442552877504166,0.0029806387281210386,0.5804590823045418,1.6443092004576725,0.21113778809049533,0.5981055652417817,0.99845700659279,0.9917132158860721,0.9973167142733489,0.9852941176470589,True
928,2.1838234807135084,40.89188141326656,0.09476294551012988,0.15953950118233137,0.5875556945800782,0.5813643137613932,0.21371912941923085,0.21146705947815408,0.9995125913891145,0.9761709120788825,0.9995529881026064,0.9375,True
929,8.546876335563743,36.921992174125805,0.05611044351381184,0.017911512329958763,0.5066476821899414,0.8126964569091797,0.1842894257663396,0.29561245147467674,0.9998805913118238,0.9861111111111112,0.9989416709503794,1.0,True
930,14.488074964616413,25.627100386832215,0.05691690647721653,0.16680724106239986,0.5781384172110722,0.6772318872912176,0.21029366296665597,0.2463381951735903,0.9988579259936043,0.9961734693877551,0.9996844288161573,1.0,True
931,26.969957986086953,28.224162503746257,0.6217147336361191,0.2517271264009563,0.581435309516059,6.554455905490451,0.21149288366983432,2.384135874879583,0.99867197875166,0.9640835648862818,0.9897937804914549,0.9375,True
932,39.99459081886855,27.579138711335787,0.12777362643255513,0.33130872586615767,0.4384936566622752,0.5036356224204009,0.15949889248319454,0.18319381083546069,0.9994023734312303,0.9983130152465226,0.9992967866206011,1.0,True
933,4.714176939565252,24.52311394494604,0.03934938175433115,0.09533923716569273,0.49486291603963883,0.6190100497886782,0.18000280241252814,0.22516042336572167,0.9996471418489767,0.9885398981324278,0.9995284179447224,1.0,True
934,7.2974616970591795,44.590048427583426,0.5596102872743902,0.003066991233897606,0.5945142110188802,1.8640752519880022,0.2162502393873047,0.6780438751623957,0.9984596953619715,0.9691202175179646,0.9979618681429873,1.0,True
935,11.255937307420435,41.71443629594347,0.10847193449566059,0.11900626956967092,0.5333838722922585,0.6845037286931818,0.19401452131960123,0.24898327482823177,0.9988432011778315,0.9952189711225856,0.9997002269710077,0.9166666666666666,True
936,13.497885348155995,32.49827839501851,0.09433878864425914,0.1683878133475291,0.5318667841892616,0.8317281685623468,0.19346269150735426,0.3025350987801031,0.9994751880576127,0.9949002415675047,0.9993694332781587,1.0,True
937,2.6151840503590997,30.39929931410152,0.1269967606255115,0.1872674369690458,0.5503528118133545,0.566800057888031,0.2001868501984969,0.20616941686383394,0.9991472773784871,0.9770200148257969,0.9995712601379113,1.0,True
938,17.443778829369105,44.95195085642756,0.0054118622971195685,0.20502927829590314,0.46053792559911333,0.7797220623682416,0.16751733568666236,0.2836182542276359,0.9997171945701357,0.9950013732491074,0.9990513710478444,1.0,True
939,13.01595546223555,33.06200774800225,0.06295707155566185,0.18572807203447986,0.5386046091715495,0.8725062052408854,0.19591352655614547,0.3173678143486099,0.9999193613418272,0.9949109414758269,0.9995214547774764,1.0,True
940,2.5754377282220307,43.11617334527442,0.08376515899313819,0.09698671685274392,0.5565365155537924,0.5837148030598959,0.20243612765795094,0.21232203294061747,0.9995105237395986,0.9846782431052093,0.9997505499240311,1.0,True
941,29.91577343937,21.65102129359093,0.13315942385735602,0.1013505424053854,0.49207096099853515,0.818218994140625,0.17898724898284218,0.2976212344039841,0.999628666914222,0.9979540804728347,0.9994024499551838,1.0,True
942,2.1233336440280524,31.842419976236563,0.0572589169873845,0.02087566539754378,0.6200449625651042,0.5771074930826823,0.2255368653943547,0.20991867177986434,0.9998189258682505,0.9632829373650108,0.9997331401776524,1.0,True
943,37.75186853536271,21.98605250097194,0.015903820102244497,0.04318642832961893,0.5668166233943059,0.3642002986027644,0.2061754424467908,0.13247522144642981,0.9998219690226099,0.9987492182614134,0.9994360176912346,0.9629629629629629,True
944,5.06739262709066,34.62588477684278,0.12765876383131178,0.0977347378156304,0.5603030622005463,0.961555540561676,0.20380618172718515,0.34975886526629735,0.9995721532913636,0.9868101353696633,0.9993666761512268,1.0,True
945,8.293621525403857,37.07029890986115,0.05343440797346618,0.0048343748345641945,0.649802007173237,0.5544007953844572,0.23636077490013277,0.20165927491108135,0.998280309544282,0.995056952503761,0.9998338192860272,1.0,True
946,23.113303475287953,28.762217924162538,0.12369701770814182,0.42859358046166884,0.5089778304100037,1.8420159816741943,0.18513700030880983,0.6700199753166799,0.9980353634577603,0.9879443585780525,0.996914696682767,1.0,True
947,27.091507391538876,44.863058260029405,0.9572721204301455,0.11657430495751507,0.557712307224026,10.191873129312095,0.20286381336410397,3.7072200515469014,0.8191979791600884,0.9429017160686427,0.8881102268677991,0.6015625,True
948,7.494385345689738,40.72867360242879,0.09164744128533461,0.04492146591028546,0.5230880245085685,0.7246427228373866,0.19026948124040372,0.26358354330217454,0.9996063133030314,0.9910085054678007,0.9993062056054182,1.0,True
949,4.417227894334125,21.80302167342989,0.01857935167975561,0.014427984462400905,0.49708222443202754,0.6863244254634066,0.18081005977027206,0.24964554009475587,0.9987843001042028,0.9727205701646596,0.9989565292225605,1.0,True
950,30.58409366356131,24.685334070808366,0.734211656821963,0.316841797898923,0.5461653195894681,39.955345153808594,0.19866368022364303,14.533467483486442,0.9992624280867385,0.8133675183449739,0.9400989817395756,1.0,False
951,17.390894115033397,40.0223101911952,0.5223591167734342,0.376095852108393,0.5628088835243866,4.308960531359521,0.20471765608910764,1.5673531921465742,0.8634985989592269,0.9723630219647599,0.9640498339293213,0.9727272727272728,True
952,10.590702212497547,18.83600942783252,0.8494313948634906,0.021388584709751877,0.45857954025268555,78.21188259124756,0.16680498719754583,28.44900596119128,0.8808483198395071,0.5361131794489948,0.5911962713619886,1.0,False
953,6.730805174229181,43.494280740157265,0.034281835364523616,0.16158224036655447,0.5401164293289185,0.6143369674682617,0.19646344019131542,0.22346062350940746,0.999287122069862,0.9928172386272945,0.9997226624405705,1.0,True
954,17.329949752367217,41.46022402083525,0.6859483305155054,0.2378066833660668,0.6146226812292028,5.136585376880787,0.2235645498210996,1.8683957368826012,0.909078609119199,0.9608397762272928,0.9758325928336317,1.0,True
955,2.0726264391249467,35.59558174099085,0.9614075629950943,0.1827415181513712,0.6739505132039388,0.763067881266276,0.24514461910973603,0.2775604164445367,0.9999486521181001,0.9621621621621622,0.9994781040945107,1.0,True
956,34.65034136517481,43.63455516405398,0.6291794330956378,0.19969971554133478,0.615289580955934,3.2195690026443997,0.22380712976768455,1.1710949118484346,0.9984776573833617,0.9869644762921177,0.9942786726520553,0.967391304347826,True
957,7.717897162580363,16.357967382815097,0.0741736577671776,0.056737970185190015,0.4564432416643415,18.12207875932966,0.1660279240549501,6.591774926934715,0.9422832443427409,0.5808,0.9621789883268482,1.0,False
958,7.945361056044526,28.876727259995352,0.6687672821685999,0.12915363037250935,0.5009828047318892,1.1026239395141602,0.182228867610288,0.4010714739105501,0.9996997297567811,0.9881226732848786,0.9991407089151451,1.0,True
959,37.33232569955578,19.804535667051972,0.06221058501426429,0.18692658901603212,0.4622791044173702,3.6755218505859375,0.16815067687394675,1.3369444587376504,0.9946417940067473,0.9887871425901701,0.993899030164556,0.9393939393939394,True
960,15.530823297185608,38.78085051348725,0.07313203758383176,0.020091369522908437,0.6085756409843013,0.5888991445865271,0.22136498271856805,0.21420779963117006,0.9988007538118897,0.9970409593521259,0.9997338419908619,0.9464285714285714,True
961,17.02581368815496,34.89528307097767,0.08335778042991975,0.24930358843586417,0.5235533820258247,0.7467273288302951,0.19043875166765703,0.27161665881770775,0.9994142749560706,0.99637943519189,0.9994393626438477,1.0,True
962,32.01150280406888,39.61586653756565,0.02557270463939779,0.34611518340113023,0.4944928267906452,0.9184946520575161,0.17986818512801886,0.33409577887632563,0.9993805492463349,0.9970408612982434,0.9988274082964311,1.0,True
963,6.038280243846979,32.40868323401393,0.11726807383320573,0.18880423710894556,0.5528737306594849,1.7854020595550537,0.20110381617483142,0.6494270710866251,0.9995354838709677,0.9731934731934732,0.9983306783169422,1.0,True
964,31.479723159856178,15.903755108087958,0.044096620120867736,0.3424860101903421,0.5704096668171432,76.94623090636055,0.20748238597466026,27.988634325383455,0.999604378214427,0.6061109572602233,0.8904644471845459,0.9464285714285714,False
965,31.07973593283385,42.07811845949166,0.08017040249417397,0.14283914678448348,0.49003824980362604,0.7873687744140625,0.17824786500453324,0.2863996903645461,0.998832593976185,0.9974160206718347,0.9992483237619892,0.9583333333333334,True
966,2.4485561374645446,29.06736634755851,0.6197082750522211,0.021421740427311937,0.5435941786993117,0.744837140280103,0.19772844634245132,0.2709291164194097,0.9995867768595041,0.9761616161616161,0.999521245933033,1.0,True
967,3.1591284897490004,33.24688747483728,0.14842038287790607,0.13141659004039777,0.5670932069116709,0.6246697562081474,0.2062760476984941,0.2272191005939321,0.9991459317884188,0.9759316770186336,0.9994140600650767,1.0,True
968,6.140608490134179,23.40179641848813,0.7293005281401734,0.04351561922193006,0.5037363597324916,1.1267722901843844,0.18323045330329593,0.4098552616089046,0.9990898452736965,0.9810484863401427,0.9990035280493388,1.0,True
969,24.964353314472625,25.87828710195562,0.015088112842059053,0.15849464215817013,0.6161971092224121,0.6691322326660156,0.22413723660321383,0.24339200445318243,0.9996727534524511,0.9969632553902217,0.9993531973610452,1.0,True
970,2.5149952075605273,28.32475442965579,0.03138167277265706,0.1465815028146168,0.5346830501112827,0.6948735436727834,0.19448708784393912,0.2527552199393465,0.9990905332782142,0.9803439803439803,0.9997175179241603,1.0,True
971,8.235656665306076,20.603382573565863,0.8646001731900494,0.46725070430446614,0.7300567626953125,0.7018550526012074,0.2655528610974925,0.255294693259032,0.9924161882486356,0.9831546707503829,0.9884858365600163,1.0,True
972,37.17411488779764,16.338950659717902,0.10034661791915801,0.21511219567011633,0.5523089847049197,66.99567227750211,0.20089839392317754,24.369190676020942,0.9993037827802275,0.744497780998098,0.9051370093583788,0.8409090909090909,False
973,17.754604211929493,17.909014840688556,0.0887344568756122,0.2153300642312762,0.4832455834677053,1.3128805825876635,0.17577708181046373,0.4775508053625147,0.999007389434212,0.9912280701754386,0.9984447900466563,1.0,True
974,7.799376859637013,31.057619221495163,0.08557170654272146,0.20564122789037112,0.5547494207109723,0.5990640095302037,0.2017860848492091,0.217905195650758,0.9988311688311688,0.9910175231924606,0.9995351200579479,1.0,True
975,15.658588106427468,27.148520520266516,0.07338973199785848,0.5101021273807813,0.5246232350667318,10.631458282470703,0.19082790296449298,3.8671159679771234,0.9916420213449917,0.9262536873156342,0.9735466666666667,1.0,True
976,15.055141537726577,27.47556788612821,0.043618494997219676,0.1264313273064218,0.4040120032525832,0.9844611383253529,0.14695644073668923,0.35809061059365527,0.9988125082464705,0.9946709299227284,0.9993595438299279,1.0,True
977,34.877558958932134,20.21913734377815,0.023103629650649327,0.06496975801487553,0.49308334350585936,1.1327783203125,0.17935549578923085,0.412039911578409,0.9990029910269193,0.9975367619616332,0.9991460290350128,1.0,True
978,39.513291991178534,24.38249150119667,0.04078365875739474,0.1702688377075493,0.5365474535071332,0.7107869023862092,0.1951652510790554,0.2585435889429011,0.9992821249102656,0.9987085011015726,0.9995296015052751,1.0,True
979,18.99080719580828,21.462235815708066,0.14438551732302912,0.029989625721793835,0.6289052229661208,0.9182833158052884,0.22875972095817712,0.33401890684486124,0.9866012861044798,0.994169835234474,0.9695828232413598,1.0,True
980,17.513337073256736,42.869476959399606,0.06791966551410596,0.06421467081087974,0.4884633421897888,0.8527116775512695,0.17767500376388853,0.31016769823346774,0.9996679671287457,0.9963513027390924,0.9992801563089158,1.0,True
981,7.205336633192579,21.823292163575346,0.07017136411471611,0.18611857581368674,0.5922875275483003,0.6699488871806377,0.21544029939827156,0.24368905661948995,0.9991879455021203,0.9943111550828593,0.9997691673536686,1.0,True
982,32.46050322257363,38.922336555267165,0.042868216336480705,0.3212083394941141,0.5218011093139648,0.4891278076171875,0.1898013751569053,0.177916698251718,0.9992345376607471,0.9987933392325637,0.9996897974377268,1.0,True
983,22.29254867060503,35.406190182241446,0.09888027429214888,0.09477949211292536,0.5145719701593573,0.8773862665349786,0.1871718281355333,0.31914290130786654,0.9997796628842128,0.9970926207946836,0.9995002204909599,1.0,True
984,9.537382967150009,34.63078996145262,0.5974463966252499,0.05731018497571817,0.5308207557314918,1.5680139632452101,0.19308220623012096,0.5703537251587156,0.9995772563939971,0.9827966475518306,0.9983799979929179,1.0,True
985,32.01599752172027,16.97785808658521,0.08293068176384218,0.02724603108253952,0.5635200949276195,0.8289696188534007,0.2049763540871597,0.30153169629810184,1.0,0.9984171435529039,0.9994242437663315,1.0,True
986,4.451808436747939,37.25717315748239,0.6601927437012602,0.09688913521993732,0.6511078643798828,0.6930633544921875,0.2368357710033526,0.25209677673246456,0.9987531172069826,0.9769349051768323,0.9991755976916735,1.0,True
987,2.131587528729739,19.40662213085115,0.10560740960521163,0.12904076289138203,0.7159052349272228,0.6446198054722377,0.26040534534290555,0.23447578655565937,0.998479148323061,0.9577897160399079,0.9995015231237884,1.0,True
988,37.813967300991756,30.420993743443475,0.1336031898638417,0.044290460965143635,0.5067804084633881,2.6112486641362027,0.1843377039872364,0.9498227935569071,0.9926154902970977,0.9906286962059867,0.9942588971450919,1.0,True
989,25.86084790632552,21.247858907612184,0.889178443572302,0.020205387118698917,0.7295065659743089,10.994124192457933,0.26535273102419576,3.9990330666751435,0.9991953868848062,0.9494505494505494,0.9838530066815144,1.0,True
990,5.009137940518145,30.455620314571604,0.07904144922879963,0.005932247471981929,0.5506703245873544,1.3656029046750535,0.2003023431709329,0.49672816826005295,0.9991525976142364,0.972596585804133,0.9987124210028941,1.0,True
991,13.870410285867106,37.914108964059395,0.07262955721692256,0.19269732730554498,0.5682986668178014,0.8957057407924107,0.2067145250106273,0.3258064774178974,0.9995491840230818,0.9949920605838525,0.999313003320484,1.0,True
992,4.139774572356931,24.228857871472748,0.11200089386261981,0.06223268870816724,0.7499876022338867,0.5250053405761719,0.27280255966066064,0.19096689107673004,0.9997048779459505,0.987487969201155,0.9998035234789443,0.9411764705882353,True
993,30.820731245719347,40.78683417390275,0.10821110288418322,0.05826233802981701,0.5513309355705015,1.391935286983367,0.20054263563257585,0.5063063816522135,0.9991315256199942,0.9936485532815809,0.9974062721056355,0.96875,True
994,11.14396576736568,15.9873488045112,0.08981403560066649,0.06274274319540911,0.5651859707302518,0.39676856994628906,0.205582304347779,0.14432169432114506,0.9997398543184183,0.9959919839679359,0.9996336508359421,1.0,True
995,20.609143909842178,30.78116391075052,0.019500905596388313,0.29124990081284524,0.45712977189284104,0.5023398766150842,0.166277644454409,0.18272249268125773,0.9995874587458746,0.9978113120608225,0.9995719932525995,1.0,True
996,29.177075952337137,16.544321420633334,0.1465532760166734,0.1291665718221474,0.5604046852357926,4.7201198454826105,0.2038431463704047,1.7169094154588116,0.980372420734776,0.9768743914313535,0.9909495253479675,0.9393939393939394,True
997,28.102893104193257,27.164394581615056,0.14796731173871644,0.08380876215300198,0.6074541877297794,2.7504191679113053,0.22095706221766634,1.0004450565730254,0.9999716448804832,0.9900381256917968,0.9966923013313487,1.0,True
998,13.100541877477074,40.68885616699518,0.10196779128671322,0.15563062151259532,0.5030860900878906,0.6913765498570034,0.18299392242866758,0.25148321376055,0.9991050653302309,0.9948205697373289,0.9995987516718681,1.0,True
999,2.488233033287313,26.15866441828765,0.06880094768945044,0.05496862800799696,0.5554696718851725,4.924887657165527,0.20204807099849365,1.7913922242370175,0.9999235111444262,0.8250401284109149,0.9952881478796666,1.0,False
